Step,Total Loss,Time,0 Fraction,1 Fraction
1,4.858936881646514e-05,4.628978967666626,0.0,1.0
2,0.10621684789657593,1.203038215637207,0.0,1.0
