Label,Step,Time,FID,Time/Step
a,659 (0),9.382 (0.3415),318.3 (9.165),0.01424 (0.0005182)
ad,17.1 (2.508),0.2468 (0.03865),nan (nan),0.01443 (0.0007836)
s,646.8 (35.94),11.81 (0.6876),176 (3.663),0.01826 (0.0003171)
o,3 (0),0.5236 (0.002018),174.3 (1.568),0.1745 (0.0006728)
os,2.8 (0.4),0.4139 (0.1864),177.1 (4.745),0.1478 (0.06249)
hat,271.4 (115.5),4.345 (1.849),174.8 (1.903),0.01601 (0.0001192)
shat,12.9 (10.93),0.292 (0.2475),176.4 (3.49),0.02264 (0.0003083)
ohat,2.8 (0.4),0.4992 (0.07137),173.4 (1.792),0.1783 (0.00101)
ohatshat,2.9 (0.5385),0.3895 (0.2175),175.2 (2.304),0.1343 (0.06956)
