{
  "Step": 0.0,
  "Reconstruction Loss": NaN,
  "KL Loss": NaN,
  "Uniformity Loss": NaN,
  "Orthogonality Loss": NaN,
  "Total Loss": 4.88402380421371,
  "Time": 0.07249299482678842,
  "Entropy": 0.018246238658649664,
  "Margin": 0.013760166792294418,
  "0 Fraction": 0.029810600044279552,
  "1 Fraction": 0.029810600044279552,
  "FID": 0.7898481487117844,
  "Time/Step": 0.00011000454450195512
}