Step,Total Loss,Time,0 Fraction,1 Fraction
1,0.001534417038783431,1.086482048034668,0.0,1.0
