Step,Total Loss,Time,0 Fraction,1 Fraction
1,0.01570536009967327,7.250938892364502,0.0,1.0
2,0.028211018070578575,15.64101505279541,0.0,1.0
3,0.2155514806509018,33.14588022232056,0.0,1.0
4,0.022257128730416298,33.18442916870117,0.0,1.0
5,0.04929617419838905,33.97444772720337,0.0,1.0
