Step,Total Loss,Time,0 Fraction,1 Fraction
1,0.45581382513046265,4.430577993392944,0.0,1.0
2,0.9116568565368652,26.161378860473633,0.0,1.0
3,3.2696077823638916,26.41407823562622,0.0,1.0
4,0.05289669334888458,14.585386991500854,0.4,0.6
5,0.05259225144982338,17.606950998306274,0.6,0.4
