{
  "Step": 0.0,
  "Total Loss": 0.01966249637371218,
  "Time": 0.018479108810424805,
  "0 Fraction": 0.0,
  "1 Fraction": 0.0,
  "Orthogonality Loss": 0.0,
  "FID": NaN,
  "Time/Step": 0.009239554405212402
}