{
  "Step": 16.1,
  "Reconstruction Loss": NaN,
  "KL Loss": NaN,
  "Uniformity Loss": 9.071966552734375,
  "Orthogonality Loss": NaN,
  "Total Loss": NaN,
  "Time": 0.23279357910156204,
  "Entropy": 0.7572877436876297,
  "Margin": 0.6299615979194642,
  "0 Fraction": 0.53515625,
  "1 Fraction": 0.46484375,
  "FID": NaN,
  "Time/Step": 0.014459228515624969,
  "Original FID": 165.5117645263672
}