{
  "Step": 18.2,
  "Total Loss": 0.0031820512725971193,
  "Time": 6.600214276409148,
  "0 Fraction": 0.876,
  "1 Fraction": 0.12400000000000003,
  "FID": 11.611740575717409,
  "Time/Step": 0.36264913606643673,
  "Final forget fraction": 0.45200000000000007,
  "10-step remainder": 0.45200000000000007,
  "5-step remainder": 0.6340000000000001
}