{
  "Step": 3.57211421989835,
  "Total Loss": 0.001554963384077085,
  "Time": 1.2986829790616239,
  "0 Fraction": 0.030724582991474434,
  "1 Fraction": 0.030724582991474434,
  "FID": 0.6291720124735414,
  "Time/Step": 0.004957314466435718,
  "Final forget fraction": 0.15236797563792728,
  "10-step remainder": 0.15236797563792728,
  "5-step remainder": 0.2008083663595718
}