expr-id,FID
0,173.8942413330078
1,175.5292205810547
2,177.61898803710938
3,175.21249389648438
4,173.0269775390625
5,171.1914825439453
6,175.78985595703125
7,174.20263671875
8,174.2698974609375
9,173.1685791015625
