{
  "Step": 0.0,
  "Reconstruction Loss": 1642.5876507735495,
  "KL Loss": 114.58349821044156,
  "Uniformity Loss": 0.0009194522259926889,
  "Orthogonality Loss": 0.0013532731032715962,
  "Total Loss": 1584.2167896005656,
  "Time": 0.002018391226185695,
  "Entropy": 0.007371216503346791,
  "Margin": 0.0070792402620255875,
  "0 Fraction": 0.0,
  "1 Fraction": 0.0,
  "FID": 1.5684595217862245,
  "Time/Step": 0.0006727970753952318
}