{
  "Step": 1.9,
  "Reconstruction Loss": 42688.734375,
  "KL Loss": 16118.09990234375,
  "Uniformity Loss": 1.0171528965234757,
  "Orthogonality Loss": 0.9859139382839203,
  "Total Loss": 59792.74821562767,
  "Time": 0.05881446361541743,
  "Entropy": 0.06934931017458436,
  "Margin": 0.04412849191576238,
  "0 Fraction": 0.93359375,
  "1 Fraction": 0.06640625,
  "FID": 174.39043731689452,
  "Time/Step": 0.0309549808502197,
  "Original FID": 166.28057861328125
}