{
  "Step": 3.0,
  "Reconstruction Loss": 37977.432291666664,
  "KL Loss": 16043.337239583334,
  "Uniformity Loss": 0.0013314847795602668,
  "Orthogonality Loss": 0.9886571566263834,
  "Total Loss": 55009.42668787638,
  "Time": 0.5282447030584078,
  "Entropy": 0.0176967506607373,
  "Margin": 0.016168506505588667,
  "0 Fraction": 1.0,
  "1 Fraction": 0.0,
  "FID": 174.3293670654297,
  "Time/Step": 0.17608156768613592,
  "Original FID": 165.85166931152344
}