{
  "Step": 3.0,
  "Reconstruction Loss": 39606.9765625,
  "KL Loss": 16013.3974609375,
  "Uniformity Loss": 0.02165064380387771,
  "Orthogonality Loss": 0.9904601454734803,
  "Total Loss": 56610.83416891098,
  "Time": 0.5269928813523335,
  "Entropy": 0.01443008668720717,
  "Margin": 0.01294025592505928,
  "0 Fraction": 0.9984375,
  "1 Fraction": 0.0015625,
  "FID": 174.3293670654297,
  "Time/Step": 0.17566429378411114,
  "Original FID": 165.85166931152344,
  "10-step remainder": 0.0,
  "5-step remainder": 0.0
}