{
  "Step": 0.0,
  "Reconstruction Loss": 2101.3776090557985,
  "KL Loss": 266.3593424630717,
  "Uniformity Loss": 0.05365065404673846,
  "Orthogonality Loss": 0.0025866523919876637,
  "Total Loss": 2195.1293437107292,
  "Time": 0.0027294184320966496,
  "Entropy": 0.006329529688454027,
  "Margin": 0.005545121274920622,
  "0 Fraction": 0.0046875,
  "1 Fraction": 0.004687500000000001,
  "FID": 1.5684595217862245,
  "Time/Step": 0.0009098061440322165,
  "10-step remainder": 0.0,
  "5-step remainder": 0.0
}