{
  "Step": 0.3,
  "Reconstruction Loss": 5803.022290144291,
  "KL Loss": 568.3687200269463,
  "Uniformity Loss": 1.3666705104775954,
  "Orthogonality Loss": 0.008880498767260724,
  "Total Loss": 5656.246983635036,
  "Time": 0.009370046673697735,
  "Entropy": 0.043636115922261215,
  "Margin": 0.024915052863150957,
  "0 Fraction": 0.08785155381558428,
  "1 Fraction": 0.08785155381558428,
  "FID": 1.680351085506173,
  "Time/Step": 0.000649074001091083
}