{
  "Step": 10.7,
  "Total Loss": 0.19555993080139156,
  "Time": 7.622259095978737,
  "0 Fraction": 0.892,
  "1 Fraction": 0.10800000000000001,
  "FID": 12.254233407449902,
  "Time/Step": 0.7123606631755829
}