{
  "Step": 3.1,
  "Total Loss": 0.07687660637789645,
  "Time": 2.21058862827063,
  "0 Fraction": 0.04578209256903839,
  "1 Fraction": 0.04578209256903839,
  "FID": 0.7667806459332257,
  "Time/Step": 0.008991646078769315
}