{
  "Step": 5.8,
  "Total Loss": 0.018593881931155888,
  "Time": 2.0230766142368317,
  "0 Fraction": 0.8879999999999999,
  "1 Fraction": 0.11200000000000002,
  "FID": 13.084833512722204,
  "Time/Step": 0.34880631279945373,
  "Final forget fraction": 0.032,
  "10-step remainder": 0.032,
  "5-step remainder": 0.14000000000000004
}