{
  "Step": 190.63108350948437,
  "Reconstruction Loss": 60485.12290926858,
  "KL Loss": 551.6981349796027,
  "Uniformity Loss": 0.23378717301041502,
  "Orthogonality Loss": 0.128645348084745,
  "Total Loss": 60976.47743771839,
  "Time": 0.9632732732449317,
  "Entropy": 0.04361239466270734,
  "Margin": 0.04337289798070267,
  "0 Fraction": 0.038976467760207564,
  "1 Fraction": 0.00234375,
  "2 Fraction": 0.02370936078983362,
  "3 Fraction": 0.058614579630945914,
  "4 Fraction": 0.03563904602486576,
  "5 Fraction": 0.1354539712238534,
  "6 Fraction": 0.1099760272172986,
  "7 Fraction": 0.12012210990930229,
  "8 Fraction": 0.08432072907395013,
  "9 Fraction": 0.04189714899309976,
  "FID": 19.300336571922198,
  "Time/Step": 0.0002217720218703679
}