{
  "Step": 5.0,
  "Reconstruction Loss": 24693.16171875,
  "KL Loss": 812.138623046875,
  "Uniformity Loss": 0.3180971086025238,
  "Orthogonality Loss": 0.23577705584466457,
  "Total Loss": 25505.300341796876,
  "Time": 0.02452313899993875,
  "Entropy": 0.419376802444458,
  "Margin": 0.42958112359046935,
  "0 Fraction": 0.103125,
  "1 Fraction": 0.01015625,
  "2 Fraction": 0.0609375,
  "3 Fraction": 0.1203125,
  "4 Fraction": 0.134375,
  "5 Fraction": 0.01328125,
  "6 Fraction": 0.13984375,
  "7 Fraction": 0.06640625,
  "8 Fraction": 0.2265625,
  "9 Fraction": 0.125,
  "FID": 266.9102813720703,
  "Time/Step": 0.00490462779998775,
  "Original FID": 20.472009658813477
}