{
  "Step": 143.7,
  "Reconstruction Loss": 95393.183203125,
  "KL Loss": 1352.7499755859376,
  "Uniformity Loss": 0.6554811358451843,
  "Orthogonality Loss": 0.12138981490279546,
  "Total Loss": 96745.93317871094,
  "Time": 0.7250294137000972,
  "Entropy": 0.37783958911895754,
  "Margin": 0.394984570145607,
  "0 Fraction": 0.08671875,
  "1 Fraction": 0.02421875,
  "2 Fraction": 0.03359375,
  "3 Fraction": 0.06328125,
  "4 Fraction": 0.11953125,
  "5 Fraction": 0.11484375,
  "6 Fraction": 0.25625,
  "7 Fraction": 0.10390625,
  "8 Fraction": 0.14140625,
  "9 Fraction": 0.05625,
  "FID": 266.9102813720703,
  "Time/Step": 0.00504543781280513,
  "Original FID": 20.472009658813477
}