{
  "Step": 1.2649110640673518,
  "Reconstruction Loss": 1746.2205210787502,
  "KL Loss": 13.033925337135697,
  "Uniformity Loss": 0.048943911191084315,
  "Orthogonality Loss": 0.12039770890787474,
  "Total Loss": 1755.5357057860301,
  "Time": 0.006243323899073239,
  "Entropy": 0.03452127555957174,
  "Margin": 0.02214725105393301,
  "0 Fraction": 0.031014739439498763,
  "1 Fraction": 0.0035801372616842495,
  "2 Fraction": 0.0225888004606265,
  "3 Fraction": 0.018221724671391562,
  "4 Fraction": 0.028125,
  "5 Fraction": 0.010510643786776335,
  "6 Fraction": 0.03133776737520559,
  "7 Fraction": 0.018895916597574725,
  "8 Fraction": 0.02591113117465156,
  "9 Fraction": 0.027510651346342202,
  "FID": 19.300336571922198,
  "Time/Step": 0.00013579273493123748
}