Step,Method,Update,Reconstruction Loss,KL Loss,Uniformity Loss,Orthogonality Loss,Total Loss,Gradient Dot Product,Retain Gradient Norm,Forget Gradient Norm,Cosine Similarity,Cosine Distance,Time,0 Fraction,1 Fraction,2 Fraction,3 Fraction,4 Fraction,5 Fraction,6 Fraction,7 Fraction,8 Fraction,9 Fraction
1,UNO,UNO,46600.5625,1469.882080078125,0.7663294076919556,0.0019161048112437,22372.421875,79781264.0,19648.888671875,92758.421875,0.0437733344733715,0.956226646900177,0.0279540829942561,0.078125,0.0625,0.1015625,0.1328125,0.09375,0.015625,0.125,0.0703125,0.2109375,0.109375
2,UNO,UNO,46438.8125,1460.8035888671875,0.6788533926010132,0.0723918229341507,21925.978515625,-916190720.0,43382.73046875,78491.796875,-0.2690572738647461,1.269057273864746,0.0150181250064633,0.0703125,0.0546875,0.1015625,0.1328125,0.109375,0.0234375,0.1328125,0.0703125,0.2109375,0.09375
3,UNO,UNO,48423.1796875,1464.4058837890625,0.631615936756134,0.0654188022017479,20992.2734375,519169984.0,19005.13671875,106803.9453125,0.2557709813117981,0.7442290186882019,0.0143578750139568,0.0703125,0.0546875,0.1015625,0.125,0.109375,0.0234375,0.1328125,0.0703125,0.2109375,0.1015625
4,UNO,UNO,47955.6875,1467.8731689453125,0.5925915837287903,0.0357931666076183,20455.73046875,246525504.0,13011.0078125,100149.9921875,0.1891908198595047,0.8108091950416565,0.0144725420104805,0.0703125,0.046875,0.1015625,0.140625,0.1015625,0.015625,0.1328125,0.0703125,0.203125,0.1171875
5,UNO,UNO,47489.5390625,1466.6748046875,0.5601139068603516,0.1439566165208816,20769.439453125,-953674496.0,26556.396484375,94648.8359375,-0.3794161379337311,1.3794161081314087,0.0133635420061182,0.0859375,0.046875,0.1015625,0.140625,0.09375,0.0078125,0.1328125,0.0703125,0.1953125,0.125
6,UNO,UNO,47679.765625,1474.20361328125,0.5318191051483154,0.1141936033964157,20498.611328125,-591229568.0,21465.7890625,81505.7734375,-0.3379254341125488,1.3379254341125488,0.0130248749919701,0.1015625,0.046875,0.1015625,0.140625,0.078125,0.0078125,0.1171875,0.0703125,0.1953125,0.140625
7,UNO,UNO,48003.84375,1483.0205078125,0.5204302072525024,0.0084039168432354,20178.205078125,135169472.0,18612.384765625,79220.1796875,0.0916728749871254,0.9083271026611328,0.0136633749934844,0.09375,0.046875,0.1015625,0.1484375,0.078125,0.0078125,0.1171875,0.0703125,0.1953125,0.140625
8,UNO,UNO,48008.359375,1490.055419921875,0.5158199071884155,0.0859948322176933,20134.125,428403168.0,19100.0703125,76485.9296875,0.2932487428188324,0.7067512273788452,0.0134720409987494,0.078125,0.046875,0.1015625,0.15625,0.078125,0.015625,0.125,0.0703125,0.1875,0.140625
9,UNO,UNO,47541.734375,1496.7904052734375,0.525056779384613,0.1539797484874725,19954.6640625,354618496.0,12145.9091796875,74404.5625,0.3924025297164917,0.6075974702835083,0.0127592080098111,0.0703125,0.046875,0.1015625,0.15625,0.078125,0.015625,0.1328125,0.0703125,0.1875,0.140625
10,UNO,UNO,46128.2734375,1501.8294677734375,0.5441226363182068,0.0980604514479637,19878.361328125,-245408160.0,11945.037109375,65607.6640625,-0.3131460547447204,1.3131461143493652,0.0130781659972853,0.0625,0.046875,0.1015625,0.1640625,0.078125,0.015625,0.140625,0.0703125,0.1796875,0.140625
11,UNO,UNO,46229.58203125,1509.136962890625,0.5614044666290283,0.004547044634819,19828.96875,-67446912.0,16983.580078125,58893.62109375,-0.0674317777156829,1.0674318075180054,0.0127069159934762,0.0625,0.046875,0.1015625,0.1640625,0.0703125,0.015625,0.140625,0.0703125,0.1796875,0.1484375
12,UNO,UNO,46093.015625,1516.118408203125,0.5832855105400085,0.0029038079082965,19717.533203125,53605928.0,17880.365234375,55635.56640625,0.053886990994215,0.9461129903793336,0.0127242500020656,0.0625,0.046875,0.1015625,0.15625,0.0703125,0.015625,0.140625,0.0703125,0.1875,0.1484375
13,UNO,UNO,45759.8515625,1519.8931884765625,0.6009683012962341,8.497976523358375e-05,19487.810546875,6108292.0,11873.1357421875,55808.03125,0.0092184469103813,0.990781545639038,0.0128433750069234,0.0625,0.046875,0.1015625,0.15625,0.0703125,0.015625,0.140625,0.0703125,0.1875,0.1484375
14,UNO,UNO,45947.546875,1520.877685546875,0.6122934818267822,0.0238699074834585,19412.57421875,70913160.0,9110.578125,50379.6875,0.154498890042305,0.8455011248588562,0.0139535409980453,0.0625,0.046875,0.1015625,0.1640625,0.0703125,0.015625,0.140625,0.0703125,0.1796875,0.1484375
15,UNO,UNO,45452.21875,1520.3115234375,0.6177243590354919,0.108143463730812,19427.845703125,-160115568.0,10057.9033203125,48408.98828125,-0.3288517296314239,1.3288516998291016,0.0129669169837143,0.078125,0.046875,0.1015625,0.1640625,0.0703125,0.015625,0.125,0.0703125,0.1796875,0.1484375
16,UNO,UNO,45865.1171875,1518.72802734375,0.6157039403915405,5.065527511760593e-05,19396.2265625,-6412088.5,18486.0546875,48735.234375,-0.0071172518655657,1.0071172714233398,0.0129068329988513,0.078125,0.046875,0.1015625,0.1640625,0.0703125,0.015625,0.125,0.0703125,0.1796875,0.1484375
17,UNO,UNO,46213.92578125,1518.2369384765625,0.6030441522598267,0.0121495360508561,19355.869140625,94842376.0,18376.587890625,46822.828125,0.1102249324321746,0.8897750377655029,0.0129149589920416,0.0859375,0.046875,0.1015625,0.1640625,0.0703125,0.015625,0.1171875,0.0703125,0.1796875,0.1484375
18,UNO,UNO,45979.96875,1518.640625,0.5858649015426636,0.0325374417006969,19230.693359375,107806024.0,11965.6015625,49947.84375,0.1803813725709915,0.8196186423301697,0.0128425419970881,0.1015625,0.046875,0.1015625,0.1640625,0.0546875,0.0078125,0.109375,0.0703125,0.1875,0.15625
19,UNO,UNO,45861.21875,1520.23486328125,0.5636913180351257,0.0031066078227013,19093.470703125,16130398.0,6780.123046875,42683.91796875,0.0557369515299797,0.9442630410194396,0.0126587080012541,0.1015625,0.046875,0.1015625,0.1640625,0.046875,0.0078125,0.109375,0.0703125,0.1875,0.1640625
20,UNO,UNO,45527.26171875,1521.923828125,0.5473092198371887,0.0653609707951545,19185.279296875,-130504984.0,12359.40625,41301.92578125,-0.2556579113006592,1.2556579113006592,0.0129789999919012,0.09375,0.0390625,0.1015625,0.1640625,0.046875,0.0078125,0.1171875,0.0703125,0.1953125,0.1640625
21,UNO,UNO,45759.18359375,1524.276123046875,0.5339959263801575,0.0013697281247004,19098.767578125,-21439774.0,14751.2666015625,39271.1484375,-0.0370098389685153,1.037009835243225,0.0142754589905962,0.078125,0.0390625,0.1015625,0.1640625,0.0546875,0.015625,0.125,0.0625,0.1953125,0.1640625
22,UNO,UNO,45553.3125,1524.62744140625,0.534465491771698,0.0262232962995767,19060.25,100881536.0,15039.9267578125,41421.16796875,0.1619360893964767,0.8380638957023621,0.0133245830074884,0.078125,0.0390625,0.1015625,0.1640625,0.0546875,0.015625,0.125,0.0703125,0.203125,0.1484375
23,UNO,UNO,45839.40234375,1521.979248046875,0.5496318340301514,0.0120482854545116,18985.12109375,65548820.0,13356.5263671875,44710.41796875,0.1097646802663803,0.8902353048324585,0.0129949999973177,0.078125,0.046875,0.1015625,0.1640625,0.0546875,0.015625,0.125,0.0625,0.1953125,0.15625
24,UNO,UNO,45395.18359375,1519.263427734375,0.5704211592674255,0.0459361299872398,18921.552734375,-66802160.0,6790.0615234375,45902.83984375,-0.2143271565437317,1.214327096939087,0.0131096249970141,0.078125,0.0546875,0.1015625,0.1640625,0.0546875,0.015625,0.125,0.0625,0.1875,0.15625
25,UNO,UNO,45906.96875,1516.81689453125,0.5746791958808899,0.0096718594431877,18870.119140625,53157288.0,10221.14453125,52882.05859375,0.0983456149697303,0.9016543626785278,0.0134314999741036,0.0703125,0.0546875,0.1015625,0.1640625,0.0625,0.015625,0.1328125,0.0625,0.1875,0.1484375
26,UNO,UNO,46022.08984375,1514.2880859375,0.5707597732543945,0.0471165068447589,18963.666015625,175969456.0,14205.099609375,57069.8125,0.2170633673667907,0.7829366326332092,0.0132426670170389,0.078125,0.0546875,0.1015625,0.1640625,0.0625,0.015625,0.125,0.0625,0.1875,0.1484375
27,UNO,UNO,46172.1171875,1513.517333984375,0.5586811304092407,0.001962148817256,18875.185546875,-44552232.0,17443.849609375,57658.19921875,-0.0442961491644382,1.044296145439148,0.0138584999949671,0.078125,0.0546875,0.1015625,0.1640625,0.0625,0.015625,0.125,0.0625,0.1875,0.1484375
28,UNO,UNO,45776.98046875,1513.945556640625,0.5421959161758423,0.0472628735005855,18802.08984375,-77354320.0,7087.01806640625,50206.625,-0.2174002528190612,1.217400312423706,0.0138357920222915,0.078125,0.0546875,0.1015625,0.1640625,0.0625,0.015625,0.125,0.0625,0.1875,0.1484375
29,UNO,UNO,46414.19921875,1514.70849609375,0.5184394121170044,0.1930755972862243,18919.69140625,197673312.0,7462.10986328125,60286.8671875,0.4394036829471588,0.5605963468551636,0.0133739580051042,0.078125,0.0390625,0.1015625,0.1640625,0.0546875,0.015625,0.125,0.0703125,0.203125,0.1484375
30,UNO,UNO,45963.9609375,1514.6650390625,0.5064674019813538,0.0549035631120204,18782.58984375,-91471000.0,7957.369140625,49058.4375,-0.2343150973320007,1.2343151569366455,0.0140009580063633,0.078125,0.0390625,0.1015625,0.1640625,0.0546875,0.015625,0.125,0.0703125,0.203125,0.1484375
31,UNO,UNO,46275.47265625,1514.350341796875,0.4977892637252807,0.0001020615090965,18733.810546875,4653451.0,9001.0390625,51174.26171875,0.0101025495678186,0.9898974299430848,0.0136615410156082,0.078125,0.0390625,0.1015625,0.1640625,0.046875,0.0078125,0.1328125,0.0703125,0.203125,0.15625
32,UNO,UNO,46330.9140625,1513.76220703125,0.4984242916107178,0.0117548126727342,18788.904296875,76593184.0,13796.8642578125,51203.765625,0.1084196120500564,0.8915804028511047,0.01402441697428,0.078125,0.0390625,0.1015625,0.1640625,0.046875,0.0078125,0.1328125,0.0703125,0.203125,0.15625
33,UNO,UNO,46361.7265625,1514.7835693359375,0.5106099843978882,0.0031679004896432,18664.294921875,-23977816.0,8239.3447265625,51704.83984375,-0.0562841035425663,1.0562840700149536,0.0135132909927051,0.0859375,0.0390625,0.1015625,0.1640625,0.046875,0.0078125,0.125,0.0703125,0.203125,0.15625
34,UNO,UNO,46009.65234375,1515.6689453125,0.5233365297317505,0.0566800870001316,18686.27734375,-64142772.0,5773.71484375,46663.4765625,-0.2380757927894592,1.2380757331848145,0.0143537090043537,0.09375,0.0390625,0.1015625,0.1640625,0.046875,0.0078125,0.1171875,0.0703125,0.203125,0.15625
35,UNO,UNO,46681.046875,1518.087890625,0.5234025716781616,0.2342189997434616,18921.447265625,288747456.0,11757.771484375,50743.6953125,0.4839617609977722,0.5160382390022278,0.0143194170086644,0.09375,0.0390625,0.1015625,0.1640625,0.046875,0.0078125,0.1171875,0.0703125,0.203125,0.15625
36,UNO,UNO,46528.3671875,1519.696533203125,0.5329300165176392,0.2654426693916321,18929.53125,315828384.0,12571.1572265625,48763.01171875,0.515211284160614,0.484788715839386,0.013375749986153,0.09375,0.0390625,0.1015625,0.1640625,0.046875,0.0078125,0.1171875,0.0703125,0.203125,0.15625
37,UNO,UNO,46012.953125,1519.68115234375,0.5447468161582947,0.1629247516393661,18794.58203125,222244784.0,12457.9033203125,44197.03125,0.4036393761634826,0.5963606238365173,0.0131766670092474,0.09375,0.0390625,0.1015625,0.1640625,0.046875,0.0078125,0.1171875,0.0703125,0.203125,0.15625
38,UNO,UNO,45631.1796875,1518.844482421875,0.5580922365188599,0.0534285642206668,18668.08984375,-102813168.0,11340.650390625,39221.48046875,-0.2311462014913559,1.231146216392517,0.013620624988107,0.09375,0.046875,0.1015625,0.1640625,0.046875,0.0078125,0.1171875,0.0703125,0.1953125,0.15625
39,UNO,UNO,45565.0078125,1519.52392578125,0.5550413131713867,0.0877369195222854,18731.98828125,-159533136.0,13791.5673828125,39052.25390625,-0.2962041795253753,1.2962042093276978,0.0131972090166527,0.09375,0.046875,0.1015625,0.1640625,0.046875,0.0078125,0.1171875,0.0703125,0.1953125,0.15625
40,UNO,UNO,45584.1953125,1520.027587890625,0.5442111492156982,0.0957256481051445,18690.3828125,-146545904.0,12313.5517578125,38465.921875,-0.3093956112861633,1.3093955516815186,0.0131738749914802,0.09375,0.046875,0.1015625,0.1640625,0.046875,0.0078125,0.1171875,0.0703125,0.1953125,0.15625
41,UNO,UNO,46735.0234375,1521.547119140625,0.5269842147827148,0.1580530852079391,18819.833984375,251073056.0,11115.3037109375,56816.85546875,0.3975588977336883,0.6024410724639893,0.0129338330007158,0.09375,0.046875,0.1015625,0.171875,0.046875,0.0078125,0.1171875,0.0703125,0.1875,0.15625
42,UNO,UNO,47450.41796875,1524.5804443359375,0.5188786387443542,0.1310241371393203,18702.26953125,194920368.0,9742.3037109375,55273.8828125,0.3619725406169891,0.6380274295806885,0.0137165000196546,0.09375,0.046875,0.1015625,0.171875,0.046875,0.0078125,0.1171875,0.0703125,0.1875,0.15625
43,UNO,UNO,47600.109375,1525.80322265625,0.5189221501350403,0.0732889100909233,18645.642578125,127393552.0,8589.609375,54784.14453125,0.2707192301750183,0.7292807698249817,0.0133424579980783,0.09375,0.0390625,0.1015625,0.1640625,0.046875,0.0078125,0.1171875,0.0703125,0.203125,0.15625
44,UNO,UNO,47804.2578125,1529.41259765625,0.5219002962112427,0.025425000116229,18587.11328125,-115905696.0,12958.287109375,56095.33984375,-0.1594521850347519,1.159452199935913,0.0131809999875258,0.09375,0.0390625,0.1015625,0.1640625,0.046875,0.0078125,0.1171875,0.0703125,0.203125,0.15625
45,UNO,UNO,47758.55859375,1533.0263671875,0.5247073769569397,0.0516097918152809,18650.69140625,-167129712.0,15290.0732421875,48114.73046875,-0.2271778881549835,1.2271778583526611,0.0130984169954899,0.09375,0.0390625,0.1015625,0.1640625,0.046875,0.0078125,0.1171875,0.0703125,0.203125,0.15625
46,UNO,UNO,48389.44140625,1537.6668701171875,0.5231093168258667,0.0292581748217344,18692.052734375,-131391416.0,15991.330078125,48035.10546875,-0.1710502058267593,1.171050190925598,0.0130697920103557,0.09375,0.0390625,0.1015625,0.1640625,0.046875,0.0078125,0.1171875,0.0703125,0.203125,0.15625
47,UNO,UNO,48254.12109375,1544.872802734375,0.5192372798919678,0.0060530006885528,18587.412109375,-46390756.0,13604.892578125,43827.9296875,-0.0778010338544845,1.077800989151001,0.0134104999888222,0.09375,0.0390625,0.1015625,0.1640625,0.046875,0.0078125,0.1171875,0.0703125,0.203125,0.15625
48,UNO,UNO,48394.7421875,1552.961181640625,0.5112379193305969,0.0020207725465297,18540.94140625,21188232.0,10755.8720703125,43821.828125,0.0449530035257339,0.9550470113754272,0.0129408750217407,0.09375,0.0390625,0.1015625,0.1640625,0.046875,0.0078125,0.1171875,0.0703125,0.203125,0.15625
49,UNO,UNO,48798.51171875,1560.337890625,0.5040429830551147,0.0098098926246166,18551.951171875,51894416.0,12352.72265625,42415.62109375,0.0990449041128158,0.900955080986023,0.0142855840094853,0.09375,0.0390625,0.1015625,0.1640625,0.046875,0.0078125,0.1171875,0.0703125,0.203125,0.15625
50,UNO,UNO,48372.265625,1565.6776123046875,0.495847225189209,0.0182299427688121,18492.4375,65264236.0,10392.806640625,46510.3671875,0.135018303990364,0.8649817109107971,0.0128203330095857,0.09375,0.0390625,0.1015625,0.171875,0.046875,0.0078125,0.1171875,0.0703125,0.1953125,0.15625
51,UNO,UNO,48425.24609375,1568.767822265625,0.4875694215297699,0.0025154298637062,18418.923828125,19466924.0,8233.4482421875,47142.1640625,0.0501540601253509,0.9498459100723268,0.0130392919818405,0.09375,0.0390625,0.1015625,0.171875,0.046875,0.0078125,0.1171875,0.0703125,0.1953125,0.15625
52,UNO,UNO,48145.3671875,1569.97607421875,0.4812018275260925,2.361178667342756e-05,18394.466796875,-1571060.0,6555.328125,49321.2265625,-0.0048591960221529,1.004859209060669,0.0131446669984143,0.09375,0.0390625,0.1015625,0.171875,0.046875,0.0078125,0.1171875,0.0703125,0.1953125,0.15625
53,UNO,UNO,48174.390625,1570.51318359375,0.477800190448761,0.0048322002403438,18402.21484375,-31901118.0,9264.3427734375,49535.7734375,-0.0695140287280082,1.0695140361785889,0.0130424999806564,0.09375,0.0390625,0.1015625,0.171875,0.046875,0.0078125,0.1171875,0.0703125,0.1953125,0.15625
54,UNO,UNO,48036.88671875,1570.7451171875,0.4752240180969238,0.0096948705613613,18418.291015625,-38140936.0,8367.0498046875,46296.484375,-0.0984625294804573,1.0984625816345217,0.0131499580165836,0.0859375,0.0390625,0.1015625,0.171875,0.046875,0.0078125,0.125,0.0703125,0.1953125,0.15625
55,UNO,UNO,48450.8515625,1570.7752685546875,0.4750126898288727,0.0002077731624012,18393.80859375,6204751.0,8668.6064453125,49656.99609375,0.0144143383949995,0.9855856895446776,0.013036833028309,0.0859375,0.0390625,0.1015625,0.171875,0.046875,0.0078125,0.125,0.0703125,0.1953125,0.15625
56,UNO,UNO,48352.21484375,1571.00927734375,0.4787601828575134,0.0137189216911792,18419.0234375,40062708.0,7347.67919921875,46551.125,0.1171277984976768,0.8828722238540649,0.0139820420008618,0.0859375,0.0390625,0.1015625,0.171875,0.046875,0.0078125,0.125,0.0703125,0.1953125,0.15625
57,UNO,UNO,48435.02734375,1572.0745849609375,0.48369300365448,0.0056070485152304,18340.890625,-24432492.0,6533.609375,49939.8828125,-0.074880227446556,1.0748802423477173,0.0130829169938806,0.0859375,0.0390625,0.1015625,0.171875,0.046875,0.0078125,0.125,0.0703125,0.1953125,0.15625
58,UNO,UNO,48618.69140625,1572.8779296875,0.4880065619945526,0.0091213835403323,18343.658203125,30535802.0,6097.125,52438.94140625,0.0955059304833412,0.904494047164917,0.0130452500015962,0.09375,0.0390625,0.1015625,0.171875,0.046875,0.0078125,0.1171875,0.0703125,0.1953125,0.15625
59,UNO,UNO,48641.0078125,1572.64599609375,0.4933575689792633,0.0040497914887964,18384.392578125,-21391782.0,6585.337890625,51044.91796875,-0.0636379718780517,1.0636379718780518,0.0133359169994946,0.09375,0.0390625,0.1015625,0.171875,0.046875,0.0078125,0.1171875,0.0703125,0.1953125,0.15625
60,UNO,UNO,48382.65625,1574.808837890625,0.5001925230026245,0.0017160332063212,18314.521484375,14938121.0,6737.48828125,53522.34765625,0.0414250306785106,0.9585749506950378,0.0133828750113025,0.09375,0.0390625,0.1015625,0.171875,0.046875,0.0078125,0.1171875,0.0703125,0.1953125,0.15625
61,UNO,UNO,48474.1171875,1575.9951171875,0.5071291923522949,0.0065969126299023,18306.419921875,-22086328.0,5241.5107421875,51879.609375,-0.0812213793396949,1.081221342086792,0.0131706250249408,0.09375,0.0390625,0.1015625,0.171875,0.046875,0.0078125,0.1171875,0.0703125,0.1953125,0.15625
62,UNO,UNO,48494.78515625,1576.85791015625,0.5071895718574524,0.0022357492707669,18271.296875,-13523094.0,5343.95263671875,53518.25,-0.0472837090492248,1.04728364944458,0.0127979170065373,0.09375,0.0390625,0.1015625,0.171875,0.046875,0.0078125,0.1171875,0.0703125,0.1953125,0.15625
63,UNO,UNO,48415.890625,1577.9365234375,0.5013568997383118,0.0132902972400188,18253.5390625,32744246.0,5038.89794921875,56367.921875,0.1152835488319397,0.8847164511680603,0.0134955829998943,0.09375,0.0390625,0.1015625,0.171875,0.046875,0.0078125,0.1171875,0.0703125,0.1953125,0.15625
64,UNO,UNO,48282.77734375,1577.975830078125,0.4936813116073608,0.0476975031197071,18291.3125,56730048.0,4865.7490234375,53384.55859375,0.2183975726366043,0.7816024422645569,0.0129254999919794,0.09375,0.0390625,0.1015625,0.171875,0.046875,0.015625,0.1171875,0.0703125,0.1875,0.15625
65,UNO,UNO,48029.7109375,1578.2315673828125,0.4909448325634002,0.0690901204943656,18342.193359375,-128124464.0,9774.3359375,49869.70703125,-0.2628499865531921,1.262850046157837,0.0131196669826749,0.09375,0.0390625,0.1015625,0.171875,0.046875,0.015625,0.1171875,0.0703125,0.1875,0.15625
66,UNO,UNO,47810.3046875,1576.91259765625,0.482491135597229,0.0736713632941246,18379.798828125,-155797552.0,11669.7275390625,49187.01953125,-0.2714246809482574,1.271424651145935,0.0132379579881671,0.09375,0.0390625,0.1015625,0.171875,0.046875,0.015625,0.1171875,0.0703125,0.1875,0.15625
67,UNO,UNO,48276.265625,1574.256591796875,0.4705284833908081,0.0189791060984134,18300.00390625,-90326760.0,12467.044921875,52591.4296875,-0.1377646774053573,1.1377646923065186,0.0134722079965285,0.09375,0.0390625,0.1015625,0.171875,0.046875,0.015625,0.1171875,0.0703125,0.1875,0.15625
68,UNO,UNO,48570.06640625,1570.52099609375,0.4607495963573456,0.0008803789387457,18234.32421875,-15918840.0,9430.083984375,56893.27734375,-0.0296711791306734,1.0296711921691897,0.012972541997442,0.09375,0.0390625,0.1015625,0.171875,0.046875,0.015625,0.1171875,0.0703125,0.1875,0.15625
69,UNO,UNO,48766.359375,1567.662109375,0.4560986757278442,0.0812725201249122,18306.337890625,143821792.0,8772.388671875,57508.890625,0.2850833535194397,0.7149166464805603,0.0134912909998092,0.0859375,0.0390625,0.1015625,0.171875,0.046875,0.015625,0.125,0.0703125,0.1875,0.15625
70,UNO,UNO,48728.59375,1566.9429931640625,0.4557946622371673,0.0523207187652587,18216.814453125,91161800.0,6917.947265625,57610.125,0.2287372201681137,0.7712627649307251,0.0135524159995839,0.0859375,0.0390625,0.1015625,0.171875,0.046875,0.0078125,0.125,0.0703125,0.1953125,0.15625
71,UNO,UNO,48411.4765625,1565.4454345703125,0.4580692052841186,0.0126547683030366,18179.650390625,-40060176.0,6443.0712890625,55270.4140625,-0.11249341070652,1.1124933958053589,0.0129925000073853,0.0859375,0.0390625,0.1015625,0.171875,0.046875,0.0078125,0.125,0.0703125,0.1953125,0.15625
72,UNO,UNO,48257.48828125,1563.60302734375,0.4599141180515289,0.0496090166270732,18254.419921875,-78033416.0,6562.84326171875,53383.6484375,-0.222730815410614,1.2227308750152588,0.013056083000265,0.078125,0.0390625,0.1015625,0.171875,0.046875,0.0078125,0.1328125,0.0703125,0.1953125,0.15625
73,UNO,UNO,48485.0625,1561.9998779296875,0.4597242772579193,0.0014364292146638,18146.51953125,-14279358.0,6961.2109375,54122.984375,-0.0379002541303634,1.03790020942688,0.0130992920021526,0.09375,0.0390625,0.1015625,0.171875,0.046875,0.0078125,0.1171875,0.0703125,0.1953125,0.15625
74,UNO,UNO,48845.12109375,1560.1904296875,0.4530283808708191,0.0934774577617645,18257.2421875,176103152.0,10454.0126953125,55097.34765625,0.3057408332824707,0.6942591667175293,0.0132677920046262,0.1015625,0.0390625,0.1015625,0.171875,0.046875,0.0078125,0.109375,0.0703125,0.1953125,0.15625
75,UNO,UNO,48295.0390625,1559.0107421875,0.4470973610877991,0.0822955444455146,18205.806640625,128606320.0,8394.033203125,53407.6328125,0.286871999502182,0.7131279706954956,0.0130451250006444,0.1015625,0.03125,0.1015625,0.171875,0.046875,0.0078125,0.109375,0.0703125,0.203125,0.15625
76,UNO,UNO,48299.5,1558.4234619140625,0.4452337026596069,0.0095618851482868,18142.599609375,-35465644.0,6331.75537109375,57281.1953125,-0.0977848917245864,1.0977848768234253,0.0130264159815851,0.09375,0.03125,0.1015625,0.171875,0.046875,0.015625,0.1171875,0.0703125,0.1953125,0.15625
77,UNO,UNO,48280.4609375,1559.756591796875,0.447913646697998,6.53964434604859e-06,18126.21484375,-1000498.6875,7046.4384765625,55522.8671875,-0.0025572727899998,1.0025572776794434,0.0138809579948429,0.09375,0.03125,0.1015625,0.171875,0.046875,0.015625,0.1171875,0.0703125,0.1953125,0.15625
78,UNO,UNO,48463.796875,1561.8648681640625,0.452936440706253,0.0536888763308525,18158.240234375,-63750360.0,4938.17236328125,55715.2734375,-0.2317086011171341,1.2317086458206177,0.0129312089993618,0.09375,0.03125,0.1015625,0.171875,0.046875,0.015625,0.1171875,0.0703125,0.1953125,0.15625
79,UNO,UNO,48591.20703125,1564.97314453125,0.4563993513584137,0.0351186841726303,18149.056640625,87159168.0,8325.84375,55861.90234375,0.1873997896909713,0.8126001954078674,0.0130580829863902,0.078125,0.03125,0.1015625,0.171875,0.046875,0.015625,0.1328125,0.0703125,0.1953125,0.15625
80,UNO,UNO,49000.046875,1566.456298828125,0.4591091573238373,0.0479622669517993,18212.978515625,141712032.0,11538.9951171875,56077.52734375,0.2190028876066208,0.780997097492218,0.0133235829998739,0.078125,0.03125,0.1015625,0.171875,0.046875,0.015625,0.1328125,0.0703125,0.1953125,0.15625
81,UNO,UNO,48877.3125,1569.0010986328125,0.4589434862136841,0.0444539375603199,18170.509765625,98206128.0,8658.404296875,53795.453125,0.2108410149812698,0.7891589999198914,0.0129371249931864,0.078125,0.03125,0.1015625,0.171875,0.046875,0.015625,0.1328125,0.0703125,0.1953125,0.15625
82,UNO,UNO,48877.27734375,1573.09912109375,0.4561154842376709,0.0282103940844535,18086.396484375,-47070580.0,4802.97900390625,58349.125,-0.1679594963788986,1.167959451675415,0.0129805409815162,0.078125,0.03125,0.1015625,0.171875,0.046875,0.015625,0.1328125,0.0703125,0.1953125,0.15625
83,UNO,UNO,48892.78125,1574.922119140625,0.451393574476242,0.0739003643393516,18136.783203125,-84308056.0,5461.333984375,56786.75,-0.271846204996109,1.2718461751937866,0.0128915420209523,0.078125,0.03125,0.1015625,0.171875,0.046875,0.015625,0.1328125,0.0703125,0.1953125,0.15625
84,UNO,UNO,49281.578125,1575.0040283203125,0.4416677057743072,0.0366463065147399,18181.626953125,108057760.0,9904.5458984375,56991.0,0.191432237625122,0.8085677623748779,0.0133335419814102,0.078125,0.03125,0.1015625,0.171875,0.046875,0.015625,0.1328125,0.0703125,0.1953125,0.15625
85,UNO,UNO,49488.2109375,1579.2415771484375,0.4317240118980407,0.0807290002703666,18178.8515625,185287824.0,11407.2998046875,57167.49609375,0.2841284871101379,0.7158715128898621,0.0131771249871235,0.078125,0.03125,0.1015625,0.171875,0.046875,0.015625,0.1328125,0.0703125,0.1953125,0.15625
86,UNO,UNO,49079.80859375,1584.2171630859375,0.4255687892436981,0.0398059077560901,18080.20703125,75840816.0,6683.767578125,56873.22265625,0.1995141804218292,0.8004858493804932,0.0133793750137556,0.0859375,0.0234375,0.1015625,0.171875,0.046875,0.015625,0.125,0.0703125,0.203125,0.15625
87,UNO,UNO,48989.03125,1588.99951171875,0.4241856038570404,0.0582546219229698,18121.654296875,-97172120.0,7467.45458984375,53914.2890625,-0.2413599342107772,1.2413599491119385,0.0129864170157816,0.09375,0.0234375,0.1015625,0.171875,0.046875,0.015625,0.1171875,0.0703125,0.203125,0.15625
88,UNO,UNO,48859.1875,1592.17041015625,0.4280082881450653,0.0529574938118457,18146.849609375,-147768368.0,11265.35546875,56999.73828125,-0.2301249504089355,1.2301249504089355,0.0132064579811412,0.09375,0.0234375,0.1015625,0.171875,0.046875,0.015625,0.1171875,0.0703125,0.203125,0.15625
89,UNO,UNO,49112.25,1594.28076171875,0.4351291358470917,0.0073568332009017,18076.7890625,-62126824.0,13241.0439453125,54703.02734375,-0.0857719853520393,1.0857720375061035,0.0339144999743439,0.09375,0.03125,0.1015625,0.171875,0.046875,0.015625,0.1171875,0.0703125,0.1953125,0.15625
90,UNO,UNO,49264.77734375,1595.5333251953125,0.4451019763946533,0.0468144379556179,18090.05078125,134034208.0,10078.947265625,61462.546875,0.2163664400577545,0.7836335897445679,0.0134904169826768,0.1015625,0.03125,0.1015625,0.171875,0.046875,0.015625,0.109375,0.0703125,0.1953125,0.15625
91,UNO,UNO,49352.40234375,1597.420166015625,0.4500835537910461,0.0061456994153559,18034.37890625,37630652.0,8543.8427734375,56182.734375,0.0783945098519325,0.9216054677963256,0.0147873750247526,0.1015625,0.03125,0.1015625,0.171875,0.046875,0.015625,0.109375,0.0703125,0.1953125,0.15625
92,UNO,UNO,49324.9765625,1598.79638671875,0.453218549489975,0.03275116533041,18010.435546875,44097628.0,4103.59765625,59379.57421875,0.1809728294610977,0.8190271854400635,0.0157145830162335,0.1015625,0.03125,0.1015625,0.171875,0.046875,0.015625,0.109375,0.0703125,0.1953125,0.15625
93,UNO,UNO,48900.5,1599.535888671875,0.4506965577602386,0.0595785453915596,18075.181640625,-124789576.0,8290.15234375,61669.5625,-0.2440871596336364,1.2440872192382812,0.0152810419967863,0.09375,0.03125,0.1015625,0.171875,0.046875,0.015625,0.1171875,0.0703125,0.203125,0.1484375
94,UNO,UNO,48634.6015625,1597.86865234375,0.443179041147232,0.1333841532468795,18190.900390625,-281275776.0,12918.078125,59618.67578125,-0.3652179539203644,1.365217924118042,0.0153930419764947,0.09375,0.03125,0.1015625,0.171875,0.046875,0.015625,0.1171875,0.0703125,0.203125,0.1484375
95,UNO,UNO,49248.34375,1595.956787109375,0.433940589427948,0.0584756694734096,18212.3359375,-285187840.0,19247.26171875,61273.75390625,-0.2418174296617508,1.2418174743652344,0.0156442079751286,0.09375,0.03125,0.1015625,0.171875,0.046875,0.015625,0.1171875,0.0703125,0.203125,0.1484375
96,UNO,UNO,49278.63671875,1596.4053955078125,0.4305554032325744,0.0031032669357955,18058.0234375,-50903952.0,14879.2919921875,61412.91015625,-0.0557069741189479,1.0557069778442385,0.0156865830067545,0.1015625,0.03125,0.1015625,0.171875,0.046875,0.015625,0.109375,0.0703125,0.1953125,0.15625
97,UNO,UNO,49626.2890625,1596.3189697265625,0.4266473650932312,0.0373501367866992,18031.59765625,126034088.0,10934.34375,59641.59375,0.193261831998825,0.8067381381988525,0.0155982910073362,0.1015625,0.03125,0.1015625,0.171875,0.046875,0.015625,0.109375,0.0703125,0.1953125,0.15625
98,UNO,UNO,49752.953125,1594.9505615234375,0.4222977757453918,0.0740032196044921,18052.259765625,160711616.0,9414.6630859375,62750.4921875,0.2720353305339813,0.7279646396636963,0.0155653749825432,0.1015625,0.0234375,0.1015625,0.171875,0.046875,0.015625,0.109375,0.0703125,0.203125,0.15625
99,UNO,UNO,49450.2421875,1593.067138671875,0.4175845980644226,0.0009565411601215,17947.880859375,-8545441.0,4872.244140625,56709.24609375,-0.0309279989451169,1.0309280157089231,0.0159845000016503,0.1015625,0.0234375,0.1015625,0.171875,0.046875,0.015625,0.109375,0.0703125,0.203125,0.15625
100,UNO,UNO,49316.91796875,1591.1015625,0.4154007732868194,8.132873335853219e-05,17984.314453125,3048192.5,5861.50048828125,57664.890625,0.0090182442218065,0.9909817576408386,0.015193833009107,0.1015625,0.0234375,0.1015625,0.171875,0.046875,0.015625,0.109375,0.0703125,0.203125,0.15625
101,UNO,UNO,49138.08203125,1590.6572265625,0.4159790873527527,0.0071133058518171,17986.13671875,-41036316.0,8655.185546875,56215.53125,-0.0843404158949852,1.0843404531478882,0.0153214169840794,0.09375,0.0234375,0.1015625,0.171875,0.046875,0.015625,0.1171875,0.0703125,0.203125,0.15625
102,UNO,UNO,49210.28125,1590.2506103515625,0.422178566455841,0.0169821921736001,17984.138671875,-62519868.0,7901.8466796875,60714.5234375,-0.1303157359361648,1.1303157806396484,0.0149258750025182,0.0859375,0.0234375,0.1015625,0.171875,0.046875,0.015625,0.125,0.0703125,0.203125,0.15625
103,UNO,UNO,49174.59375,1589.81591796875,0.4308146834373474,0.005860227625817,17952.599609375,-26332152.0,6172.83984375,55724.21875,-0.0765521228313446,1.076552152633667,0.0150149170076474,0.0859375,0.03125,0.1015625,0.1796875,0.046875,0.015625,0.125,0.0703125,0.1875,0.15625
104,UNO,UNO,49631.265625,1590.0196533203125,0.4382034838199615,0.0851537063717842,18023.93359375,132509896.0,7802.58203125,58198.0234375,0.29181107878685,0.7081888914108276,0.0142354590061586,0.0859375,0.03125,0.1015625,0.1796875,0.046875,0.015625,0.125,0.0703125,0.1875,0.15625
105,UNO,UNO,49623.7890625,1589.620361328125,0.44283527135849,0.0842966511845588,18022.96484375,130789232.0,7653.435546875,58858.66796875,0.2903388440608978,0.7096611261367798,0.0158072079939302,0.0859375,0.03125,0.1015625,0.1796875,0.046875,0.015625,0.125,0.0703125,0.1875,0.15625
106,UNO,UNO,49259.8515625,1590.5625,0.4405464231967926,0.0331903286278247,17953.3046875,-80754880.0,7992.91796875,55457.16796875,-0.1821821331977844,1.1821820735931396,0.0151695419917814,0.09375,0.03125,0.1015625,0.1796875,0.046875,0.015625,0.1171875,0.0703125,0.1875,0.15625
107,UNO,UNO,49379.125,1591.55126953125,0.4344643056392669,0.0420803986489772,17938.896484375,-88025800.0,7371.99853515625,58208.30078125,-0.2051350623369217,1.2051351070404053,0.0158199589932337,0.09375,0.0234375,0.1015625,0.171875,0.046875,0.015625,0.1171875,0.0703125,0.203125,0.15625
108,UNO,UNO,49498.00390625,1591.284423828125,0.4281820952892303,0.0051303608343005,17924.419921875,-39897560.0,9852.287109375,56537.32421875,-0.0716265365481376,1.0716265439987185,0.0156089589872863,0.1015625,0.0234375,0.1015625,0.171875,0.046875,0.015625,0.109375,0.0703125,0.203125,0.15625
109,UNO,UNO,49806.046875,1591.8167724609375,0.4233852326869964,0.0350580886006355,17970.39453125,105784008.0,10271.3427734375,55004.57421875,0.1872380524873733,0.8127619624137878,0.0156709169968962,0.1015625,0.0234375,0.1015625,0.171875,0.046875,0.015625,0.109375,0.0703125,0.203125,0.15625
110,UNO,UNO,49661.71875,1594.65185546875,0.4175390303134918,0.0316888466477394,17914.75390625,66637180.0,7241.2548828125,51695.1171875,0.1780136078596115,0.8219863772392273,0.0162565000064205,0.1015625,0.0234375,0.1015625,0.171875,0.046875,0.015625,0.109375,0.0703125,0.203125,0.15625
111,UNO,UNO,49550.33984375,1597.246337890625,0.4123058021068573,0.0029131746850907,17873.619140625,-15598078.0,5528.572265625,52272.68359375,-0.0539738312363624,1.0539737939834597,0.017094792012358,0.1015625,0.0234375,0.1015625,0.171875,0.046875,0.015625,0.109375,0.0703125,0.2109375,0.1484375
112,UNO,UNO,49383.734375,1600.0712890625,0.4116217195987701,0.0540970042347908,17889.20703125,-65095732.0,5412.8173828125,51706.1875,-0.2325876206159591,1.2325875759124756,0.016030500002671,0.0859375,0.0234375,0.1015625,0.171875,0.046875,0.015625,0.125,0.0703125,0.2109375,0.1484375
113,UNO,UNO,49615.0078125,1601.3677978515625,0.4103384912014007,0.005489473696798,17870.283203125,30539206.0,7440.9306640625,55394.296875,0.0740909799933433,0.9259090423583984,0.0168702499940991,0.09375,0.0234375,0.1015625,0.171875,0.046875,0.015625,0.1171875,0.0703125,0.2109375,0.1484375
114,UNO,UNO,49770.86328125,1601.16015625,0.406787097454071,0.0097352163866162,17890.6171875,49672016.0,9451.3095703125,53265.625,0.0986671969294548,0.9013327956199646,0.0158571670181117,0.09375,0.0234375,0.1015625,0.171875,0.046875,0.015625,0.1171875,0.0703125,0.2109375,0.1484375
115,UNO,UNO,49701.6171875,1599.9139404296875,0.4040147662162781,0.032599426805973,17922.060546875,91354584.0,9912.1884765625,51045.30859375,0.1805531084537506,0.8194469213485718,0.0161054169875569,0.09375,0.0234375,0.1015625,0.171875,0.046875,0.015625,0.1171875,0.0703125,0.2109375,0.1484375
116,UNO,UNO,49472.109375,1599.7581787109375,0.399621307849884,0.0054070125333964,17827.142578125,-22143796.0,5990.3330078125,50271.55078125,-0.0735323876142501,1.0735323429107666,0.0163485840021166,0.09375,0.0234375,0.1015625,0.171875,0.046875,0.015625,0.1171875,0.0703125,0.2109375,0.1484375
117,UNO,UNO,49446.6875,1599.245849609375,0.3952532410621643,0.0264860522001981,17853.353515625,-37030412.0,4784.57666015625,47556.1171875,-0.1627453565597534,1.1627453565597534,0.0165257499902509,0.09375,0.0234375,0.1015625,0.171875,0.046875,0.015625,0.1171875,0.0703125,0.2109375,0.1484375
118,UNO,UNO,49596.4453125,1597.822998046875,0.3962518870830536,0.0022983835078775,17839.388671875,-12044666.0,5454.61474609375,46059.53125,-0.0479414574801921,1.0479414463043213,0.0155486249714158,0.09375,0.0234375,0.1015625,0.171875,0.046875,0.015625,0.1171875,0.0703125,0.2109375,0.1484375
119,UNO,UNO,49798.53515625,1596.81982421875,0.3976277709007263,0.0161207001656293,17845.080078125,38480456.0,6230.8681640625,48640.68359375,0.1269673109054565,0.8730326890945435,0.0167943339911289,0.09375,0.0234375,0.1015625,0.171875,0.046875,0.015625,0.1171875,0.0703125,0.2109375,0.1484375
120,UNO,UNO,49789.5703125,1596.691162109375,0.4006299376487732,0.0056812837719917,17853.837890625,26359966.0,7273.13916015625,48083.90234375,0.0753742903470993,0.9246256947517396,0.0156477500277105,0.09375,0.0234375,0.1015625,0.171875,0.046875,0.015625,0.1171875,0.0703125,0.2109375,0.1484375
121,UNO,UNO,49515.1875,1598.945556640625,0.4050826728343963,0.011909288354218,17795.79296875,-28986314.0,5602.47705078125,47410.0078125,-0.1091296821832656,1.1091296672821045,0.01582875000895,0.09375,0.0234375,0.1015625,0.1796875,0.046875,0.015625,0.1171875,0.0703125,0.203125,0.1484375
122,UNO,UNO,49434.19921875,1600.8812255859375,0.4105801880359649,0.0042896782979369,17782.23828125,24064698.0,7710.65625,47651.5234375,0.0654956325888633,0.9345043897628784,0.0151992499886546,0.078125,0.0234375,0.1015625,0.1796875,0.046875,0.015625,0.1328125,0.0703125,0.203125,0.1484375
123,UNO,UNO,49431.1875,1603.418212890625,0.4152244329452514,0.0395912490785121,17834.0625,-48537836.0,5350.70556640625,45590.01953125,-0.1989754885435104,1.1989754438400269,0.01616387499962,0.078125,0.0234375,0.1015625,0.1875,0.046875,0.015625,0.1328125,0.0703125,0.1953125,0.1484375
124,UNO,UNO,49644.4296875,1607.324951171875,0.4182885587215423,0.0131124863401055,17848.220703125,50496520.0,10060.5498046875,43832.59375,0.1145097613334655,0.8854902386665344,0.0155424589756876,0.0859375,0.0234375,0.1015625,0.1875,0.046875,0.015625,0.125,0.0703125,0.1953125,0.1484375
125,UNO,UNO,49693.4609375,1610.77587890625,0.4192159473896026,0.0238522216677665,17844.041015625,51112172.0,7400.34912109375,44720.609375,0.1544416397809982,0.8455583453178406,0.0156348340096883,0.0859375,0.0234375,0.1015625,0.1875,0.046875,0.015625,0.125,0.0703125,0.1953125,0.1484375
126,UNO,UNO,49690.078125,1614.5399169921875,0.4161704182624817,0.0085981683805584,17811.5546875,39837972.0,10305.2607421875,41690.328125,0.0927263051271438,0.9072737097740172,0.015955999988364,0.078125,0.0234375,0.1015625,0.1875,0.046875,0.015625,0.1328125,0.0703125,0.1953125,0.1484375
127,UNO,UNO,49366.3046875,1618.6134033203125,0.411556601524353,0.0089966859668493,17770.25390625,-25142036.0,6316.59228515625,41963.94921875,-0.0948508605360984,1.0948508977890017,0.0151345840131398,0.0859375,0.0234375,0.1015625,0.1796875,0.046875,0.015625,0.125,0.0703125,0.203125,0.1484375
128,UNO,UNO,49014.8515625,1621.646240234375,0.4085400700569153,0.0054683033376932,17799.275390625,-21485866.0,7038.283203125,41281.9140625,-0.073947973549366,1.0739480257034302,0.014876874978654,0.09375,0.0234375,0.1015625,0.171875,0.046875,0.015625,0.1171875,0.0703125,0.2109375,0.1484375
129,UNO,UNO,49456.015625,1625.337890625,0.4083335399627685,0.0002292451245011,17833.697265625,-5159356.5,8315.912109375,40976.5390625,-0.0151408426463603,1.0151408910751345,0.014954915997805,0.09375,0.0234375,0.1015625,0.171875,0.046875,0.015625,0.1171875,0.0703125,0.2109375,0.1484375
130,UNO,UNO,49474.421875,1630.00634765625,0.4081714451313019,0.0010433150455355,17773.76171875,10817684.0,7426.35546875,45097.33984375,0.0323003865778446,0.9676995873451232,0.015746457997011,0.1015625,0.0234375,0.1015625,0.171875,0.046875,0.015625,0.109375,0.0703125,0.2109375,0.1484375
131,UNO,UNO,49495.82421875,1634.0040283203125,0.4079832434654236,6.910177762620151e-05,17754.83984375,2310511.25,6627.39599609375,41939.23046875,0.0083127478137612,0.9916872382164,0.0146440409880597,0.1015625,0.0234375,0.1015625,0.171875,0.046875,0.015625,0.109375,0.0703125,0.2109375,0.1484375
132,UNO,UNO,49476.75,1636.645263671875,0.4067740440368652,0.0028062912169843,17727.962890625,-11536584.0,4936.73095703125,44113.484375,-0.0529744401574134,1.0529744625091553,0.0149318329931702,0.09375,0.0234375,0.1015625,0.1875,0.046875,0.015625,0.1171875,0.0703125,0.1953125,0.1484375
133,UNO,UNO,49602.515625,1637.78857421875,0.4045440256595611,7.572945378342411e-06,17762.6875,874663.625,7187.49169921875,44221.296875,0.0027518984861671,0.997248113155365,0.015103417012142,0.09375,0.0234375,0.1015625,0.1953125,0.046875,0.015625,0.1171875,0.0703125,0.1875,0.1484375
134,UNO,UNO,49634.53125,1638.519287109375,0.4021191298961639,0.0041810539551079,17752.30078125,19719110.0,7171.71533203125,42522.74609375,0.0646610707044601,0.9353389143943788,0.0151972910098265,0.09375,0.0234375,0.1015625,0.1875,0.046875,0.015625,0.1171875,0.0703125,0.1953125,0.1484375
135,UNO,UNO,49629.1875,1638.585205078125,0.3964285254478454,0.0006363396532833,17725.673828125,-8765942.0,7607.9990234375,45675.51953125,-0.0252257734537124,1.0252257585525513,0.0161472920153755,0.0859375,0.0234375,0.1015625,0.1875,0.046875,0.015625,0.125,0.0703125,0.1953125,0.1484375
136,UNO,UNO,49555.765625,1637.9931640625,0.3915318250656128,0.0105691142380237,17685.3203125,-25550772.0,5466.80859375,45462.23828125,-0.1028061956167221,1.1028062105178833,0.0157805829949211,0.0859375,0.0234375,0.1015625,0.171875,0.046875,0.015625,0.125,0.0703125,0.2109375,0.1484375
137,UNO,UNO,49515.015625,1636.0836181640625,0.3883969485759735,0.0386956669390201,17749.1640625,49892048.0,5862.875,43260.296875,0.1967121362686157,0.8032878637313843,0.015415000001667,0.0859375,0.0234375,0.1015625,0.171875,0.046875,0.015625,0.125,0.0703125,0.2109375,0.1484375
138,UNO,UNO,49392.16015625,1634.39453125,0.3882057964801788,0.0004974376643076,17711.14453125,-7731854.0,7979.6748046875,43443.9453125,-0.0223033111542463,1.022303342819214,0.0151038330222945,0.0859375,0.0234375,0.1015625,0.171875,0.046875,0.015625,0.125,0.0703125,0.2109375,0.1484375
139,UNO,UNO,49220.0546875,1632.19091796875,0.3915683925151825,0.0015295733464881,17693.79296875,-11262662.0,6626.80810546875,43456.16796875,-0.0391097590327262,1.039109706878662,0.0145535839837975,0.0859375,0.0234375,0.1015625,0.171875,0.046875,0.015625,0.125,0.0703125,0.2109375,0.1484375
140,UNO,UNO,49132.09765625,1629.583740234375,0.3979490399360657,0.0062177521176636,17704.15234375,21414256.0,6475.79638671875,41936.59375,0.0788527205586433,0.9211472868919371,0.0144059589947573,0.0859375,0.0234375,0.1015625,0.171875,0.046875,0.015625,0.125,0.0703125,0.2109375,0.1484375
141,UNO,UNO,49060.26171875,1628.06884765625,0.4016171097755432,0.0331338346004486,17744.416015625,-47836700.0,6175.11279296875,42557.9296875,-0.1820270121097564,1.182026982307434,0.0144624170206952,0.078125,0.0234375,0.1015625,0.171875,0.046875,0.015625,0.1328125,0.0703125,0.2109375,0.1484375
142,UNO,UNO,49315.01953125,1626.84326171875,0.4037116169929504,0.0045451368205249,17692.001953125,-20220526.0,7075.7900390625,42388.11328125,-0.0674176290631294,1.0674176216125488,0.0144377090036869,0.0859375,0.0234375,0.1015625,0.1796875,0.046875,0.015625,0.125,0.0703125,0.203125,0.1484375
143,UNO,UNO,49616.19140625,1625.7086181640625,0.3997507095336914,0.0056323455646634,17697.1953125,22816004.0,7150.759765625,42515.05859375,0.075048953294754,0.9249510765075684,0.0146067919849883,0.0859375,0.0234375,0.1015625,0.1953125,0.046875,0.015625,0.125,0.0703125,0.1875,0.1484375
144,UNO,UNO,49746.5078125,1625.330322265625,0.3928437829017639,0.0273520890623331,17731.587890625,47123916.0,6723.46728515625,42379.2109375,0.1653846651315689,0.8346153497695923,0.014603707997594,0.0859375,0.0234375,0.1015625,0.1953125,0.046875,0.015625,0.125,0.0703125,0.1875,0.1484375
145,UNO,UNO,49606.515625,1626.6904296875,0.3862935602664947,0.000179749156814,17659.302734375,-3526801.5,5966.65234375,44087.66796875,-0.0134070562198758,1.0134071111679075,0.0143711249984335,0.0859375,0.0234375,0.1015625,0.1953125,0.046875,0.015625,0.125,0.0703125,0.1875,0.1484375
146,UNO,UNO,49486.609375,1627.8917236328125,0.3834241330623626,0.0002112044749082,17664.484375,-3444281.0,5403.11181640625,43863.46875,-0.0145328752696514,1.0145329236984253,0.0146922089916188,0.0859375,0.0234375,0.1015625,0.1875,0.046875,0.015625,0.125,0.0703125,0.1953125,0.1484375
147,UNO,UNO,49223.296875,1629.296875,0.381523847579956,0.0598409585654735,17705.111328125,-62311344.0,5951.3271484375,42801.0078125,-0.2446241080760955,1.244624137878418,0.0145349579979665,0.0859375,0.0234375,0.1015625,0.1796875,0.046875,0.015625,0.125,0.0703125,0.203125,0.1484375
148,UNO,UNO,49551.8125,1630.252685546875,0.3803418278694153,0.0008262865594588,17687.486328125,10540809.0,8317.87109375,44085.55859375,0.028745200484991,0.971254825592041,0.014393707999261,0.0859375,0.0234375,0.1015625,0.171875,0.046875,0.015625,0.125,0.0703125,0.2109375,0.1484375
149,UNO,UNO,49389.7421875,1631.58154296875,0.3873430490493774,0.0628928765654563,17756.84765625,97481976.0,9025.458984375,43067.953125,0.2507845163345337,0.7492154836654663,0.0141529579996131,0.0859375,0.0234375,0.1015625,0.171875,0.046875,0.015625,0.125,0.0703125,0.2109375,0.1484375
150,UNO,UNO,49349.18359375,1632.5830078125,0.395547866821289,0.0127895371988415,17668.49609375,43901040.0,9240.28125,42010.921875,0.1130908355116844,0.8869091868400574,0.014448000001721,0.0859375,0.0234375,0.1015625,0.171875,0.046875,0.015625,0.125,0.0703125,0.2109375,0.1484375
151,UNO,UNO,49026.84375,1633.26416015625,0.4028130769729614,0.0285081416368484,17689.080078125,-52009396.0,7654.73583984375,40240.84765625,-0.168843537569046,1.1688435077667236,0.0143783340172376,0.078125,0.0234375,0.1015625,0.171875,0.046875,0.015625,0.1328125,0.0703125,0.2109375,0.1484375
152,UNO,UNO,48816.6171875,1636.3587646484375,0.4050952792167663,0.0158276204019784,17656.28515625,-27442654.0,5785.3916015625,37703.83203125,-0.1258078664541244,1.1258078813552856,0.0145170000032521,0.078125,0.0234375,0.1015625,0.171875,0.046875,0.015625,0.1328125,0.0703125,0.2109375,0.1484375
153,UNO,UNO,49156.92578125,1638.995849609375,0.4000204205513,0.0157391838729381,17674.92578125,33854756.0,7106.09814453125,37974.96484375,0.1254559010267257,0.874544084072113,0.0142054590105544,0.0859375,0.0234375,0.1015625,0.1875,0.046875,0.015625,0.125,0.0703125,0.1953125,0.1484375
154,UNO,UNO,49093.953125,1643.408203125,0.3922714591026306,0.0239881891757249,17670.611328125,36895968.0,6311.47509765625,37744.1171875,0.1548812091350555,0.8451187610626221,0.0148288749915082,0.0859375,0.0234375,0.1015625,0.1953125,0.046875,0.015625,0.125,0.0703125,0.1875,0.1484375
155,UNO,UNO,49007.78125,1648.3701171875,0.3821975886821747,0.0003368020697962,17635.076171875,-5084725.0,7261.27490234375,38156.37109375,-0.0183521676808595,1.0183521509170532,0.0147368339821696,0.0859375,0.0234375,0.1015625,0.1953125,0.046875,0.015625,0.125,0.0703125,0.1875,0.1484375
156,UNO,UNO,48809.78515625,1653.317626953125,0.3740876317024231,0.0160240363329648,17669.63671875,-43195392.0,8674.802734375,39336.16015625,-0.1265860795974731,1.1265860795974731,0.014240290998714,0.0859375,0.0234375,0.1015625,0.1953125,0.046875,0.015625,0.125,0.0703125,0.1875,0.1484375
157,UNO,UNO,48794.4921875,1657.5572509765625,0.3714954853057861,0.012366303242743,17641.568359375,-31114094.0,7291.2861328125,38373.64453125,-0.1112038791179657,1.111203908920288,0.0143342500086873,0.0859375,0.0234375,0.1015625,0.1796875,0.046875,0.015625,0.125,0.0703125,0.203125,0.1484375
158,UNO,UNO,48884.6796875,1660.707763671875,0.3737380504608154,0.0001521953381597,17586.017578125,2538540.0,5670.95849609375,36284.95703125,0.012336746789515,0.9876632690429688,0.0141524580249097,0.0859375,0.0234375,0.1015625,0.171875,0.046875,0.015625,0.125,0.0703125,0.2109375,0.1484375
159,UNO,UNO,49003.2109375,1662.003173828125,0.3824928104877472,0.0052257487550377,17600.0390625,19746426.0,7560.9296875,36127.59375,0.07228934019804,0.9277106523513794,0.0144264170085079,0.0859375,0.0234375,0.1015625,0.171875,0.046875,0.015625,0.125,0.0703125,0.2109375,0.1484375
160,UNO,UNO,48793.2578125,1663.6385498046875,0.38999143242836,0.018134631216526,17618.31640625,37160752.0,7725.66845703125,35718.5703125,0.1346648782491684,0.8653351068496704,0.0145029999839607,0.0859375,0.0234375,0.1015625,0.171875,0.046875,0.015625,0.125,0.0703125,0.2109375,0.1484375
161,UNO,UNO,48456.77734375,1665.006103515625,0.3946287333965301,0.0040698014199733,17612.373046875,-17556200.0,8312.2236328125,33107.52734375,-0.0637949928641319,1.06379497051239,0.0148380419996101,0.0859375,0.0234375,0.1015625,0.171875,0.046875,0.015625,0.125,0.0703125,0.2109375,0.1484375
162,UNO,UNO,48327.453125,1666.01904296875,0.3959720134735107,0.01747802272439,17615.03515625,-38581488.0,8309.69921875,35119.4296875,-0.1322044730186462,1.132204532623291,0.0142205829906743,0.0859375,0.0234375,0.1015625,0.171875,0.046875,0.015625,0.125,0.0703125,0.2109375,0.1484375
163,UNO,UNO,48205.8984375,1665.7017822265625,0.3916521966457367,0.0040874797850847,17588.3671875,-15587765.0,7254.4111328125,33608.8671875,-0.0639334022998809,1.0639333724975586,0.014184458006639,0.0859375,0.0234375,0.1015625,0.1875,0.046875,0.015625,0.125,0.0703125,0.1953125,0.1484375
164,UNO,UNO,48593.25,1664.404541015625,0.3856843709945678,0.0031745401211082,17567.111328125,10438625.0,5855.37841796875,31640.841796875,0.0563430562615394,0.9436569213867188,0.0143837920040823,0.0859375,0.0234375,0.1015625,0.1953125,0.046875,0.015625,0.125,0.0703125,0.1875,0.1484375
165,UNO,UNO,48498.00390625,1661.7158203125,0.380659818649292,0.0249604284763336,17567.91015625,28765990.0,5705.619140625,31911.74609375,0.1579886972904205,0.8420113325119019,0.0145204169966746,0.0859375,0.0234375,0.1015625,0.1953125,0.046875,0.015625,0.125,0.0703125,0.1875,0.1484375
166,UNO,UNO,48490.8984375,1657.99462890625,0.3818889260292053,0.0005208385991863,17548.400390625,-4391427.0,6087.75439453125,31607.998046875,-0.0228218883275985,1.0228219032287598,0.014442957995925,0.0859375,0.0234375,0.1015625,0.1953125,0.046875,0.015625,0.125,0.0703125,0.1875,0.1484375
167,UNO,UNO,48140.51171875,1652.690185546875,0.3839481472969055,0.0306074935942888,17595.064453125,-42100552.0,7656.37744140625,31430.451171875,-0.17494997382164,1.1749500036239624,0.0142400420154444,0.0859375,0.0234375,0.1015625,0.1875,0.046875,0.015625,0.125,0.0703125,0.1953125,0.1484375
168,UNO,UNO,48090.578125,1647.400390625,0.3838542401790619,0.0206784382462501,17539.900390625,-27329800.0,6208.1708984375,30613.568359375,-0.1437999904155731,1.1438000202178955,0.0146699999750126,0.0859375,0.0234375,0.1015625,0.1796875,0.046875,0.015625,0.125,0.0703125,0.203125,0.1484375
169,UNO,UNO,48223.75,1639.1470947265625,0.3836020529270172,0.0010222223354503,17530.74609375,-8214865.5,8431.259765625,30474.408203125,-0.0319722108542919,1.0319721698760986,0.0146421660028863,0.0859375,0.0234375,0.1015625,0.171875,0.046875,0.015625,0.125,0.0703125,0.2109375,0.1484375
170,UNO,UNO,48378.7265625,1632.08544921875,0.3845071196556091,0.0610373727977275,17602.279296875,48677896.0,6337.47314453125,31089.791015625,0.2470574229955673,0.7529425621032715,0.0139057089982088,0.0859375,0.0234375,0.1015625,0.1953125,0.046875,0.015625,0.125,0.0703125,0.1875,0.1484375
171,UNO,UNO,48199.03125,1625.966796875,0.3891102075576782,0.0176485199481248,17556.76171875,33196094.0,8202.0947265625,30465.478515625,0.1328477263450622,0.8671522736549377,0.0150382079882547,0.0859375,0.0234375,0.1015625,0.1796875,0.046875,0.015625,0.125,0.0703125,0.203125,0.1484375
172,UNO,UNO,47857.78515625,1621.6068115234375,0.3941778838634491,0.0253149196505546,17542.041015625,-30525118.0,6639.25830078125,28896.7890625,-0.1591066271066665,1.1591066122055054,0.0144538749882485,0.0859375,0.0234375,0.1015625,0.1796875,0.046875,0.015625,0.125,0.0703125,0.203125,0.1484375
173,UNO,UNO,47666.43359375,1618.6746826171875,0.3919340670108795,0.015954015776515,17532.314453125,-21496852.0,6110.09521484375,27854.271484375,-0.1263092011213302,1.126309156417847,0.0137139169964939,0.0859375,0.0234375,0.1015625,0.1875,0.046875,0.015625,0.125,0.0703125,0.1953125,0.1484375
174,UNO,UNO,48064.5078125,1617.95263671875,0.3830166459083557,0.0113828806206583,17536.919921875,27304052.0,9373.9296875,27301.05078125,0.1066905856132507,0.8933094143867493,0.0144375830132048,0.0859375,0.0234375,0.1015625,0.1875,0.046875,0.015625,0.125,0.0703125,0.1953125,0.1484375
175,UNO,UNO,48104.05078125,1617.576171875,0.3772565126419067,0.0164205636829137,17542.205078125,29224594.0,8138.14599609375,28023.931640625,0.1281427443027496,0.8718572854995728,0.0140139579889364,0.0859375,0.0234375,0.1015625,0.1953125,0.046875,0.015625,0.125,0.0703125,0.1875,0.1484375
176,UNO,UNO,48205.4921875,1617.371337890625,0.3783616125583648,0.0143220135942101,17503.470703125,17654108.0,5082.1083984375,29026.84375,0.1196746155619621,0.8803253769874573,0.0140162919997237,0.0859375,0.0234375,0.1015625,0.1953125,0.046875,0.015625,0.125,0.0703125,0.1875,0.1484375
177,UNO,UNO,47771.921875,1616.275390625,0.3865876793861389,0.0265873037278652,17506.275390625,-41893244.0,9254.302734375,27762.796875,-0.1630561351776123,1.1630561351776123,0.0139098750078119,0.0859375,0.0234375,0.1015625,0.1953125,0.046875,0.015625,0.125,0.0703125,0.1875,0.1484375
178,UNO,UNO,47895.859375,1614.465576171875,0.3875012397766113,0.0471780858933925,17578.908203125,-64005360.0,10402.3798828125,28327.83984375,-0.2172051668167114,1.2172051668167114,0.0144272909965366,0.0859375,0.0234375,0.1015625,0.1875,0.046875,0.015625,0.125,0.0703125,0.1953125,0.1484375
179,UNO,UNO,47945.98046875,1612.821044921875,0.3775308132171631,0.0390525385737419,17576.0546875,-55253996.0,9763.609375,28637.07421875,-0.1976171433925628,1.1976171731948853,0.0145017920003738,0.0859375,0.0234375,0.1015625,0.1875,0.046875,0.015625,0.125,0.0703125,0.1953125,0.1484375
180,UNO,UNO,48240.4453125,1612.1451416015625,0.3653392791748047,0.0234795920550823,17540.05859375,-40818208.0,9098.49609375,29277.83984375,-0.1532305181026458,1.1532305479049685,0.0145133330079261,0.0859375,0.0234375,0.1015625,0.1875,0.046875,0.015625,0.125,0.0703125,0.1953125,0.1484375
181,UNO,UNO,48484.74609375,1611.4583740234375,0.3522909581661224,0.0264033526182174,17532.44140625,37787568.0,7544.3583984375,30824.57421875,0.1624910831451416,0.8375089168548584,0.0149412500031758,0.0859375,0.0234375,0.1015625,0.1953125,0.046875,0.015625,0.125,0.0703125,0.1875,0.1484375
182,UNO,UNO,48454.48046875,1611.4840087890625,0.3509582281112671,0.0173613298684358,17536.48046875,30752382.0,7271.8857421875,32095.201171875,0.1317624002695083,0.8682376146316528,0.014274374989327,0.0859375,0.0234375,0.1015625,0.1953125,0.046875,0.015625,0.125,0.0703125,0.1875,0.1484375
183,UNO,UNO,47974.3125,1612.679443359375,0.3610860705375671,0.0237134434282779,17526.177734375,29736168.0,6092.81884765625,31693.439453125,0.15399169921875,0.84600830078125,0.0142182919953484,0.0859375,0.0234375,0.1015625,0.1953125,0.046875,0.015625,0.125,0.0703125,0.1875,0.1484375
184,UNO,UNO,47534.66015625,1616.5050048828125,0.3800595998764038,0.024458959698677,17558.65234375,-50036892.0,10195.3515625,31381.1640625,-0.1563936024904251,1.1563936471939087,0.0138455420092213,0.0859375,0.0234375,0.1015625,0.1875,0.046875,0.015625,0.125,0.0703125,0.1953125,0.1484375
185,UNO,UNO,47070.04296875,1621.4248046875,0.387794017791748,0.0430436171591281,17568.966796875,-67179608.0,10549.125,30694.92578125,-0.2074695527553558,1.2074695825576782,0.0136265000037383,0.0859375,0.0234375,0.1015625,0.1796875,0.046875,0.015625,0.125,0.0703125,0.203125,0.1484375
186,UNO,UNO,47300.0234375,1626.1517333984375,0.3811339139938354,0.0237273182719945,17562.751953125,-51891548.0,11060.8955078125,30456.64453125,-0.154036745429039,1.1540367603302002,0.0144080840109381,0.0859375,0.0234375,0.1015625,0.171875,0.046875,0.015625,0.125,0.0703125,0.2109375,0.1484375
187,UNO,UNO,47325.3515625,1633.02490234375,0.3652357459068298,0.0008790055289864,17452.45703125,6835813.0,7331.82421875,31447.232421875,0.0296480264514684,0.9703519940376282,0.0144487919751554,0.0859375,0.0234375,0.1015625,0.1796875,0.046875,0.015625,0.125,0.0703125,0.203125,0.1484375
188,UNO,UNO,47602.2265625,1638.67138671875,0.3553134500980377,0.0345188230276107,17467.45703125,38809256.0,6626.9765625,31520.41015625,0.1857924163341522,0.8142075538635254,0.0148257499968167,0.0859375,0.0234375,0.1015625,0.1796875,0.046875,0.015625,0.125,0.0703125,0.203125,0.1484375
189,UNO,UNO,47646.265625,1641.704345703125,0.3600004613399505,0.0061295819468796,17460.830078125,16066748.0,6208.70654296875,33053.0390625,0.0782916471362114,0.921708345413208,0.0147603749937843,0.0859375,0.0234375,0.1015625,0.1875,0.046875,0.015625,0.125,0.0703125,0.1953125,0.1484375
190,UNO,UNO,47395.9921875,1643.837890625,0.3760833740234375,0.0112535869702696,17500.021484375,-30065874.0,9283.8447265625,30528.15234375,-0.1060829237103462,1.1060829162597656,0.0141690419986844,0.0859375,0.0234375,0.1015625,0.1953125,0.046875,0.0078125,0.125,0.0703125,0.1953125,0.1484375
191,UNO,UNO,47147.90625,1646.58642578125,0.3886108696460724,0.0258012805134058,17477.8828125,-39272304.0,8577.5,28503.955078125,-0.1606277674436569,1.1606277227401731,0.0139160830003675,0.0859375,0.0234375,0.1015625,0.1953125,0.046875,0.0078125,0.125,0.0703125,0.1953125,0.1484375
192,UNO,UNO,47314.015625,1647.446044921875,0.3910869359970093,0.0201709400862455,17496.544921875,-31682184.0,7495.69775390625,29760.482421875,-0.142024427652359,1.1420243978500366,0.0141725839930586,0.0859375,0.0234375,0.1015625,0.1953125,0.046875,0.0078125,0.125,0.0703125,0.1953125,0.1484375
193,UNO,UNO,47293.19140625,1649.23095703125,0.3821454644203186,0.0247904993593692,17430.955078125,21843724.0,4935.96044921875,28106.86328125,0.1574499905109405,0.8425500392913818,0.0147429579810705,0.0859375,0.0234375,0.1015625,0.1875,0.046875,0.0078125,0.125,0.0703125,0.1953125,0.15625
194,UNO,UNO,47211.2421875,1648.7939453125,0.3766392469406128,0.0205949824303388,17436.90234375,27510024.0,6146.60400390625,31187.099609375,0.1435095220804214,0.8564904928207397,0.0143124999885912,0.0859375,0.0234375,0.1015625,0.1875,0.046875,0.0078125,0.125,0.0703125,0.1953125,0.15625
195,UNO,UNO,46764.75,1648.427978515625,0.3741240203380584,0.0006837346591055,17393.33984375,-4708611.5,6269.80810546875,28720.68359375,-0.0261483192443847,1.0261483192443848,0.0143052499915938,0.0859375,0.0234375,0.1015625,0.1953125,0.046875,0.0078125,0.125,0.0703125,0.1953125,0.1484375
196,UNO,UNO,46524.61328125,1647.4193115234375,0.3711331486701965,0.0272824726998806,17416.986328125,-27600202.0,6049.359375,27622.37890625,-0.1651740670204162,1.1651740074157717,0.0142237500112969,0.0859375,0.0234375,0.1015625,0.1953125,0.046875,0.0078125,0.125,0.0703125,0.1953125,0.1484375
197,UNO,UNO,46513.96875,1645.17724609375,0.3638824224472046,0.0349388942122459,17401.888671875,-26187542.0,5472.29638671875,25601.8046875,-0.18691948056221,1.1869194507598877,0.0147114580031484,0.0859375,0.0234375,0.1015625,0.203125,0.046875,0.0078125,0.125,0.0703125,0.1875,0.1484375
198,UNO,UNO,46816.85546875,1642.03857421875,0.349854052066803,0.0104941157624125,17391.9453125,13553314.0,5478.822265625,24148.232421875,0.1024407893419265,0.8975592255592346,0.0144311660260427,0.0859375,0.0234375,0.1015625,0.1953125,0.046875,0.015625,0.125,0.0703125,0.1875,0.1484375
199,UNO,UNO,47040.2421875,1638.8251953125,0.3524128794670105,0.0243699010461568,17367.921875,18049068.0,4835.2197265625,23911.767578125,0.1561086177825927,0.8438913822174072,0.0143012499902397,0.0859375,0.0234375,0.1015625,0.1953125,0.0546875,0.015625,0.125,0.0703125,0.1875,0.140625
200,UNO,UNO,46742.75,1632.9410400390625,0.3725941479206085,9.581577614881098e-05,17410.875,1287339.0,5925.0146484375,22196.517578125,0.0097885532304644,0.9902114272117616,0.0143212080001831,0.0859375,0.0234375,0.1015625,0.203125,0.046875,0.0078125,0.125,0.0703125,0.1875,0.1484375
201,UNO,UNO,46454.99609375,1630.821533203125,0.3938842713832855,0.0062842951156198,17412.82421875,-16253074.0,9351.17578125,21925.07421875,-0.0792735442519187,1.0792735815048218,0.0152350830030627,0.0859375,0.0234375,0.1015625,0.203125,0.046875,0.0078125,0.125,0.0703125,0.1875,0.1484375
202,UNO,UNO,46312.51171875,1630.405517578125,0.4044234454631805,0.0044447090476751,17379.306640625,-11876382.0,8151.412109375,21853.935546875,-0.066668651998043,1.0666686296463013,0.0144324169959872,0.0859375,0.0234375,0.1015625,0.203125,0.046875,0.0078125,0.125,0.0703125,0.1875,0.1484375
203,UNO,UNO,46223.625,1631.374755859375,0.4047176837921142,0.0040440168231725,17403.5703125,-11276658.0,8483.7373046875,20901.943359375,-0.0635925829410553,1.063592553138733,0.0143290419946424,0.0859375,0.0234375,0.1015625,0.1875,0.046875,0.0078125,0.125,0.0703125,0.203125,0.1484375
204,UNO,UNO,46566.8671875,1633.61572265625,0.3939689993858337,0.0042476542294025,17427.765625,11510875.0,8176.10205078125,21601.6796875,0.0651740282773971,0.9348259568214417,0.0147036660055164,0.0859375,0.0234375,0.1015625,0.1953125,0.046875,0.0078125,0.125,0.0703125,0.1953125,0.1484375
205,UNO,UNO,46598.28515625,1638.3984375,0.3823175728321075,4.970613372279331e-05,17423.220703125,1195078.625,7913.8037109375,21419.3515625,0.0070502576418221,0.9929497241973876,0.0142917909834068,0.0859375,0.0234375,0.1015625,0.1796875,0.046875,0.0078125,0.125,0.0703125,0.2109375,0.1484375
206,UNO,UNO,46706.7890625,1645.73974609375,0.3714032769203186,6.109014520916389e-06,17388.177734375,-423424.625,7845.53515625,21835.712890625,-0.0024716421030461,1.002471685409546,0.0143080830166582,0.0859375,0.0234375,0.1015625,0.171875,0.046875,0.0078125,0.125,0.0703125,0.2109375,0.15625
207,UNO,UNO,46789.98046875,1653.756591796875,0.3634186089038849,0.0005187522619962,17343.451171875,-2667866.5,5176.95361328125,22626.107421875,-0.0227761343121528,1.0227761268615725,0.0347247500030789,0.0859375,0.0234375,0.1015625,0.171875,0.046875,0.0078125,0.125,0.0703125,0.2109375,0.15625
208,UNO,UNO,46767.54296875,1661.34228515625,0.3641046583652496,0.0001350662205368,17363.880859375,-1753732.5,6470.78955078125,23320.224609375,-0.0116217993199825,1.0116218328475952,0.0149195000121835,0.0859375,0.0234375,0.1015625,0.1796875,0.046875,0.0078125,0.125,0.0703125,0.203125,0.15625
209,UNO,UNO,46879.8125,1668.2578125,0.3694231212139129,0.0012432292569428,17365.798828125,6186757.0,8038.953125,21826.6953125,0.0352594554424285,0.964740514755249,0.0152178750140592,0.0859375,0.0234375,0.1015625,0.1953125,0.046875,0.0078125,0.125,0.0703125,0.1875,0.15625
210,UNO,UNO,46647.3125,1674.803955078125,0.3739249408245086,0.0001971765741473,17354.251953125,2414667.25,7953.69482421875,21620.25390625,0.0140419574454426,0.9859580397605896,0.0148130840098019,0.0859375,0.0234375,0.1015625,0.2109375,0.046875,0.0078125,0.125,0.0703125,0.1796875,0.1484375
211,UNO,UNO,46532.11328125,1679.658203125,0.3768928647041321,1.1631957022473216e-05,17315.435546875,473024.5625,5902.005859375,23499.484375,0.0034105654340237,0.996589422225952,0.0151709169731475,0.0859375,0.0234375,0.1015625,0.2109375,0.046875,0.0078125,0.125,0.0703125,0.1796875,0.1484375
212,UNO,UNO,46592.41796875,1681.4091796875,0.3740532994270324,0.0042748413980007,17414.734375,-11223923.0,7612.03515625,22551.939453125,-0.0653822720050811,1.0653822422027588,0.015369875007309,0.0859375,0.0234375,0.1015625,0.203125,0.046875,0.0078125,0.125,0.0703125,0.1875,0.1484375
213,UNO,UNO,46861.109375,1684.866943359375,0.3656219840049743,0.0004611547046806,17375.6875,3956808.5,8382.6640625,21980.609375,0.0214745122939348,0.978525459766388,0.0154187500011175,0.0859375,0.0234375,0.1015625,0.203125,0.046875,0.0078125,0.125,0.0703125,0.1875,0.1484375
214,UNO,UNO,46781.0078125,1688.9913330078125,0.3565983176231384,3.412008300074376e-05,17305.560546875,-899154.375,6931.48681640625,22207.689453125,-0.0058412398211658,1.0058412551879885,0.0148918749764561,0.0859375,0.0234375,0.1015625,0.203125,0.046875,0.0078125,0.125,0.0703125,0.1875,0.1484375
215,UNO,UNO,46860.92578125,1691.5411376953125,0.3512405753135681,0.0066722384653985,17336.822265625,13513919.0,7148.14404296875,23144.734375,0.0816837698221206,0.9183162450790404,0.0146473750064615,0.0859375,0.0234375,0.1015625,0.203125,0.046875,0.0078125,0.125,0.0703125,0.1875,0.1484375
216,UNO,UNO,46821.484375,1693.000732421875,0.3533437550067901,0.0023373356088995,17322.5859375,6946356.5,6459.21533203125,22244.19921875,0.048345997929573,0.951654016971588,0.0147835419920738,0.0859375,0.0234375,0.1015625,0.203125,0.046875,0.0078125,0.125,0.0703125,0.1875,0.1484375
217,UNO,UNO,46669.4296875,1693.63623046875,0.3658249080181122,0.0026382901705801,17298.935546875,-7790869.0,6954.8701171875,21808.990234375,-0.0513642877340316,1.0513643026351929,0.0143367499986197,0.0859375,0.0234375,0.1015625,0.203125,0.0546875,0.0078125,0.125,0.0703125,0.1875,0.140625
218,UNO,UNO,46552.91015625,1694.1221923828125,0.3793047070503235,7.155670027714223e-05,17282.939453125,1103791.25,5993.23828125,21772.12109375,0.0084591191262006,0.9915409088134766,0.0145176250080112,0.0859375,0.0234375,0.1015625,0.2109375,0.0546875,0.0078125,0.125,0.0703125,0.1796875,0.140625
219,UNO,UNO,46408.4921875,1693.762939453125,0.3888557851314544,0.0008952186326496,17283.478515625,-3463682.0,5313.8408203125,21785.3671875,-0.0299202036112546,1.029920220375061,0.0144772499916143,0.0859375,0.0234375,0.1015625,0.203125,0.0546875,0.0078125,0.125,0.0703125,0.1875,0.140625
220,UNO,UNO,46690.71875,1692.4119873046875,0.3869352042675018,0.00401058094576,17300.626953125,-6726616.5,4821.66650390625,22029.056640625,-0.0633291453123092,1.0633291006088257,0.0146732089924626,0.078125,0.0234375,0.1015625,0.203125,0.0546875,0.0078125,0.1328125,0.0703125,0.1875,0.140625
221,UNO,UNO,46850.34765625,1691.190185546875,0.3739777207374573,0.000409457279602,17304.037109375,4454632.0,9359.91015625,23519.91796875,0.0202350504696369,0.9797649383544922,0.0142448749975301,0.078125,0.0234375,0.1015625,0.1875,0.0546875,0.0078125,0.1328125,0.0703125,0.1953125,0.1484375
222,UNO,UNO,46992.2734375,1690.658935546875,0.3593427240848541,0.0042676450684666,17239.025390625,6169620.5,3982.115966796875,23716.494140625,0.0653272122144699,0.9346727728843688,0.0144873330136761,0.0859375,0.0234375,0.1015625,0.1875,0.046875,0.0078125,0.125,0.0703125,0.1953125,0.15625
223,UNO,UNO,46908.640625,1688.385009765625,0.3518813252449035,0.0004954903270117,17248.35546875,-2755533.0,5095.85400390625,24292.453125,-0.0222596116364002,1.0222595930099487,0.0142244999879039,0.0859375,0.0234375,0.1015625,0.1875,0.046875,0.0078125,0.125,0.0703125,0.1953125,0.15625
224,UNO,UNO,46883.1875,1685.362060546875,0.3504867851734161,0.0025767071638256,17256.146484375,6108813.0,5290.06494140625,22749.052734375,0.0507612749934196,0.9492387175559998,0.0143984169990289,0.0859375,0.0234375,0.1015625,0.1953125,0.046875,0.0078125,0.125,0.0703125,0.1953125,0.1484375
225,UNO,UNO,46669.38671875,1682.9085693359375,0.3553205132484436,0.0133604332804679,17259.638671875,-15643067.0,5827.18994140625,23224.826171875,-0.1155873388051986,1.11558735370636,0.0140430000028572,0.0859375,0.0234375,0.1015625,0.1953125,0.046875,0.0078125,0.125,0.0703125,0.1953125,0.1484375
226,UNO,UNO,46815.0078125,1679.6455078125,0.3594506084918976,0.0001228854380315,17271.50390625,-1681199.875,6233.71240234375,24328.8984375,-0.01108537055552,1.0110853910446167,0.0148152910114731,0.0859375,0.0234375,0.1015625,0.203125,0.046875,0.0078125,0.125,0.0703125,0.1875,0.1484375
227,UNO,UNO,46839.47265625,1676.426513671875,0.366780161857605,0.0004057127807755,17249.41015625,2255352.5,4941.748046875,22658.14453125,0.020142313092947,0.9798576831817628,0.0147440829896368,0.0859375,0.0234375,0.1015625,0.1953125,0.046875,0.0078125,0.125,0.0703125,0.1875,0.15625
228,UNO,UNO,46824.109375,1673.813232421875,0.3727105557918548,2.3462818717234768e-05,17237.83984375,-535071.8125,4703.01904296875,23487.9609375,-0.0048438431695103,1.004843831062317,0.0141489170200657,0.0859375,0.0234375,0.1015625,0.1953125,0.0546875,0.0078125,0.125,0.0703125,0.1875,0.1484375
229,UNO,UNO,46770.046875,1672.591064453125,0.3717998266220093,6.312214100034907e-05,17228.455078125,-1043181.6875,5373.26025390625,24436.064453125,-0.0079449443146586,1.007944941520691,0.0141920000023674,0.0859375,0.0234375,0.1015625,0.1953125,0.0546875,0.0078125,0.125,0.0703125,0.1875,0.1484375
230,UNO,UNO,46799.2421875,1671.003173828125,0.3681564033031463,0.0048462501727044,17270.458984375,11659393.0,6885.4580078125,24324.2890625,0.0696150138974189,0.9303849935531616,0.0141818750125821,0.0859375,0.0234375,0.1015625,0.2109375,0.0546875,0.0078125,0.125,0.0703125,0.1796875,0.140625
231,UNO,UNO,46854.7890625,1669.7181396484375,0.3617584407329559,0.010649349540472,17260.853515625,18360486.0,7545.62890625,23579.091796875,0.1031956821680069,0.8968043327331543,0.014187375025358,0.0859375,0.0234375,0.1015625,0.2109375,0.0546875,0.0078125,0.125,0.0703125,0.1796875,0.140625
232,UNO,UNO,46559.9296875,1668.940673828125,0.3570624887943268,0.0001808489323593,17228.138671875,1524389.75,4754.54541015625,23841.23828125,0.0134480083361268,0.9865520000457764,0.014912834012648,0.0859375,0.0234375,0.1015625,0.2109375,0.0546875,0.0078125,0.125,0.0703125,0.1796875,0.140625
233,UNO,UNO,46350.8671875,1668.518310546875,0.3533333837985992,0.0036355385091155,17245.322265625,-11600551.0,8577.263671875,22430.841796875,-0.0602954253554344,1.0602954626083374,0.0142648340261075,0.0859375,0.0234375,0.1015625,0.203125,0.0546875,0.0078125,0.125,0.0703125,0.1875,0.140625
234,UNO,UNO,46412.71484375,1668.585205078125,0.3518063426017761,0.0086881099268794,17274.8515625,-18954014.0,8694.5146484375,23388.009765625,-0.0932100266218185,1.093209981918335,0.0140611669921781,0.078125,0.0234375,0.1015625,0.203125,0.046875,0.0078125,0.1328125,0.0703125,0.1875,0.1484375
235,UNO,UNO,46614.98828125,1668.759521484375,0.3533699214458465,0.0007568342844024,17226.0078125,-5264942.0,8068.2392578125,23719.986328125,-0.0275106206536293,1.027510643005371,0.0142940840160008,0.078125,0.0234375,0.1015625,0.203125,0.046875,0.0078125,0.1328125,0.0703125,0.1875,0.1484375
236,UNO,UNO,46704.0078125,1668.350830078125,0.3576022386550903,0.0001927913690451,17262.578125,3047204.0,9180.7060546875,23904.607421875,0.0138849327340722,0.986115038394928,0.0139822500059381,0.078125,0.0234375,0.1015625,0.2109375,0.046875,0.0078125,0.1328125,0.0703125,0.1796875,0.1484375
237,UNO,UNO,46703.6796875,1670.162109375,0.3633803725242615,0.0005691582337021,17243.548828125,-3804313.75,6734.60498046875,23678.138671875,-0.0238570366054773,1.0238569974899292,0.014304083015304,0.078125,0.0234375,0.1015625,0.2109375,0.0546875,0.0078125,0.1328125,0.0703125,0.1796875,0.140625
238,UNO,UNO,46675.8984375,1673.2669677734375,0.3619046211242676,0.0044970167800784,17185.1328125,9857249.0,6299.2900390625,23334.681640625,0.0670598000288009,0.9329401850700378,0.0148482079966925,0.078125,0.0234375,0.1015625,0.2109375,0.0546875,0.0078125,0.1328125,0.0703125,0.1796875,0.140625
239,UNO,UNO,46534.4609375,1675.1983642578125,0.3566083312034607,1.3341859812499024e-05,17187.03125,-427630.75,4833.2119140625,24222.845703125,-0.0036526510957628,1.0036526918411257,0.0144929169910028,0.078125,0.0234375,0.1015625,0.2109375,0.0546875,0.0078125,0.1328125,0.0703125,0.1796875,0.140625
240,UNO,UNO,46427.75390625,1676.2861328125,0.3493387401103973,4.853793507209048e-05,17208.0703125,-932008.5625,5477.3662109375,24423.48046875,-0.00696691730991,1.0069669485092163,0.0146452920162118,0.078125,0.0234375,0.1015625,0.2109375,0.0546875,0.0078125,0.1328125,0.0703125,0.1796875,0.140625
241,UNO,UNO,46356.8671875,1677.99072265625,0.3448854684829712,0.0064186626113951,17180.958984375,-9757830.0,5016.4736328125,24279.09375,-0.0801165550947189,1.0801165103912354,0.0144252500031143,0.078125,0.0234375,0.1015625,0.203125,0.046875,0.0078125,0.1328125,0.0703125,0.1875,0.1484375
242,UNO,UNO,46501.515625,1679.393798828125,0.3425564765930176,0.0066352277062833,17206.470703125,17389030.0,8646.927734375,24687.986328125,0.0814569070935249,0.9185431003570556,0.0142381250043399,0.078125,0.0234375,0.1015625,0.2109375,0.046875,0.0078125,0.1328125,0.0703125,0.1796875,0.1484375
243,UNO,UNO,46583.5078125,1681.45166015625,0.347447395324707,7.108773570507765e-05,17199.759765625,-1502556.25,7118.380859375,25035.263671875,-0.0084313545376062,1.008431315422058,0.0141483750194311,0.0859375,0.0234375,0.1015625,0.2109375,0.046875,0.0078125,0.125,0.0703125,0.1796875,0.1484375
244,UNO,UNO,46638.10546875,1684.2891845703125,0.3552053272724151,0.0056030950509011,17166.947265625,-11214265.0,5872.66748046875,25510.646484375,-0.0748538225889206,1.074853777885437,0.0142667920154053,0.0859375,0.0234375,0.1015625,0.2109375,0.046875,0.0078125,0.125,0.0703125,0.1796875,0.1484375
245,UNO,UNO,46738.34375,1685.4593505859375,0.3605394959449768,8.18340849946253e-05,17168.734375,-1277945.125,5677.7294921875,24881.1328125,-0.0090462192893028,1.009046196937561,0.0150548329984303,0.09375,0.0234375,0.09375,0.2109375,0.046875,0.0078125,0.125,0.0703125,0.1796875,0.1484375
246,UNO,UNO,46873.90625,1686.2528076171875,0.3623634576797485,0.0119599374011158,17183.95703125,18724852.0,6810.20849609375,25141.634765625,0.1093614995479583,0.8906384706497192,0.0146734589943662,0.09375,0.0234375,0.09375,0.2109375,0.046875,0.0078125,0.125,0.0703125,0.1796875,0.1484375
247,UNO,UNO,46644.66015625,1687.062744140625,0.3619249761104584,0.0036621654871851,17163.693359375,10966653.0,6939.98388671875,26112.390625,0.0605158284306526,0.939484179019928,0.0141756249940954,0.078125,0.0234375,0.1015625,0.2109375,0.046875,0.0078125,0.1328125,0.0703125,0.1796875,0.1484375
248,UNO,UNO,46448.3203125,1687.421875,0.3592118918895721,0.0041771163232624,17141.75390625,-9775230.0,5836.8212890625,25912.6796875,-0.0646306127309799,1.0646306276321411,0.0147102920163888,0.078125,0.0234375,0.1015625,0.2109375,0.046875,0.0078125,0.1328125,0.0703125,0.1796875,0.1484375
249,UNO,UNO,46594.96875,1686.7333984375,0.3509727418422699,1.2557547002245428e-08,17156.86328125,13116.125,4616.77490234375,25350.9375,0.000112060457468,0.9998879432678224,0.0142639999976381,0.078125,0.0234375,0.1015625,0.2109375,0.046875,0.0078125,0.1328125,0.0703125,0.1796875,0.1484375
250,UNO,UNO,46466.9609375,1686.106201171875,0.3435078859329223,0.0130851659923791,17166.837890625,-18680732.0,6544.84130859375,24951.9921875,-0.1143904104828834,1.1143903732299805,0.014001833013026,0.078125,0.0234375,0.1015625,0.2109375,0.046875,0.0078125,0.1328125,0.0703125,0.1796875,0.1484375
251,UNO,UNO,46769.78125,1684.99169921875,0.3369907438755035,0.0011490938486531,17154.1640625,-6287096.5,7463.5556640625,24850.0078125,-0.0338982865214347,1.0338982343673706,0.0147354170039761,0.078125,0.0234375,0.1015625,0.203125,0.046875,0.0078125,0.1328125,0.0703125,0.1875,0.1484375
252,UNO,UNO,46775.9375,1684.3712158203125,0.3378526866436004,0.0186583772301673,17172.8515625,24643602.0,6842.34130859375,26367.1171875,0.1365956664085388,0.8634043335914612,0.0140944579907227,0.078125,0.0234375,0.09375,0.203125,0.046875,0.0078125,0.140625,0.0703125,0.1875,0.1484375
253,UNO,UNO,46811.42578125,1685.3621826171875,0.3447409570217132,0.0001683472946751,17135.78125,2291188.25,6749.8779296875,26161.443359375,0.0129748713225126,0.9870251417160034,0.0144787500030361,0.078125,0.0234375,0.1015625,0.203125,0.0546875,0.0078125,0.1328125,0.0703125,0.1875,0.140625
254,UNO,UNO,46545.69140625,1687.12939453125,0.3525337278842926,8.107032954285387e-06,17129.8671875,544284.4375,6986.138671875,27362.638671875,0.0028472850099205,0.9971526861190796,0.0146146249899175,0.078125,0.0234375,0.1015625,0.203125,0.0546875,0.0078125,0.1328125,0.0703125,0.1875,0.140625
255,UNO,UNO,46375.8046875,1690.1605224609375,0.3570556938648224,0.0012351642362773,17134.7265625,-4899251.0,4797.7353515625,29055.6875,-0.0351449027657508,1.035144925117493,0.0142700419819448,0.078125,0.0234375,0.1015625,0.1953125,0.0546875,0.0078125,0.1328125,0.0703125,0.1953125,0.140625
256,UNO,UNO,46521.421875,1693.2147216796875,0.3603615462779999,0.0001875602465588,17128.83203125,-2521775.5,6642.8193359375,27719.3671875,-0.0136952633038163,1.013695240020752,0.0147321660188026,0.078125,0.0234375,0.1015625,0.1953125,0.046875,0.0078125,0.1328125,0.0703125,0.1953125,0.1484375
257,UNO,UNO,46438.91796875,1696.0489501953125,0.360741913318634,0.0042091850191354,17111.728515625,8418776.0,4515.85205078125,28734.94140625,0.0648782327771186,0.935121774673462,0.0141119159816298,0.078125,0.0234375,0.1015625,0.2109375,0.046875,0.0078125,0.1328125,0.0703125,0.1796875,0.1484375
258,UNO,UNO,46412.58203125,1698.9652099609375,0.3610759675502777,0.0082217007875442,17147.314453125,-20268648.0,7575.490234375,29507.5546875,-0.0906735956668853,1.090673565864563,0.0147434999817051,0.078125,0.0234375,0.1015625,0.21875,0.046875,0.0078125,0.1328125,0.0703125,0.171875,0.1484375
259,UNO,UNO,46424.4140625,1700.8912353515625,0.3548799455165863,0.0037846250925213,17119.82421875,-9280891.0,5224.7529296875,28874.361328125,-0.061519306153059,1.0615192651748655,0.0144381669815629,0.078125,0.0234375,0.1015625,0.2109375,0.046875,0.0078125,0.1328125,0.0703125,0.1796875,0.1484375
260,UNO,UNO,46670.921875,1700.992919921875,0.3455165028572082,0.0011817625490948,17114.05078125,-5875618.0,6000.45947265625,28484.19140625,-0.0343767739832401,1.0343767404556274,0.0152057499799411,0.078125,0.0234375,0.1015625,0.2109375,0.046875,0.0078125,0.1328125,0.0703125,0.1796875,0.1484375
261,UNO,UNO,46818.76953125,1700.923583984375,0.3385521471500397,0.0203155148774385,17123.490234375,30959234.0,7264.6884765625,29899.1796875,0.1425324976444244,0.857467532157898,0.0143830000015441,0.0859375,0.0234375,0.09375,0.203125,0.046875,0.0078125,0.1328125,0.0703125,0.1796875,0.15625
262,UNO,UNO,46654.53125,1700.326904296875,0.3425476253032684,2.794778993120417e-05,17091.921875,776818.375,5042.822265625,29138.826171875,0.0052865669131278,0.9947134256362916,0.014522792014759,0.078125,0.0234375,0.1015625,0.203125,0.0546875,0.0078125,0.1328125,0.0703125,0.1796875,0.1484375
263,UNO,UNO,46512.6640625,1699.4361572265625,0.3512759208679199,0.0004939988139085,17105.919921875,2807301.0,4585.671875,27543.75390625,0.022226084023714,0.977773904800415,0.0148710000212304,0.078125,0.0234375,0.1015625,0.2109375,0.046875,0.0078125,0.1328125,0.0703125,0.1796875,0.1484375
264,UNO,UNO,46315.63671875,1699.67431640625,0.3584726750850677,0.0226989369839429,17145.87109375,-22101246.0,5371.345703125,27310.578125,-0.1506616622209549,1.1506617069244385,0.0149532080104108,0.078125,0.0234375,0.1015625,0.2109375,0.0546875,0.0078125,0.1328125,0.0703125,0.1796875,0.140625
265,UNO,UNO,46296.546875,1699.7425537109375,0.3594774901866913,0.0037382845766842,17090.076171875,-10881626.0,6714.6064453125,26505.5703125,-0.061141513288021,1.0611414909362793,0.0150021669978741,0.078125,0.0234375,0.1015625,0.2109375,0.0546875,0.0078125,0.1328125,0.0703125,0.1796875,0.140625
266,UNO,UNO,46506.59375,1698.28564453125,0.3557758033275604,0.0024343840777873,17085.16796875,6489728.0,5410.07666015625,24312.439453125,0.0493394769728183,0.950660526752472,0.0151294160168617,0.078125,0.0234375,0.1015625,0.2109375,0.0546875,0.0078125,0.1328125,0.0703125,0.1796875,0.140625
267,UNO,UNO,46650.10546875,1697.262451171875,0.3505201935768127,0.0129251070320606,17049.296875,16190099.0,5877.05712890625,24231.06640625,0.1136886402964592,0.8863113522529602,0.014727166009834,0.078125,0.0234375,0.1015625,0.2109375,0.0546875,0.0078125,0.1328125,0.0703125,0.1796875,0.140625
268,UNO,UNO,46561.9921875,1693.5028076171875,0.3448295891284942,0.0203201528638601,17101.505859375,18481624.0,4863.58447265625,26657.548828125,0.1425487697124481,0.8574512004852295,0.0159121670003514,0.078125,0.0234375,0.1015625,0.2109375,0.0546875,0.0078125,0.1328125,0.0703125,0.1796875,0.140625
269,UNO,UNO,46397.4140625,1690.5103759765625,0.3429184257984161,0.0001883449876913,17127.595703125,-2922789.0,8645.4970703125,24633.75,-0.0137238837778568,1.013723850250244,0.0161179170245304,0.078125,0.015625,0.1015625,0.2109375,0.0546875,0.0078125,0.1328125,0.0703125,0.1875,0.140625
270,UNO,UNO,46044.84765625,1689.97998046875,0.3426980674266815,0.026815740391612,17162.681640625,-43338536.0,10470.8720703125,25275.310546875,-0.1637551188468933,1.163755178451538,0.015453208994586,0.078125,0.015625,0.1015625,0.203125,0.046875,0.0078125,0.1328125,0.0703125,0.1953125,0.1484375
271,UNO,UNO,46175.515625,1692.87744140625,0.3420188426971435,0.0348864682018756,17127.689453125,-26538746.0,5776.3271484375,24598.017578125,-0.18677918612957,1.1867791414260864,0.0149502909916918,0.078125,0.0234375,0.1015625,0.203125,0.046875,0.0078125,0.1328125,0.0703125,0.1875,0.1484375
272,UNO,UNO,46579.7890625,1696.0050048828125,0.3354238867759704,3.2825897505972534e-05,17057.27734375,-1032245.375,7054.43310546875,25539.482421875,-0.005729388911277,1.0057294368743896,0.0150547500234097,0.078125,0.0234375,0.1015625,0.2109375,0.046875,0.0078125,0.1328125,0.0703125,0.1796875,0.1484375
273,UNO,UNO,46858.9296875,1697.813720703125,0.3300537168979645,0.0004986128769814,17075.8515625,3452544.5,6622.86572265625,23345.955078125,0.0223296396434307,0.9776703715324402,0.0137369590229354,0.078125,0.0234375,0.1015625,0.2109375,0.046875,0.0078125,0.1328125,0.0703125,0.1796875,0.1484375
274,UNO,UNO,47039.50390625,1699.232666015625,0.327074259519577,0.0225281026214361,17088.94140625,25853086.0,6617.84033203125,26027.58203125,0.1500936448574066,0.849906325340271,0.0151161249959841,0.078125,0.0234375,0.09375,0.2109375,0.046875,0.0078125,0.140625,0.0703125,0.1796875,0.1484375
275,UNO,UNO,46838.5859375,1699.437744140625,0.331048309803009,0.0327553115785121,17065.21875,21002806.0,4730.7138671875,24530.6953125,0.1809842884540558,0.8190157413482666,0.0148773339751642,0.078125,0.0234375,0.09375,0.203125,0.0546875,0.0078125,0.140625,0.0703125,0.1796875,0.1484375
276,UNO,UNO,46161.625,1699.20849609375,0.3434103429317474,0.0013340860605239,17041.806640625,-4493346.0,5177.53857421875,23760.44140625,-0.0365251414477825,1.0365251302719116,0.0145444999798201,0.078125,0.0234375,0.09375,0.2109375,0.0546875,0.0078125,0.140625,0.0703125,0.1796875,0.140625
277,UNO,UNO,45912.75,1699.108154296875,0.3529196679592132,0.0159714370965957,17101.76171875,-13567416.0,4995.759765625,21489.3671875,-0.1263781487941742,1.1263781785964966,0.0144670830050017,0.078125,0.0234375,0.1015625,0.2109375,0.0546875,0.0078125,0.1328125,0.0703125,0.1796875,0.140625
278,UNO,UNO,45690.109375,1700.462158203125,0.3564014732837677,0.0058867931365966,17074.017578125,-13926216.0,7847.384765625,23129.640625,-0.0767254382371902,1.0767254829406738,0.0145590000029187,0.078125,0.0234375,0.1015625,0.2109375,0.0546875,0.0078125,0.1328125,0.0703125,0.1796875,0.140625
279,UNO,UNO,46024.29296875,1701.4830322265625,0.3541558086872101,0.000311876356136,17055.40625,-3508480.25,8079.33349609375,24589.64453125,-0.0176600217819213,1.0176600217819214,0.0143834170012269,0.078125,0.0234375,0.1015625,0.21875,0.0546875,0.0078125,0.1328125,0.0703125,0.171875,0.140625
280,UNO,UNO,46413.90234375,1702.923095703125,0.3492250442504883,0.023881085216999,17078.236328125,26995306.0,7029.80517578125,24849.51953125,0.1545350551605224,0.8454649448394775,0.0145298750139772,0.0859375,0.0234375,0.09375,0.21875,0.0546875,0.0078125,0.1328125,0.0703125,0.171875,0.140625
281,UNO,UNO,46589.99609375,1703.3753662109375,0.3407132625579834,4.143600017414428e-05,17079.224609375,-770771.0,4963.78369140625,24122.521484375,-0.0064370799809694,1.006437063217163,0.0146277919993735,0.0859375,0.0234375,0.09375,0.2109375,0.0546875,0.0078125,0.1328125,0.0703125,0.1796875,0.140625
282,UNO,UNO,46621.9375,1703.9398193359375,0.3362748622894287,0.0043819542042911,17092.08984375,-12046377.0,7469.46240234375,24363.130859375,-0.0661963298916816,1.066196322441101,0.01447508300771,0.0859375,0.015625,0.09375,0.203125,0.046875,0.0078125,0.1328125,0.0703125,0.1953125,0.1484375
283,UNO,UNO,46425.33203125,1705.200439453125,0.3365009725093841,0.0001091629383154,17028.974609375,2231758.0,9157.1328125,23326.509765625,0.0104481065645813,0.9895519018173218,0.0142548340081702,0.0859375,0.0234375,0.09375,0.203125,0.046875,0.0078125,0.1328125,0.0703125,0.1875,0.1484375
284,UNO,UNO,46176.78125,1706.2236328125,0.3403088748455047,0.022796606644988,17014.279296875,17978006.0,4943.7724609375,24085.072265625,0.150985449552536,0.8490145206451416,0.0143238339805975,0.078125,0.0234375,0.1015625,0.203125,0.046875,0.0078125,0.1328125,0.0703125,0.1875,0.1484375
285,UNO,UNO,45662.6015625,1707.233642578125,0.3477765321731567,0.0035405377857387,17024.05859375,-7600315.5,5355.642578125,23849.83203125,-0.0595024190843105,1.059502363204956,0.0145239999983459,0.078125,0.0234375,0.1015625,0.21875,0.046875,0.0078125,0.1328125,0.0703125,0.171875,0.1484375
286,UNO,UNO,45754.6484375,1707.0316162109375,0.3491355180740356,0.0016825031489133,17079.775390625,-9486231.0,9608.0087890625,24070.34765625,-0.0410183258354663,1.0410183668136597,0.0146917499951086,0.078125,0.0234375,0.1015625,0.21875,0.046875,0.0078125,0.1328125,0.0703125,0.171875,0.1484375
287,UNO,UNO,45808.7734375,1706.83056640625,0.344512403011322,0.0002444245910737,17051.41015625,1955565.0,5302.60107421875,23589.06640625,0.0156340841203928,0.984365940093994,0.015103874990018,0.078125,0.0234375,0.1015625,0.21875,0.046875,0.0078125,0.1328125,0.0703125,0.171875,0.1484375
288,UNO,UNO,45919.8828125,1707.537353515625,0.3359473049640655,0.0053918990306556,17051.693359375,14680260.0,8026.20556640625,24908.791015625,0.0734295472502708,0.926570475101471,0.0148962499806657,0.078125,0.0234375,0.1015625,0.21875,0.0546875,0.0078125,0.1328125,0.0703125,0.171875,0.140625
289,UNO,UNO,46233.26171875,1709.26513671875,0.3237960636615753,0.000959237513598,17031.232421875,-6039252.0,8493.560546875,22957.8046875,-0.0309715587645769,1.0309715270996094,0.0145645830198191,0.078125,0.015625,0.1015625,0.2109375,0.0546875,0.0078125,0.1328125,0.0703125,0.1875,0.140625
290,UNO,UNO,46275.95703125,1711.1019287109375,0.3156681954860687,0.0030098084826022,17011.4375,-10749053.0,7838.60546875,24995.509765625,-0.0548617206513881,1.0548616647720337,0.0151735410036053,0.078125,0.0078125,0.1015625,0.2109375,0.0546875,0.0078125,0.1328125,0.0703125,0.1953125,0.140625
291,UNO,UNO,46468.02734375,1712.1171875,0.3151177763938904,0.000639010395389,17025.54296875,4277632.0,6974.810546875,24261.46484375,0.0252786539494991,0.974721372127533,0.0157095839967951,0.0859375,0.0078125,0.09375,0.2109375,0.0546875,0.0078125,0.1328125,0.0703125,0.1953125,0.140625
292,UNO,UNO,46316.6171875,1714.052978515625,0.3252308964729309,0.0068599297665059,16988.099609375,16922816.0,8255.115234375,24750.82421875,0.0828246921300888,0.91717529296875,0.0160599999944679,0.0859375,0.015625,0.09375,0.203125,0.0546875,0.0078125,0.1328125,0.0703125,0.1953125,0.140625
293,UNO,UNO,46107.84375,1715.1866455078125,0.3388056457042694,0.0025889473035931,16994.470703125,-7012276.5,5704.6123046875,24158.578125,-0.0508816987276077,1.0508817434310913,0.0235583329922519,0.0859375,0.0234375,0.09375,0.203125,0.0546875,0.0078125,0.1328125,0.0703125,0.1875,0.140625
294,UNO,UNO,45989.35546875,1716.52685546875,0.3517102301120758,0.0001669672928983,16996.478515625,-2007998.0,6377.75048828125,24365.76953125,-0.0129215819761157,1.0129215717315674,0.0147194590244907,0.078125,0.0234375,0.1015625,0.203125,0.046875,0.0078125,0.1328125,0.0703125,0.1875,0.1484375
295,UNO,UNO,45946.5078125,1717.6357421875,0.3565385043621063,0.0001066247932612,16980.66015625,-1396083.25,5505.31640625,24558.3984375,-0.0103259282186627,1.010325908660889,0.0153692080057226,0.078125,0.0234375,0.1015625,0.203125,0.046875,0.0078125,0.1328125,0.0703125,0.1875,0.1484375
296,UNO,UNO,46057.06640625,1717.747802734375,0.3520955741405487,0.0047852988354861,16995.294921875,12124709.0,7197.052734375,24353.537109375,0.0691758543252945,0.9308241605758668,0.0145521250087767,0.078125,0.0234375,0.1015625,0.21875,0.046875,0.0078125,0.1328125,0.0703125,0.171875,0.1484375
297,UNO,UNO,46110.1796875,1718.701416015625,0.3394449949264526,0.0012067736824974,16972.025390625,-7436502.5,8560.482421875,25006.76953125,-0.0347386486828327,1.0347386598587036,0.0145997910003643,0.078125,0.0234375,0.1015625,0.21875,0.046875,0.0078125,0.1328125,0.0703125,0.171875,0.1484375
298,UNO,UNO,46345.5859375,1719.1597900390625,0.3254443109035492,0.0001694908278295,17002.669921875,-2621722.5,7924.203125,25413.1328125,-0.0130188642069697,1.0130188465118408,0.0147896250127814,0.078125,0.015625,0.1015625,0.21875,0.0546875,0.0078125,0.1328125,0.0703125,0.1796875,0.140625
299,UNO,UNO,46630.18359375,1720.3502197265625,0.3125852346420288,0.004291093442589,16981.58203125,12402207.0,7203.98876953125,26281.009765625,0.0655064359307289,0.9344935417175292,0.0152152499940712,0.078125,0.0078125,0.1015625,0.2109375,0.0546875,0.0078125,0.1328125,0.0703125,0.1953125,0.140625
300,UNO,UNO,46339.41015625,1721.828369140625,0.3106565773487091,0.0014441369567066,16968.458984375,7296051.0,7425.3740234375,25856.23828125,0.0380018018186092,0.9619982242584229,0.0147062500182073,0.078125,0.0078125,0.1015625,0.2109375,0.0546875,0.0078125,0.1328125,0.0703125,0.1953125,0.140625
301,UNO,UNO,46197.63671875,1722.194580078125,0.3151329159736633,1.796039228452173e-08,16960.458984375,-23841.875,7005.99609375,25393.087890625,-0.0001340163871645,1.000133991241455,0.0149848750152159,0.078125,0.0078125,0.1015625,0.21875,0.0546875,0.0078125,0.1328125,0.0703125,0.1875,0.140625
302,UNO,UNO,46049.1328125,1720.496826171875,0.3225178122520447,0.0010390703100711,16948.228515625,-4247658.0,5175.8388671875,25459.294921875,-0.0322346128523349,1.0322346687316897,0.0148758750001434,0.078125,0.015625,0.1015625,0.21875,0.0546875,0.0078125,0.1328125,0.0703125,0.1796875,0.140625
303,UNO,UNO,45911.90234375,1718.7484130859375,0.3287275433540344,0.0061209509149193,16966.49609375,-11679464.0,6049.37451171875,24677.6015625,-0.0782365053892135,1.07823646068573,0.0148123750113882,0.078125,0.015625,0.1015625,0.2109375,0.0546875,0.0078125,0.1328125,0.0703125,0.1875,0.140625
304,UNO,UNO,45964.6328125,1718.43310546875,0.3303081393241882,0.0007884859805926,16963.96875,5264440.0,7587.73291015625,24708.31640625,0.028079992160201,0.9719200134277344,0.0152811250009108,0.078125,0.015625,0.1015625,0.2109375,0.0546875,0.0078125,0.1328125,0.0703125,0.1875,0.140625
305,UNO,UNO,46055.265625,1718.954345703125,0.3307254910469055,0.0018350036116316,16983.27734375,7727019.5,7032.9462890625,25648.1640625,0.0428369417786598,0.9571630358695984,0.0158454170159529,0.078125,0.015625,0.1015625,0.2109375,0.0546875,0.0078125,0.1328125,0.0703125,0.1875,0.140625
306,UNO,UNO,46158.23046875,1719.7393798828125,0.3310287892818451,0.0089888386428356,16982.384765625,13169021.0,5369.0830078125,25870.3046875,0.0948094874620437,0.9051905274391174,0.015057708020322,0.078125,0.015625,0.1015625,0.21875,0.0546875,0.0078125,0.1328125,0.0703125,0.1796875,0.140625
307,UNO,UNO,46107.68359375,1722.85009765625,0.3314952552318573,0.0030718226917088,16982.0546875,-11365794.0,8271.994140625,24790.85546875,-0.0554240271449089,1.0554239749908447,0.0148155000060796,0.078125,0.0234375,0.1015625,0.21875,0.046875,0.0078125,0.1328125,0.0703125,0.171875,0.1484375
308,UNO,UNO,46001.125,1725.81787109375,0.3289795219898224,0.0056212339550256,16957.685546875,-15767283.0,8243.6796875,25510.556640625,-0.07497488707304,1.0749748945236206,0.0152249580132775,0.078125,0.015625,0.1015625,0.21875,0.046875,0.0078125,0.1328125,0.0703125,0.1796875,0.1484375
309,UNO,UNO,45938.515625,1727.5089111328125,0.3250240981578827,0.0036528769414871,16932.74609375,-8190698.0,5455.6533203125,24840.287109375,-0.0604390352964401,1.0604389905929563,0.0153169580153189,0.078125,0.0078125,0.1015625,0.21875,0.046875,0.0078125,0.1328125,0.0703125,0.1875,0.1484375
310,UNO,UNO,46224.0234375,1727.556640625,0.3213582634925842,0.0086817825213074,16952.8046875,15599141.0,6824.85546875,24530.29296875,0.0931760817766189,0.9068239331245422,0.0140838749939575,0.078125,0.0078125,0.1015625,0.2109375,0.046875,0.0078125,0.1328125,0.0703125,0.1953125,0.1484375
311,UNO,UNO,46008.1484375,1729.290771484375,0.3242619037628174,0.0004477080656215,16933.720703125,4328082.5,8173.1328125,25027.041015625,0.0211591124534606,0.9788408875465392,0.0149133339873515,0.078125,0.0078125,0.1015625,0.2109375,0.0546875,0.0078125,0.1328125,0.0703125,0.1953125,0.140625
312,UNO,UNO,45864.69921875,1731.620361328125,0.3283930718898773,0.0014387118862941,16900.130859375,-5256738.5,5654.8173828125,24508.166015625,-0.037930354475975,1.0379303693771362,0.014940958993975,0.078125,0.015625,0.1015625,0.2109375,0.0546875,0.0078125,0.1328125,0.0703125,0.1875,0.140625
313,UNO,UNO,45792.8671875,1733.859375,0.3305034339427948,0.0009947995422407,16892.03125,-3554024.25,4557.2685546875,24725.662109375,-0.0315404422581195,1.0315403938293457,0.0141805410094093,0.078125,0.015625,0.1015625,0.2109375,0.0546875,0.0078125,0.1328125,0.0703125,0.1875,0.140625
314,UNO,UNO,45846.875,1735.399658203125,0.3287655711174011,0.0026489230804145,16903.4375,7416789.0,5773.779296875,24958.650390625,0.051467690616846,0.9485322833061218,0.0143951660138554,0.078125,0.015625,0.1015625,0.2109375,0.0546875,0.0078125,0.1328125,0.0703125,0.1875,0.140625
315,UNO,UNO,45807.95703125,1735.767333984375,0.3236084878444671,0.0027888417243957,16923.896484375,10581886.0,8202.33203125,24429.455078125,0.0528094843029975,0.947190523147583,0.0145150840107817,0.078125,0.015625,0.1015625,0.2109375,0.0546875,0.0078125,0.1328125,0.0703125,0.1875,0.140625
316,UNO,UNO,45821.2890625,1735.2237548828125,0.3180650174617767,7.08564039086923e-05,16917.1328125,-1609668.25,7602.53076171875,25152.921875,-0.0084176240488886,1.0084176063537598,0.0145797079894691,0.078125,0.0078125,0.1015625,0.2109375,0.0546875,0.0078125,0.1328125,0.0703125,0.1953125,0.140625
317,UNO,UNO,45813.4765625,1732.8310546875,0.3141069412231445,0.004478698130697,16927.953125,-13862926.0,8212.1669921875,25224.421875,-0.0669230744242668,1.0669230222702026,0.0150675839977338,0.078125,0.0078125,0.1015625,0.2109375,0.0546875,0.0078125,0.1328125,0.0703125,0.1953125,0.140625
318,UNO,UNO,45946.8359375,1731.462158203125,0.3133188188076019,3.158416075166315e-05,16906.150390625,-1081381.75,7665.09033203125,25103.087890625,-0.005619978532195,1.005620002746582,0.0147002919984515,0.078125,0.0078125,0.1015625,0.203125,0.0546875,0.0078125,0.1328125,0.0703125,0.203125,0.140625
319,UNO,UNO,45981.90625,1731.30322265625,0.316700130701065,0.0008138026460073,16911.3046875,5649256.0,7425.52783203125,26668.861328125,0.0285272262990474,0.9714727997779846,0.0144757500092964,0.0859375,0.0078125,0.09375,0.203125,0.046875,0.0078125,0.1328125,0.0703125,0.203125,0.1484375
320,UNO,UNO,45951.8671875,1731.91650390625,0.3217016458511352,0.0003634313470683,16864.275390625,2869303.5,5467.86669921875,27526.26171875,0.0190638750791549,0.9809361100196838,0.0146271660050842,0.0859375,0.015625,0.09375,0.21875,0.046875,0.0078125,0.1328125,0.0703125,0.1796875,0.1484375
321,UNO,UNO,45934.22265625,1730.78173828125,0.3249569237232208,0.0021970712114125,16903.072265625,-7923133.0,6577.12548828125,25700.330078125,-0.0468729250133037,1.0468729734420776,0.0147651250008493,0.0859375,0.015625,0.09375,0.21875,0.046875,0.0078125,0.1328125,0.0703125,0.1796875,0.1484375
322,UNO,UNO,45870.34375,1729.6732177734375,0.32522913813591,8.747794345254079e-05,16884.591796875,-1552928.625,6475.55908203125,25640.41015625,-0.009352964349091,1.0093529224395752,0.0145836249866988,0.0859375,0.015625,0.09375,0.21875,0.0546875,0.0078125,0.1328125,0.0703125,0.1796875,0.140625
323,UNO,UNO,45907.4765625,1727.5606689453125,0.3196572065353393,0.0074103903025388,16907.830078125,12443406.0,5409.84912109375,26719.82421875,0.0860836207866668,0.9139163494110109,0.0153074169938918,0.078125,0.015625,0.1015625,0.21875,0.0546875,0.0078125,0.1328125,0.0703125,0.1796875,0.140625
324,UNO,UNO,45728.859375,1727.5458984375,0.3161537647247314,0.0034144895616918,16908.685546875,-9742219.0,6694.7626953125,24903.466796875,-0.0584336332976818,1.0584336519241333,0.0149297080060932,0.078125,0.015625,0.1015625,0.21875,0.0546875,0.0078125,0.1328125,0.0703125,0.1796875,0.140625
325,UNO,UNO,45703.7109375,1728.5654296875,0.3146108984947204,0.0031195029150694,16860.427734375,-8535119.0,5836.234375,26183.888671875,-0.0558525100350379,1.0558525323867798,0.0152242079784628,0.078125,0.0078125,0.1015625,0.21875,0.0546875,0.0078125,0.1328125,0.0703125,0.1875,0.140625
326,UNO,UNO,45909.21484375,1726.989501953125,0.3151686787605285,0.0034802053123712,16897.423828125,-11073854.0,6960.40673828125,26968.810546875,-0.0589932650327682,1.058993220329285,0.0155379169736988,0.078125,0.015625,0.1015625,0.21875,0.0546875,0.0078125,0.1328125,0.0703125,0.1796875,0.140625
327,UNO,UNO,46093.8515625,1725.903564453125,0.3175942897796631,0.0027448004111647,16923.533203125,11532151.0,7970.74072265625,27615.70703125,0.052390843629837,0.9476091861724854,0.015256832994055,0.0859375,0.015625,0.09375,0.21875,0.0546875,0.0078125,0.1328125,0.0703125,0.1796875,0.140625
328,UNO,UNO,45922.203125,1727.3524169921875,0.3234144747257232,0.0042557595297694,16894.330078125,13247878.0,8052.97021484375,25217.482421875,0.0652361810207367,0.9347637891769408,0.0153858750127255,0.0859375,0.015625,0.09375,0.21875,0.046875,0.0078125,0.1328125,0.0703125,0.1796875,0.1484375
329,UNO,UNO,45679.671875,1730.611083984375,0.3298912942409515,0.0027897234540432,16874.998046875,10667982.0,7508.67626953125,26899.13671875,0.0528178326785564,0.9471821784973145,0.0154261669958941,0.0859375,0.015625,0.09375,0.21875,0.046875,0.0078125,0.1328125,0.0703125,0.1796875,0.1484375
330,UNO,UNO,45418.4609375,1735.2431640625,0.331824779510498,0.0022230518516153,16864.89453125,-7879843.5,6287.666015625,26579.90625,-0.0471492484211921,1.0471493005752563,0.0153711669845506,0.0859375,0.015625,0.09375,0.21875,0.046875,0.0078125,0.1328125,0.0703125,0.1796875,0.1484375
331,UNO,UNO,45484.6171875,1739.01953125,0.3275742828845978,0.0023311297409236,16877.669921875,-9481712.0,7796.5283203125,25188.498046875,-0.0482817739248275,1.0482817888259888,0.0148391249822452,0.078125,0.015625,0.1015625,0.21875,0.046875,0.0078125,0.1328125,0.0703125,0.1796875,0.1484375
332,UNO,UNO,45529.9296875,1742.74951171875,0.3190456032752991,0.0039259474724531,16855.693359375,-12492131.0,8075.3828125,24688.875,-0.0626573786139488,1.062657356262207,0.0145896670001093,0.078125,0.015625,0.1015625,0.2109375,0.046875,0.0078125,0.1328125,0.0703125,0.1875,0.1484375
333,UNO,UNO,45631.99609375,1744.078369140625,0.3137339055538177,0.0005950428312644,16836.78515625,-5703712.5,9182.068359375,25464.966796875,-0.0243934988975524,1.0243935585021973,0.0145633330103009,0.078125,0.015625,0.1015625,0.2109375,0.0546875,0.0078125,0.1328125,0.0703125,0.1875,0.140625
334,UNO,UNO,45708.15234375,1743.9356689453125,0.3148314952850342,0.003208803711459,16863.03515625,9861392.0,7314.080078125,23801.64453125,0.0566463023424148,0.9433537125587464,0.0150640410138294,0.078125,0.015625,0.1015625,0.21875,0.0546875,0.0078125,0.1328125,0.0703125,0.1796875,0.140625
335,UNO,UNO,45745.5703125,1743.0462646484375,0.3161525428295135,0.0061541912145912,16843.169921875,13622628.0,6952.73974609375,24975.8046875,0.0784486532211303,0.9215513467788696,0.0154407079971861,0.078125,0.015625,0.1015625,0.21875,0.0546875,0.0078125,0.1328125,0.0703125,0.1796875,0.140625
336,UNO,UNO,45616.1484375,1741.530029296875,0.3164773285388946,0.0030421272385865,16900.837890625,15951381.0,11211.9453125,25794.58984375,0.0551554821431636,0.9448445439338684,0.0153735000058077,0.078125,0.015625,0.1015625,0.21875,0.0546875,0.0078125,0.1328125,0.0703125,0.1796875,0.140625
337,UNO,UNO,45438.14453125,1741.473388671875,0.3140040934085846,0.0012942386092618,16878.712890625,-5503494.0,6241.32763671875,24510.623046875,-0.0359755270183086,1.0359755754470823,0.0152361249784007,0.078125,0.0078125,0.1015625,0.2109375,0.0546875,0.015625,0.125,0.0703125,0.1953125,0.140625
338,UNO,UNO,45130.40234375,1743.26025390625,0.3116506934165954,0.0004376434953883,16803.4765625,-2738515.0,5186.97998046875,25237.146484375,-0.0209199301898479,1.020919919013977,0.0154279999842401,0.078125,0.0078125,0.1015625,0.2109375,0.0546875,0.015625,0.125,0.0703125,0.1953125,0.140625
339,UNO,UNO,45192.3984375,1742.532470703125,0.3099596202373504,0.0084315193817019,16855.744140625,-17575414.0,7584.92431640625,25234.89453125,-0.0918233022093772,1.0918233394622805,0.0154010420083068,0.078125,0.0078125,0.1015625,0.2109375,0.0546875,0.0078125,0.1328125,0.0703125,0.1953125,0.140625
340,UNO,UNO,45418.3203125,1740.998046875,0.3099738359451294,0.0007037176401354,16852.162109375,-5588380.5,8118.72998046875,25947.685546875,-0.026527676731348,1.0265276432037354,0.0151924999954644,0.078125,0.0078125,0.1015625,0.2109375,0.0546875,0.0078125,0.1328125,0.0703125,0.1953125,0.140625
341,UNO,UNO,45584.9140625,1739.984130859375,0.312309056520462,0.0058825179003179,16828.162109375,10678488.0,5202.84326171875,26760.078125,0.0766975730657577,0.923302412033081,0.0154983749962411,0.0859375,0.015625,0.09375,0.2109375,0.0546875,0.0078125,0.1328125,0.0703125,0.1875,0.140625
342,UNO,UNO,45624.12109375,1740.4696044921875,0.3150974810123443,0.0031444723717868,16821.8671875,10320495.0,7102.00048828125,25914.685546875,0.056075595319271,0.9439244270324708,0.0145640409900806,0.0859375,0.015625,0.09375,0.21875,0.0546875,0.0078125,0.1328125,0.0703125,0.1796875,0.140625
343,UNO,UNO,45606.21484375,1739.8494873046875,0.3172241449356079,0.0001201541381306,16830.486328125,-2382228.25,7951.37939453125,27332.01171875,-0.0109614841639995,1.0109615325927734,0.0143124170135706,0.0859375,0.015625,0.09375,0.21875,0.0546875,0.0078125,0.1328125,0.0703125,0.1796875,0.140625
344,UNO,UNO,45571.1953125,1738.6181640625,0.3163452744483948,0.0001677945983828,16820.4140625,-2893393.5,8139.990234375,27440.65625,-0.0129535552114248,1.012953519821167,0.014355166000314,0.0859375,0.015625,0.09375,0.21875,0.0546875,0.0078125,0.1328125,0.0703125,0.1796875,0.140625
345,UNO,UNO,45578.078125,1737.44873046875,0.3149034678936004,0.004620564635843,16817.119140625,-11370355.0,5767.32421875,29003.6171875,-0.0679747313261032,1.0679746866226196,0.0327923329896293,0.0859375,0.015625,0.09375,0.21875,0.0546875,0.0078125,0.1328125,0.0703125,0.1796875,0.140625
346,UNO,UNO,45597.12109375,1737.1435546875,0.3175748288631439,0.0198290813714265,16861.255859375,30966262.0,7937.80322265625,27703.658203125,0.1408157646656036,0.8591842651367188,0.0147174590092618,0.0859375,0.015625,0.09375,0.21875,0.0546875,0.0078125,0.1328125,0.0703125,0.1796875,0.140625
347,UNO,UNO,45399.53125,1739.36865234375,0.322877824306488,0.0017462086398154,16839.294921875,11662198.0,10495.017578125,26591.88671875,0.0417876616120338,0.9582123160362244,0.0150754580099601,0.078125,0.015625,0.1015625,0.21875,0.0546875,0.0078125,0.1328125,0.0703125,0.1796875,0.140625
348,UNO,UNO,45221.21875,1743.324462890625,0.3280708491802215,0.0041447700932621,16803.33203125,-12037658.0,6928.75732421875,26985.873046875,-0.0643798857927322,1.0643799304962158,0.014703292021295,0.078125,0.015625,0.1015625,0.2109375,0.046875,0.0078125,0.1328125,0.0703125,0.1875,0.1484375
349,UNO,UNO,45136.75390625,1746.5931396484375,0.3277026712894439,0.0119251096621155,16791.396484375,-19807332.0,7032.849609375,25790.72265625,-0.1092021465301513,1.1092021465301514,0.0146852079778909,0.078125,0.015625,0.1015625,0.2109375,0.046875,0.0078125,0.1328125,0.0703125,0.1875,0.1484375
350,UNO,UNO,45391.56640625,1746.9874267578125,0.3221640586853027,0.001935438835062,16832.28515625,12532748.0,10891.8310546875,26155.06640625,0.0439936220645904,0.956006407737732,0.0148478749906644,0.078125,0.015625,0.1015625,0.2109375,0.046875,0.0078125,0.1328125,0.0703125,0.1875,0.1484375
351,UNO,UNO,45524.9296875,1745.7353515625,0.3098291158676147,0.0012315063504502,16774.4765625,-7017751.0,7698.6044921875,25975.712890625,-0.0350928232073783,1.035092830657959,0.0148208749887999,0.0859375,0.015625,0.09375,0.2109375,0.046875,0.0078125,0.1328125,0.0703125,0.1875,0.1484375
352,UNO,UNO,45771.8359375,1741.66455078125,0.3008493483066559,0.0234740935266017,16833.0546875,25994294.0,6402.51904296875,26499.197265625,0.1532125771045684,0.8467874526977539,0.0148545410193037,0.0859375,0.0078125,0.09375,0.2109375,0.046875,0.015625,0.125,0.0703125,0.1953125,0.1484375
353,UNO,UNO,45515.1953125,1738.996826171875,0.2971532344818115,0.0048172236420214,16802.490234375,-15966664.0,9333.267578125,24648.033203125,-0.0694062188267707,1.069406270980835,0.0152175410185009,0.0859375,0.0078125,0.09375,0.2109375,0.046875,0.015625,0.125,0.0703125,0.1953125,0.1484375
354,UNO,UNO,45541.41015625,1737.4208984375,0.302419364452362,0.0006741900579072,16837.8828125,-7865354.0,11920.8876953125,25410.826171875,-0.0259651690721511,1.0259652137756348,0.0149037909868638,0.0859375,0.0078125,0.09375,0.21875,0.046875,0.0078125,0.1328125,0.0703125,0.1875,0.1484375
355,UNO,UNO,45186.6875,1738.0009765625,0.3145190477371216,0.0048211389221251,16756.640625,-11944630.0,7013.771484375,24527.10546875,-0.0694344192743301,1.069434404373169,0.0150279160006903,0.078125,0.015625,0.1015625,0.21875,0.046875,0.0078125,0.1328125,0.0703125,0.1796875,0.1484375
356,UNO,UNO,45301.9140625,1737.1107177734375,0.3253616392612457,0.0019835836719721,16797.298828125,-7691110.5,6852.26513671875,25201.689453125,-0.0445374399423599,1.0445374250411987,0.0147900420124642,0.078125,0.015625,0.1015625,0.21875,0.046875,0.0078125,0.1328125,0.0703125,0.1796875,0.1484375
357,UNO,UNO,45323.0390625,1737.3016357421875,0.3296877145767212,0.0072788256220519,16804.04296875,20850582.0,10048.6630859375,24320.880859375,0.0853160321712493,0.9146839380264282,0.014627875003498,0.078125,0.015625,0.1015625,0.21875,0.0546875,0.0078125,0.1328125,0.0703125,0.1796875,0.140625
358,UNO,UNO,45414.3046875,1738.5648193359375,0.3241296708583832,0.0027840530965477,16799.185546875,10950083.0,7339.93310546875,28273.9609375,0.0527641251683235,0.9472358822822572,0.0148416250012815,0.078125,0.015625,0.1015625,0.21875,0.0546875,0.0078125,0.1328125,0.0703125,0.1796875,0.140625
359,UNO,UNO,45539.13671875,1741.430419921875,0.3122377097606659,0.0056442921049892,16769.732421875,-15940151.0,7609.6103515625,27882.0859375,-0.0751285031437873,1.0751285552978516,0.015392041997984,0.0859375,0.015625,0.09375,0.2109375,0.0546875,0.0078125,0.1328125,0.0703125,0.1875,0.140625
360,UNO,UNO,45491.6015625,1743.7615966796875,0.3007316589355469,0.0018341614631935,16776.087890625,8130752.0,6784.45458984375,27983.173828125,0.0428271107375621,0.9571728706359864,0.0147477909922599,0.0859375,0.0078125,0.09375,0.2109375,0.0546875,0.0078125,0.1328125,0.0703125,0.1953125,0.140625
361,UNO,UNO,45563.8125,1746.6051025390625,0.2959752678871155,0.0031863893382251,16737.064453125,11566143.0,7052.00439453125,29055.3828125,0.056448109447956,0.9435518980026244,0.0146582089946605,0.0859375,0.0078125,0.09375,0.2109375,0.0546875,0.015625,0.125,0.0703125,0.1953125,0.140625
362,UNO,UNO,45520.7734375,1746.988525390625,0.2980885505676269,0.0130503280088305,16828.197265625,24440318.0,7318.076171875,29234.736328125,0.1142380312085151,0.8857619762420654,0.0145918749913107,0.0859375,0.0078125,0.09375,0.2109375,0.0546875,0.015625,0.125,0.0703125,0.1953125,0.140625
363,UNO,UNO,45199.5859375,1749.5084228515625,0.3045569658279419,0.0225280933082103,16787.068359375,-24101118.0,6042.77197265625,26572.888671875,-0.1500936150550842,1.1500935554504397,0.0143981669971253,0.0859375,0.0078125,0.09375,0.2109375,0.0546875,0.015625,0.125,0.0703125,0.1953125,0.140625
364,UNO,UNO,45351.62109375,1751.2568359375,0.3080677986145019,0.0004394976713228,16805.521484375,-4892312.0,9210.7412109375,25336.1875,-0.0209641996771097,1.0209641456604004,0.0146712500136345,0.0859375,0.015625,0.09375,0.21875,0.0546875,0.015625,0.125,0.0703125,0.1796875,0.140625
365,UNO,UNO,45278.23046875,1753.3369140625,0.3075959086418152,1.136974424298387e-05,16770.583984375,-684105.5625,7946.134765625,25532.41796875,-0.0033719050697982,1.0033719539642334,0.0149763749795965,0.0859375,0.015625,0.09375,0.21875,0.046875,0.015625,0.125,0.0703125,0.1796875,0.1484375
366,UNO,UNO,45448.078125,1755.0198974609375,0.3056581020355224,0.0060993055813014,16761.201171875,14999525.0,7853.2783203125,24456.048828125,0.0780980512499809,0.9219019412994384,0.0147920839954167,0.0859375,0.015625,0.09375,0.21875,0.046875,0.015625,0.125,0.0703125,0.1796875,0.1484375
367,UNO,UNO,45595.84375,1755.20361328125,0.301871508359909,0.0029362067580223,16755.822265625,-12215568.0,9088.58203125,24804.138671875,-0.0541867762804031,1.0541868209838867,0.0145413329883012,0.0859375,0.015625,0.09375,0.21875,0.046875,0.015625,0.125,0.0703125,0.1796875,0.1484375
368,UNO,UNO,45474.359375,1755.6962890625,0.2994544208049774,0.0022612158209085,16737.8671875,-7960954.0,6785.4130859375,24672.759765625,-0.0475522428750991,1.047552227973938,0.0143920000118669,0.0859375,0.015625,0.09375,0.2109375,0.046875,0.015625,0.125,0.0703125,0.1875,0.1484375
369,UNO,UNO,45610.6484375,1754.7030029296875,0.3020915687084198,0.0020094399806112,16781.552734375,-10070453.0,8913.22265625,25204.423828125,-0.0448267757892608,1.0448267459869385,0.0145589159801602,0.0859375,0.015625,0.09375,0.2109375,0.0546875,0.015625,0.125,0.0703125,0.1875,0.140625
370,UNO,UNO,45534.76171875,1755.00341796875,0.3075014352798462,0.0090797943994402,16761.6875,17355332.0,7319.70849609375,24882.908203125,0.095287948846817,0.9047120809555054,0.0145205419976264,0.0859375,0.015625,0.09375,0.2109375,0.0546875,0.015625,0.125,0.0703125,0.1875,0.140625
371,UNO,UNO,45231.27734375,1755.240234375,0.3137019872665405,0.0076351682655513,16736.630859375,15640179.0,6899.60009765625,25942.298828125,0.0873794481158256,0.9126205444335938,0.0144071250106208,0.0859375,0.015625,0.09375,0.2109375,0.0546875,0.015625,0.125,0.0703125,0.1875,0.140625
372,UNO,UNO,45162.453125,1754.478515625,0.3158665299415588,0.0055490839295089,16739.814453125,13218565.0,7103.68798828125,24979.84765625,0.0744921714067459,0.9255078434944152,0.0144768340105656,0.078125,0.015625,0.1015625,0.2109375,0.0546875,0.015625,0.125,0.0703125,0.1875,0.140625
373,UNO,UNO,44942.921875,1754.6925048828125,0.3124619424343109,0.0003658189962152,16739.515625,-2384455.0,5244.9580078125,23769.171875,-0.0191263947635889,1.0191264152526855,0.0144062500039581,0.078125,0.015625,0.1015625,0.2109375,0.0546875,0.015625,0.125,0.0703125,0.1875,0.140625
374,UNO,UNO,44956.72265625,1754.9981689453125,0.3062064349651336,0.0048371385782957,16763.005859375,-12499167.0,7371.2958984375,24380.51953125,-0.0695495381951332,1.069549560546875,0.0147772080090362,0.078125,0.0078125,0.1015625,0.2109375,0.0546875,0.015625,0.125,0.0703125,0.1953125,0.140625
375,UNO,UNO,45211.0390625,1755.665771484375,0.3034905791282654,0.0005554815288633,16707.533203125,-4428509.5,7636.48876953125,24605.322265625,-0.0235686562955379,1.023568630218506,0.0144722910190466,0.078125,0.0078125,0.1015625,0.2109375,0.0546875,0.015625,0.125,0.0703125,0.1953125,0.140625
376,UNO,UNO,45363.828125,1755.20361328125,0.3042943179607391,0.0001087489436031,16704.15625,-1723533.75,6534.294921875,25293.474609375,-0.0104282759130001,1.0104283094406128,0.0145127919968217,0.078125,0.015625,0.1015625,0.2109375,0.0546875,0.015625,0.125,0.0703125,0.1875,0.140625
377,UNO,UNO,45613.9609375,1753.4267578125,0.30684694647789,0.0008706339285708,16726.208984375,4670417.0,6176.26171875,25627.84765625,0.0295065063983201,0.970493495464325,0.0157025420048739,0.0859375,0.015625,0.09375,0.2109375,0.0546875,0.015625,0.125,0.0703125,0.1875,0.140625
378,UNO,UNO,45587.9765625,1751.5953369140625,0.3093009293079376,0.0025606327690184,16713.431640625,-12752854.0,9763.5595703125,25812.232421875,-0.0506026931107044,1.050602674484253,0.0158479170058853,0.0859375,0.015625,0.09375,0.2109375,0.0546875,0.015625,0.125,0.0703125,0.1875,0.140625
379,UNO,UNO,45630.015625,1747.7479248046875,0.3132365047931671,0.0025760082062333,16717.18359375,10157400.0,7428.5478515625,26940.4609375,0.050754390656948,0.9492456316947936,0.0163683330174535,0.0859375,0.015625,0.09375,0.2109375,0.0546875,0.0078125,0.1328125,0.0703125,0.1875,0.140625
380,UNO,UNO,45277.9140625,1744.3104248046875,0.3107881247997284,0.0002037687809206,16695.59375,1853494.25,4974.51708984375,26101.853515625,0.0142747601494193,0.9857252240180968,0.0157042079954408,0.0859375,0.015625,0.09375,0.2109375,0.0546875,0.015625,0.125,0.0703125,0.1875,0.140625
381,UNO,UNO,45091.1484375,1741.90380859375,0.3071680068969726,0.0002935328520834,16737.1171875,-3530456.25,7856.21728515625,26229.4375,-0.0171328000724315,1.0171327590942385,0.0151182079862337,0.0859375,0.015625,0.09375,0.2109375,0.0546875,0.015625,0.125,0.0703125,0.1875,0.140625
382,UNO,UNO,45022.0703125,1741.4503173828125,0.3051864206790924,0.0001677579566603,16721.689453125,2930658.25,8914.677734375,25381.53515625,0.0129521405324339,0.9870478510856628,0.0151873340073507,0.078125,0.0078125,0.1015625,0.21875,0.046875,0.015625,0.125,0.0703125,0.1875,0.1484375
383,UNO,UNO,45111.63671875,1741.842041015625,0.3061447441577911,0.0003042522585019,16667.6328125,2415047.5,5411.15283203125,25586.96875,0.0174428280442953,0.98255717754364,0.0152067909948527,0.078125,0.0078125,0.1015625,0.21875,0.046875,0.015625,0.125,0.0703125,0.1875,0.1484375
384,UNO,UNO,45302.40234375,1742.062744140625,0.3077427744865417,0.0027886028401553,16705.267578125,11638487.0,8630.8984375,25535.669921875,0.0528072230517864,0.9471927881240844,0.0149472920165862,0.0859375,0.015625,0.09375,0.21875,0.046875,0.015625,0.125,0.0703125,0.1796875,0.1484375
385,UNO,UNO,45329.7890625,1744.120849609375,0.3047238290309906,0.0052782436832785,16730.40625,-14175667.0,7596.841796875,25684.1796875,-0.072651520371437,1.072651505470276,0.015384250000352,0.0859375,0.015625,0.09375,0.21875,0.046875,0.015625,0.125,0.0703125,0.1796875,0.1484375
386,UNO,UNO,45548.46484375,1747.1053466796875,0.3005753457546234,0.002663250779733,16722.861328125,-8797376.0,6450.5224609375,26427.263671875,-0.0516066923737525,1.0516066551208496,0.0159063749888446,0.0859375,0.015625,0.09375,0.2109375,0.0546875,0.015625,0.125,0.0703125,0.1875,0.140625
387,UNO,UNO,45665.2109375,1750.1165771484375,0.2950366735458374,0.0012571878032758,16700.060546875,5916778.0,6398.70654296875,26079.123046875,0.0354568436741828,0.9645431637763976,0.0152513330103829,0.0859375,0.015625,0.09375,0.2109375,0.0546875,0.015625,0.125,0.0703125,0.1875,0.140625
388,UNO,UNO,45504.984375,1752.189697265625,0.293285995721817,0.0011519718682393,16630.615234375,4245264.0,4755.173828125,26303.73046875,0.0339407101273536,0.9660592675209044,0.0153445829928386,0.0859375,0.015625,0.09375,0.2109375,0.0546875,0.015625,0.125,0.0703125,0.1875,0.140625
389,UNO,UNO,45222.84375,1751.614990234375,0.2941604852676391,0.0046145222149789,16670.845703125,9833081.0,5643.9169921875,25647.53515625,0.0679302737116813,0.932069718837738,0.0157804579939693,0.078125,0.015625,0.1015625,0.2109375,0.0546875,0.015625,0.125,0.0703125,0.1875,0.140625
390,UNO,UNO,44845.0703125,1750.9881591796875,0.2992787361145019,2.688229869818315e-05,16690.71875,792028.25,6191.84423828125,24671.013671875,0.0051848143339157,0.9948151707649232,0.0154627909942064,0.078125,0.015625,0.1015625,0.2109375,0.0546875,0.015625,0.125,0.0703125,0.1875,0.140625
391,UNO,UNO,44647.23828125,1752.4248046875,0.3036552667617798,0.0156823117285966,16689.552734375,-19133072.0,6303.216796875,24239.15234375,-0.1252290308475494,1.125229001045227,0.0145196670200675,0.078125,0.015625,0.1015625,0.2109375,0.046875,0.015625,0.125,0.0703125,0.1875,0.1484375
392,UNO,UNO,44916.85546875,1752.2353515625,0.3080013394355774,0.0029861975926905,16692.59375,-8423021.0,6294.63916015625,24487.119140625,-0.054646112024784,1.054646134376526,0.0143718339968472,0.0859375,0.015625,0.09375,0.21875,0.046875,0.015625,0.125,0.0703125,0.1796875,0.1484375
393,UNO,UNO,45158.86328125,1751.041015625,0.3113049268722534,0.0001084507093764,16671.962890625,1910466.625,7409.416015625,24759.349609375,0.0104139670729637,0.989586055278778,0.0145951659942511,0.0859375,0.015625,0.09375,0.21875,0.046875,0.015625,0.125,0.0703125,0.1796875,0.1484375
394,UNO,UNO,45490.2421875,1750.550048828125,0.3116225004196167,0.0168793313205242,16674.775390625,13731396.0,4267.833984375,24764.498046875,0.129920482635498,0.870079517364502,0.0144322919950354,0.0859375,0.015625,0.09375,0.21875,0.046875,0.015625,0.125,0.0703125,0.1796875,0.1484375
395,UNO,UNO,45402.953125,1750.1572265625,0.3106631338596344,0.0053352392278611,16654.166015625,-14486859.0,8380.7509765625,23665.43359375,-0.0730427205562591,1.0730427503585815,0.0152119999984279,0.0859375,0.015625,0.09375,0.21875,0.0546875,0.015625,0.125,0.0703125,0.1796875,0.140625
396,UNO,UNO,45418.109375,1749.5213623046875,0.3075396716594696,0.0032202471047639,16699.373046875,-12390694.0,9041.6474609375,24149.23828125,-0.0567472204566001,1.0567471981048584,0.0148131249879952,0.0859375,0.015625,0.09375,0.2109375,0.0546875,0.015625,0.125,0.0703125,0.1875,0.140625
397,UNO,UNO,45228.26171875,1751.69970703125,0.3045234680175781,8.010234751054668e-07,16622.46484375,-104327.546875,4770.66943359375,24434.04296875,-0.0008949991315603,1.0008950233459473,0.0144227920100092,0.0859375,0.015625,0.09375,0.2109375,0.0546875,0.015625,0.125,0.0703125,0.1875,0.140625
398,UNO,UNO,45129.953125,1752.6279296875,0.2995595335960388,0.002922544023022,16686.087890625,8307879.0,6497.1552734375,23653.0078125,0.0540605597198009,0.9459394216537476,0.014605542004574,0.078125,0.015625,0.1015625,0.2109375,0.0546875,0.0078125,0.1328125,0.0703125,0.1875,0.140625
399,UNO,UNO,45011.58203125,1754.943359375,0.2942172288894653,0.000116700088256,16651.396484375,2228172.0,8139.3232421875,25341.044921875,0.0108027812093496,0.9891971945762634,0.0144129160034935,0.078125,0.015625,0.1015625,0.21875,0.0546875,0.015625,0.125,0.0703125,0.1796875,0.140625
400,UNO,UNO,45023.36328125,1756.541748046875,0.287962406873703,0.0041389730758965,16677.087890625,-11662909.0,7049.0810546875,25717.462890625,-0.0643348470330238,1.0643348693847656,0.0145695419923868,0.078125,0.0078125,0.1015625,0.2109375,0.0546875,0.015625,0.125,0.0703125,0.1953125,0.140625
401,UNO,UNO,45095.71875,1757.228271484375,0.2830403745174408,0.000242734211497,16646.75390625,-2359943.5,5999.2939453125,25248.51171875,-0.015579929575324,1.0155799388885498,0.0149105830059852,0.078125,0.0078125,0.1015625,0.2109375,0.0546875,0.015625,0.125,0.0703125,0.1953125,0.140625
402,UNO,UNO,45297.13671875,1758.123291015625,0.2815205156803131,0.000639273028355,16646.44140625,-4787758.5,7492.0478515625,25274.845703125,-0.0252838488668203,1.0252838134765625,0.0150610409909859,0.078125,0.0078125,0.1015625,0.2109375,0.0546875,0.015625,0.125,0.0703125,0.1953125,0.140625
403,UNO,UNO,45453.1640625,1758.349609375,0.2868730425834656,0.0005375471082516,16628.921875,3020353.0,4881.37451171875,26687.455078125,0.0231850612908601,0.9768149256706238,0.0148107499990146,0.0859375,0.0078125,0.09375,0.2109375,0.0546875,0.015625,0.125,0.0703125,0.1953125,0.140625
404,UNO,UNO,45538.84375,1758.680908203125,0.2947941422462463,0.0046406970359385,16612.95703125,7247019.0,4387.54638671875,24246.333984375,0.0681226626038551,0.9318773150444032,0.015390083019156,0.0859375,0.015625,0.09375,0.2109375,0.0546875,0.015625,0.125,0.0703125,0.1875,0.140625
405,UNO,UNO,45403.92578125,1758.526123046875,0.3030045628547668,0.002025332301855,16627.498046875,-5968813.0,5352.42236328125,24779.318359375,-0.0450036898255348,1.0450036525726318,0.0153003750019706,0.0859375,0.015625,0.09375,0.2109375,0.0546875,0.015625,0.125,0.0703125,0.1875,0.140625
406,UNO,UNO,45161.640625,1758.434326171875,0.3067024648189544,0.0003470992378424,16608.595703125,-3284458.5,7224.92919921875,24400.765625,-0.0186305996030569,1.0186306238174438,0.0158149999915622,0.0859375,0.015625,0.09375,0.2109375,0.0546875,0.015625,0.125,0.0703125,0.1875,0.140625
407,UNO,UNO,45083.5546875,1756.784912109375,0.3051340281963348,0.0015079460572451,16600.583984375,-5645901.0,6038.95166015625,24075.69140625,-0.0388322807848453,1.0388323068618774,0.0151608750165905,0.0859375,0.015625,0.09375,0.2109375,0.0546875,0.015625,0.125,0.0703125,0.1875,0.140625
408,UNO,UNO,45207.4609375,1754.314453125,0.3021419942378998,0.0002895327634178,16608.693359375,3421884.25,7988.62353515625,25173.548828125,0.0170156620442867,0.9829843640327454,0.0154440420155879,0.0859375,0.015625,0.09375,0.2109375,0.0546875,0.015625,0.125,0.0703125,0.1875,0.140625
409,UNO,UNO,45315.890625,1752.2734375,0.3022706210613251,0.0141577990725636,16611.484375,15985873.0,5444.740234375,24675.236328125,0.1189865469932556,0.8810134530067444,0.0148271659854799,0.0859375,0.015625,0.09375,0.2109375,0.0546875,0.015625,0.125,0.0703125,0.1875,0.140625
410,UNO,UNO,45228.09765625,1750.050048828125,0.3037478923797607,0.0081918127834796,16602.083984375,-20664080.0,8828.30078125,25861.2109375,-0.0905086323618888,1.0905085802078247,0.0149335830064956,0.0859375,0.015625,0.09375,0.2109375,0.0546875,0.015625,0.125,0.0703125,0.1875,0.140625
411,UNO,UNO,45222.8828125,1747.364013671875,0.3022193312644958,0.001954902196303,16608.591796875,-8689597.0,8086.9228515625,24302.65625,-0.0442142747342586,1.0442142486572266,0.0145322500029578,0.0859375,0.015625,0.09375,0.2265625,0.046875,0.015625,0.125,0.0703125,0.171875,0.1484375
412,UNO,UNO,45339.9140625,1744.45947265625,0.2960561513900757,0.0010291363578289,16634.681640625,-5582770.0,7095.6982421875,24525.513671875,-0.0320801548659801,1.0320801734924316,0.0148178329982329,0.0859375,0.015625,0.09375,0.2265625,0.046875,0.015625,0.125,0.0703125,0.171875,0.1484375
413,UNO,UNO,45248.890625,1742.8197021484375,0.2886539399623871,5.406215223047184e-06,16563.66796875,-252912.375,4259.7255859375,25535.3046875,-0.0023251269012689,1.002325177192688,0.015040250000311,0.0859375,0.015625,0.09375,0.2265625,0.046875,0.015625,0.125,0.0703125,0.171875,0.1484375
414,UNO,UNO,45450.69140625,1739.8365478515625,0.283511072397232,0.0061052236706018,16664.162109375,16393827.0,8438.7041015625,24863.013671875,0.0781359300017356,0.921864092350006,0.0153496660059317,0.0859375,0.015625,0.09375,0.2265625,0.0546875,0.015625,0.125,0.0703125,0.171875,0.140625
415,UNO,UNO,45302.8046875,1739.8743896484375,0.2843351066112518,8.815356522973161e-06,16616.162109375,-649734.25,8754.5537109375,24996.669921875,-0.0029690666124224,1.0029690265655518,0.014984125009505,0.0859375,0.015625,0.09375,0.21875,0.0546875,0.015625,0.125,0.0703125,0.1796875,0.140625
416,UNO,UNO,45132.2578125,1739.364013671875,0.2890066802501678,0.0021289202850311,16604.96875,7530515.5,6662.42724609375,24496.98046875,0.0461402237415313,0.953859806060791,0.0154356250131968,0.0859375,0.0078125,0.09375,0.2109375,0.0546875,0.015625,0.125,0.0703125,0.1953125,0.140625
417,UNO,UNO,45164.1484375,1738.508544921875,0.2942820489406585,8.846895798342302e-05,16576.44140625,1753170.0,7308.3037109375,25504.23046875,0.0094057936221361,0.990594208240509,0.0154915409802924,0.0859375,0.0078125,0.09375,0.2109375,0.0546875,0.015625,0.125,0.0703125,0.1953125,0.140625
418,UNO,UNO,45174.3125,1738.169921875,0.2994217872619629,0.0002246938965981,16590.90625,-3051050.75,7989.18505859375,25477.17578125,-0.0149897933006286,1.0149898529052734,0.0153230829746462,0.0859375,0.015625,0.09375,0.2109375,0.0546875,0.015625,0.125,0.0703125,0.1875,0.140625
419,UNO,UNO,45123.234375,1736.947998046875,0.300689697265625,0.0021697916090488,16602.578125,-10709478.0,9223.5517578125,24926.484375,-0.0465810224413871,1.0465810298919678,0.0156355000217445,0.0859375,0.015625,0.09375,0.2109375,0.046875,0.015625,0.125,0.0703125,0.1875,0.1484375
420,UNO,UNO,45168.80859375,1735.4423828125,0.300153911113739,0.0018937274580821,16591.927734375,-5292386.5,4928.5869140625,24675.75390625,-0.0435169786214828,1.043516993522644,0.0152533749933354,0.0859375,0.015625,0.09375,0.21875,0.046875,0.015625,0.125,0.0703125,0.1796875,0.1484375
421,UNO,UNO,45391.953125,1735.485595703125,0.2956163883209228,0.0009490081574767,16564.98046875,3791663.0,4903.1689453125,25102.548828125,0.0308059751987457,0.9691940546035768,0.0149498749815393,0.0859375,0.015625,0.09375,0.21875,0.0546875,0.015625,0.125,0.0703125,0.1796875,0.140625
422,UNO,UNO,45525.0390625,1735.5899658203125,0.2906761467456817,0.0046749622561037,16608.88671875,14241433.0,8629.48828125,24136.794921875,0.0683736950159072,0.931626319885254,0.0146816250053234,0.0859375,0.015625,0.09375,0.21875,0.0546875,0.015625,0.125,0.0703125,0.1796875,0.140625
423,UNO,UNO,45220.63671875,1738.4564208984375,0.2849316000938415,0.0001802078186301,16546.619140625,2215746.5,6500.53125,25391.26171875,0.0134241506457328,0.9865758419036864,0.0141704170091543,0.0859375,0.0078125,0.09375,0.21875,0.0546875,0.015625,0.125,0.0703125,0.1875,0.140625
424,UNO,UNO,45110.21484375,1740.463623046875,0.2824232578277588,1.876555143098813e-05,16558.83203125,-629777.25,5844.8447265625,24873.298828125,-0.0043319221585989,1.0043319463729858,0.014572665997548,0.0859375,0.0078125,0.09375,0.21875,0.0546875,0.015625,0.125,0.0703125,0.1875,0.140625
425,UNO,UNO,45106.9921875,1742.1923828125,0.2831306755542755,0.0104294279590249,16553.798828125,-17535878.0,6720.71826171875,25549.443359375,-0.1021245718002319,1.102124571800232,0.0147234580072108,0.0859375,0.0078125,0.09375,0.2109375,0.0546875,0.015625,0.125,0.0703125,0.1953125,0.140625
426,UNO,UNO,45200.328125,1743.43798828125,0.2866298854351043,0.0021852664649486,16557.845703125,-6298308.0,5383.76904296875,25025.65234375,-0.0467468313872814,1.046746850013733,0.014293791988166,0.0859375,0.015625,0.09375,0.2109375,0.0546875,0.015625,0.125,0.0703125,0.1875,0.140625
427,UNO,UNO,45324.5078125,1744.401123046875,0.2900449931621551,0.0004260262358002,16547.365234375,3598057.5,6455.95556640625,27001.595703125,0.0206404030323028,0.9793596267700196,0.0144286660070065,0.0859375,0.015625,0.09375,0.2109375,0.0546875,0.015625,0.125,0.0703125,0.1875,0.140625
428,UNO,UNO,45351.578125,1745.086181640625,0.2938147485256195,0.0264299847185611,16562.3203125,18978056.0,4474.50537109375,26089.05078125,0.1625730097293853,0.837427020072937,0.0142838330066297,0.0859375,0.015625,0.09375,0.203125,0.0546875,0.015625,0.125,0.0703125,0.1953125,0.140625
429,UNO,UNO,44947.28515625,1745.734130859375,0.2972559928894043,0.0011877348879352,16544.5390625,-7851304.0,8660.6552734375,26304.576171875,-0.0344635285437107,1.0344635248184204,0.0146317909820936,0.0859375,0.015625,0.09375,0.1953125,0.0546875,0.015625,0.125,0.0703125,0.203125,0.140625
430,UNO,UNO,44797.8984375,1746.891357421875,0.2993550300598144,0.0051743160001933,16570.61328125,-20119868.0,11241.5546875,24881.251953125,-0.0719327181577682,1.071932673454285,0.0144961250189226,0.0859375,0.015625,0.09375,0.1953125,0.0546875,0.015625,0.125,0.0703125,0.203125,0.140625
431,UNO,UNO,44814.4140625,1747.44775390625,0.299096405506134,0.0066326437518,16567.517578125,-12851719.0,6624.95556640625,23819.62109375,-0.081441044807434,1.081441044807434,0.0145094579784199,0.0859375,0.015625,0.09375,0.2109375,0.0546875,0.015625,0.125,0.0703125,0.1875,0.140625
432,UNO,UNO,44962.98828125,1748.119873046875,0.2949565351009369,5.863797923666425e-05,16553.568359375,1098058.625,5828.244140625,24603.580078125,0.0076575437560677,0.992342472076416,0.0143607500067446,0.078125,0.015625,0.09375,0.21875,0.046875,0.015625,0.1328125,0.0703125,0.1796875,0.1484375
433,UNO,UNO,45261.546875,1749.4794921875,0.2901132702827453,0.0023714692797511,16570.244140625,9268542.0,7503.63671875,25364.76953125,0.0486977323889732,0.9513022899627686,0.0141763749998062,0.078125,0.015625,0.09375,0.21875,0.046875,0.015625,0.1328125,0.0703125,0.1796875,0.1484375
434,UNO,UNO,45271.609375,1751.9266357421875,0.2863527834415436,0.0002113862574333,16598.359375,3412875.0,9137.8603515625,25688.431640625,0.0145391281694173,0.985460877418518,0.0143882499833125,0.078125,0.0078125,0.09375,0.2265625,0.046875,0.015625,0.1328125,0.0703125,0.1796875,0.1484375
435,UNO,UNO,45080.109375,1756.19921875,0.28376105427742,0.0014326949603855,16540.37109375,-5284842.5,5393.10009765625,25889.08203125,-0.0378509573638439,1.0378509759902954,0.0145567909930832,0.078125,0.015625,0.09375,0.2265625,0.0546875,0.015625,0.1328125,0.0703125,0.171875,0.140625
436,UNO,UNO,45121.46875,1761.3154296875,0.2848533391952514,0.0001056883193086,16536.01171875,-1503594.75,5453.72705078125,26817.873046875,-0.0102804824709892,1.0102804899215698,0.014417250000406,0.0703125,0.015625,0.1015625,0.21875,0.0546875,0.015625,0.1328125,0.0703125,0.1796875,0.140625
437,UNO,UNO,44906.28125,1766.244384765625,0.2870106101036072,0.0013855576980859,16517.267578125,5894865.5,6060.80078125,26129.525390625,0.0372230783104896,0.9627768993377686,0.0145074580213986,0.0703125,0.015625,0.1015625,0.2109375,0.0546875,0.015625,0.1328125,0.0703125,0.1875,0.140625
438,UNO,UNO,44993.6015625,1769.5755615234375,0.2892122268676758,0.0079556796699762,16518.908203125,14647815.0,6076.544921875,27025.736328125,0.0891946107149124,0.9108054041862488,0.0149002090038266,0.0703125,0.015625,0.1015625,0.2109375,0.0546875,0.015625,0.1328125,0.0703125,0.1875,0.140625
439,UNO,UNO,44932.0390625,1772.377197265625,0.2924725115299225,0.0055531915277242,16519.458984375,-10204013.0,5356.1279296875,25565.16796875,-0.0745197385549545,1.0745197534561155,0.0143846250139176,0.0703125,0.015625,0.1015625,0.21875,0.0546875,0.015625,0.1328125,0.0703125,0.1796875,0.140625
440,UNO,UNO,44954.59765625,1774.0118408203125,0.289561927318573,0.0002429905580356,16541.95703125,-2498503.25,6380.7119140625,25119.791015625,-0.0155881540849804,1.0155881643295288,0.014225917024305,0.0859375,0.015625,0.09375,0.21875,0.0546875,0.015625,0.125,0.0703125,0.1796875,0.140625
441,UNO,UNO,45144.078125,1777.155517578125,0.287576675415039,0.0002715394075494,16504.794921875,2436275.25,5750.33154296875,25710.8828125,0.0164784528315067,0.9835215210914612,0.014327041018987,0.0859375,0.015625,0.09375,0.21875,0.0546875,0.015625,0.125,0.0703125,0.1796875,0.140625
442,UNO,UNO,45224.04296875,1779.89111328125,0.2844120264053345,0.0014077229425311,16537.884765625,5446607.0,5772.841796875,25146.517578125,0.037519633769989,0.962480366230011,0.0142740419832989,0.0859375,0.015625,0.09375,0.21875,0.0546875,0.015625,0.125,0.0703125,0.1796875,0.140625
443,UNO,UNO,45270.23828125,1782.701416015625,0.2851153612136841,0.0002417545038042,16493.515625,-2247635.0,5744.66845703125,25163.6484375,-0.0155484564602375,1.0155484676361084,0.0145305420155636,0.0859375,0.015625,0.09375,0.21875,0.0546875,0.015625,0.125,0.0703125,0.1796875,0.140625
444,UNO,UNO,45107.96875,1783.4537353515625,0.2891380488872528,0.0106371426954865,16485.4296875,-12778952.0,4859.02783203125,25499.6015625,-0.1031365245580673,1.1031365394592283,0.0144082499900832,0.0859375,0.015625,0.09375,0.21875,0.046875,0.015625,0.125,0.0703125,0.1796875,0.1484375
445,UNO,UNO,45209.84375,1781.16259765625,0.291572242975235,0.0055014579556882,16535.83984375,9885778.0,5300.837890625,25143.599609375,0.0741718113422393,0.925828218460083,0.0146701660123653,0.078125,0.015625,0.09375,0.21875,0.0546875,0.015625,0.1328125,0.0703125,0.1796875,0.140625
446,UNO,UNO,45002.53125,1780.4215087890625,0.2952945828437805,9.818387479754163e-05,16507.3203125,-1330828.875,5292.3330078125,25377.8671875,-0.0099087776616215,1.0099087953567505,0.014464959007455,0.0703125,0.015625,0.1015625,0.21875,0.0546875,0.015625,0.1328125,0.0703125,0.1796875,0.140625
447,UNO,UNO,44840.67578125,1779.520751953125,0.2948698401451111,2.2453263227362182e-05,16497.34765625,848291.125,6977.8134765625,25655.8203125,0.0047384873032569,0.9952614903450012,0.0141845409816596,0.0703125,0.015625,0.1015625,0.21875,0.0546875,0.015625,0.1328125,0.0703125,0.1796875,0.140625
448,UNO,UNO,44815.7109375,1777.275390625,0.2931848764419555,0.0047244699671864,16523.88671875,9406982.0,5456.5419921875,25081.662109375,0.0687347799539566,0.9312652349472046,0.0145041659998241,0.0703125,0.015625,0.1015625,0.2109375,0.0546875,0.015625,0.1328125,0.0703125,0.1875,0.140625
449,UNO,UNO,44624.28125,1775.6396484375,0.291114330291748,0.0010879230685532,16502.05859375,4881173.0,5965.04931640625,24809.10546875,0.0329836793243885,0.967016339302063,0.0146282499772496,0.0703125,0.015625,0.1015625,0.2109375,0.0546875,0.015625,0.1328125,0.0703125,0.1875,0.140625
450,UNO,UNO,44759.1796875,1773.6739501953125,0.2883630394935608,0.0004587823641486,16497.1328125,-3825840.0,7414.33740234375,24090.79296875,-0.0214192047715187,1.0214191675186155,0.0146961660066153,0.0703125,0.015625,0.1015625,0.2109375,0.0546875,0.015625,0.1328125,0.0703125,0.1875,0.140625
451,UNO,UNO,44866.62890625,1771.252685546875,0.2872780859470367,0.0092535829171538,16517.388671875,-13891033.0,5949.45068359375,24271.84375,-0.0961955413222312,1.0961955785751345,0.0143900000257417,0.078125,0.015625,0.09375,0.2109375,0.046875,0.015625,0.1328125,0.0703125,0.1875,0.1484375
452,UNO,UNO,45029.234375,1769.484619140625,0.2827515304088592,0.0004292579251341,16466.0234375,-3202050.75,6457.92578125,23931.8359375,-0.020718540996313,1.0207185745239258,0.0145199999969918,0.0859375,0.015625,0.09375,0.2109375,0.046875,0.015625,0.125,0.0703125,0.1875,0.1484375
453,UNO,UNO,45307.78515625,1766.62841796875,0.2804035246372223,0.0025854033883661,16482.080078125,8200996.0,6716.8203125,24012.57421875,0.0508468598127365,0.9491531252861024,0.0142282499873545,0.0859375,0.0078125,0.09375,0.2109375,0.0546875,0.015625,0.125,0.0703125,0.1953125,0.140625
454,UNO,UNO,45289.51171875,1763.861572265625,0.2823295295238495,0.0044105499982833,16503.224609375,9956095.0,6237.76171875,24033.330078125,0.0664119720458984,0.9335880279541016,0.0144757500092964,0.0859375,0.0078125,0.09375,0.21875,0.0546875,0.015625,0.125,0.0703125,0.1875,0.140625
455,UNO,UNO,45020.34765625,1763.406982421875,0.2876962721347809,0.0003783582069445,16478.865234375,-3299882.75,7251.396484375,23395.125,-0.0194514319300651,1.019451379776001,0.0141715409990865,0.078125,0.015625,0.09375,0.21875,0.0546875,0.015625,0.1328125,0.0703125,0.1796875,0.140625
456,UNO,UNO,44772.56640625,1763.35009765625,0.2922413051128387,0.0031098474282771,16496.849609375,-9246784.0,6956.62646484375,23835.400390625,-0.0557660050690174,1.055765986442566,0.0146051249757874,0.078125,0.015625,0.09375,0.21875,0.0546875,0.015625,0.1328125,0.0703125,0.1796875,0.140625
457,UNO,UNO,44626.51953125,1764.18603515625,0.2955459356307983,0.0008212687680497,16465.091796875,-4114713.75,6050.08349609375,23732.064453125,-0.0286577865481376,1.0286577939987185,0.0144069579837378,0.078125,0.015625,0.09375,0.21875,0.0546875,0.015625,0.1328125,0.0703125,0.1796875,0.140625
458,UNO,UNO,44813.08984375,1764.3623046875,0.2954881191253662,0.0008134397794492,16472.29296875,6149360.0,9076.208984375,23755.42578125,0.0285208653658628,0.9714791178703308,0.0148432079877238,0.078125,0.015625,0.09375,0.21875,0.0546875,0.015625,0.1328125,0.0703125,0.1796875,0.140625
459,UNO,UNO,44847.75390625,1763.201171875,0.2892847061157226,9.63144120760262e-05,16463.490234375,-2212690.75,9296.11328125,24253.4609375,-0.0098139904439449,1.0098140239715576,0.0145162500266451,0.078125,0.015625,0.09375,0.21875,0.0546875,0.015625,0.1328125,0.0703125,0.1796875,0.140625
460,UNO,UNO,45072.3984375,1762.1280517578125,0.2806967794895172,0.0003617126785684,16477.267578125,4342972.0,9416.61328125,24249.927734375,0.0190187450498342,0.9809812307357788,0.0142823329952079,0.078125,0.015625,0.09375,0.21875,0.0546875,0.015625,0.1328125,0.0703125,0.1796875,0.140625
461,UNO,UNO,45122.65625,1762.4921875,0.2741051018238067,6.368147296598181e-05,16463.916015625,1418882.25,7420.97314453125,23959.5703125,0.0079800672829151,0.9920199513435364,0.0144164170196745,0.078125,0.015625,0.09375,0.2109375,0.0546875,0.015625,0.1328125,0.0703125,0.1875,0.140625
462,UNO,UNO,45051.16015625,1762.51708984375,0.2735304832458496,9.201520879287271e-05,16471.607421875,1534440.75,6698.998046875,23878.68359375,0.0095924558117985,0.9904075264930724,0.0145853330031968,0.078125,0.015625,0.09375,0.2109375,0.0546875,0.015625,0.1328125,0.0703125,0.1875,0.140625
463,UNO,UNO,45008.26953125,1763.0625,0.2762524485588074,0.000260380184045,16475.560546875,2718409.5,7028.95654296875,23967.353515625,0.0161362998187541,0.9838637113571168,0.0144783750001806,0.078125,0.015625,0.09375,0.2109375,0.0546875,0.015625,0.1328125,0.0703125,0.1875,0.140625
464,UNO,UNO,44764.37890625,1764.35546875,0.2839559614658355,0.0016477138269692,16405.248046875,-4408662.5,4568.6015625,23772.927734375,-0.0405920408666133,1.040592074394226,0.0144277079962193,0.078125,0.015625,0.09375,0.2109375,0.0546875,0.015625,0.1328125,0.0703125,0.1875,0.140625
465,UNO,UNO,44737.98046875,1763.724365234375,0.2890191674232483,0.0030673590954393,16447.81640625,7314286.5,5613.6494140625,23525.794921875,0.0553837418556213,0.9446162581443788,0.0144340410188306,0.078125,0.015625,0.09375,0.21875,0.046875,0.015625,0.1328125,0.0703125,0.1796875,0.1484375
466,UNO,UNO,44788.390625,1764.4276123046875,0.2909805178642273,0.0008454669150523,16445.07421875,4782442.0,6863.8466796875,23962.58984375,0.0290769133716821,0.9709230661392212,0.0141610839928034,0.078125,0.015625,0.09375,0.21875,0.046875,0.015625,0.1328125,0.0703125,0.1796875,0.1484375
467,UNO,UNO,44693.0625,1764.9527587890625,0.2890793681144714,0.0034784211311489,16425.03125,-9012041.0,6509.64013671875,23473.3515625,-0.0589781403541564,1.0589780807495115,0.0143572500091977,0.0859375,0.015625,0.09375,0.21875,0.046875,0.015625,0.125,0.0703125,0.1796875,0.1484375
468,UNO,UNO,44830.5546875,1764.1953125,0.2844737768173218,0.0061149997636675,16433.642578125,-8858958.0,4806.51806640625,23569.689453125,-0.0781984627246856,1.0781984329223633,0.0143802499806042,0.0859375,0.015625,0.09375,0.21875,0.046875,0.015625,0.125,0.0703125,0.1796875,0.1484375
469,UNO,UNO,45112.66015625,1764.5565185546875,0.2787846624851227,0.0021321789827197,16416.556640625,8863335.0,7851.2744140625,24448.1015625,0.0461755208671093,0.9538244605064392,0.0146175000118091,0.078125,0.015625,0.09375,0.21875,0.0546875,0.015625,0.1328125,0.0703125,0.1796875,0.140625
470,UNO,UNO,45270.8828125,1763.246337890625,0.2757932543754577,0.0057436116039752,16397.33203125,10162705.0,5542.1875,24195.552734375,0.0757866203784942,0.924213409423828,0.0142228750046342,0.078125,0.015625,0.09375,0.21875,0.0546875,0.015625,0.1328125,0.0703125,0.1796875,0.140625
471,UNO,UNO,45324.9609375,1759.7320556640625,0.2765765786170959,0.0005144194001331,16472.708984375,4247766.0,7733.49951171875,24217.30859375,0.0226808153092861,0.9773191809654236,0.0147073330008424,0.078125,0.015625,0.09375,0.21875,0.0546875,0.015625,0.1328125,0.0703125,0.1796875,0.140625
472,UNO,UNO,44912.0234375,1757.67041015625,0.2800367474555969,2.190559280279558e-05,16433.861328125,777382.25,6931.64501953125,23961.880859375,0.0046803411096334,0.995319664478302,0.0143582080199848,0.0703125,0.015625,0.1015625,0.2109375,0.0546875,0.015625,0.1328125,0.0703125,0.1875,0.140625
473,UNO,UNO,44662.14453125,1755.7630615234375,0.2834437489509582,0.0022967231925576,16411.5,8366760.5,6973.8720703125,25033.92578125,0.0479241386055946,0.9520758390426636,0.0143140840227715,0.0703125,0.015625,0.1015625,0.2109375,0.0546875,0.015625,0.1328125,0.0703125,0.1875,0.140625
474,UNO,UNO,44444.6484375,1754.5078125,0.2874150276184082,0.0001556987699586,16421.0390625,-2295175.25,7163.8525390625,25675.953125,-0.0124779306352138,1.0124778747558594,0.0145300830190535,0.0703125,0.015625,0.1015625,0.2109375,0.0546875,0.015625,0.1328125,0.0703125,0.1875,0.140625
475,UNO,UNO,44484.7890625,1754.6185302734375,0.2884914875030517,0.0064579709433019,16426.66796875,-13296036.0,6502.810546875,25443.275390625,-0.0803615003824234,1.0803614854812622,0.0144178750051651,0.0703125,0.015625,0.1015625,0.2109375,0.0546875,0.015625,0.1328125,0.0703125,0.1875,0.140625
476,UNO,UNO,44680.6640625,1754.1839599609375,0.2862332165241241,3.459857907728292e-05,16385.2109375,1068611.25,6838.96630859375,26564.40625,0.0058820554986596,0.9941179156303406,0.0144898330036085,0.078125,0.015625,0.09375,0.21875,0.0546875,0.015625,0.1328125,0.0703125,0.1796875,0.140625
477,UNO,UNO,45050.234375,1751.73681640625,0.2824608087539673,2.764779480912694e-07,16428.599609375,124854.84375,9255.251953125,25655.720703125,0.0005258116871118,0.9994741678237916,0.0140965829777996,0.078125,0.015625,0.09375,0.21875,0.0546875,0.015625,0.1328125,0.0703125,0.1796875,0.140625
478,UNO,UNO,45379.73046875,1749.3837890625,0.2759058475494385,0.02336928807199,16466.109375,24514480.0,5761.5078125,27833.240234375,0.152870163321495,0.8471298217773438,0.0145342919859103,0.078125,0.015625,0.09375,0.21875,0.0546875,0.015625,0.1328125,0.0703125,0.1796875,0.140625
479,UNO,UNO,45200.9296875,1749.954345703125,0.2745403051376343,0.0064028361812233,16419.61328125,-18750868.0,8972.5478515625,26116.763671875,-0.0800177231431007,1.0800176858901978,0.0141316249791998,0.078125,0.015625,0.09375,0.21875,0.0546875,0.015625,0.1328125,0.0703125,0.1796875,0.140625
480,UNO,UNO,45186.23046875,1746.8394775390625,0.2742058336734772,0.0130634987726807,16487.49609375,-40588584.0,13385.1533203125,26530.83203125,-0.1142956614494323,1.1142957210540771,0.0147343749995343,0.078125,0.0078125,0.09375,0.21875,0.0546875,0.015625,0.1328125,0.0703125,0.1875,0.140625
481,UNO,UNO,45067.8359375,1743.28564453125,0.2747423052787781,0.0073486878536641,16437.861328125,-15342972.0,6822.05126953125,26235.51953125,-0.0857244879007339,1.0857244729995728,0.0144214169995393,0.078125,0.0078125,0.09375,0.21875,0.046875,0.015625,0.1328125,0.0703125,0.1875,0.1484375
482,UNO,UNO,45031.7890625,1741.9141845703125,0.2758344411849975,0.0008040619431994,16414.130859375,5872429.0,8181.2841796875,25313.466796875,0.028355985879898,0.9716440439224244,0.0143622910254634,0.078125,0.0078125,0.09375,0.21875,0.046875,0.015625,0.1328125,0.0703125,0.1875,0.1484375
483,UNO,UNO,45131.6015625,1741.4361572265625,0.2790006697177887,0.0082864938303828,16453.501953125,33630684.0,14113.0947265625,26177.494140625,0.0910301804542541,0.9089698195457458,0.0145752079843077,0.078125,0.015625,0.09375,0.21875,0.046875,0.015625,0.1328125,0.0703125,0.1796875,0.1484375
484,UNO,UNO,44917.0390625,1743.319580078125,0.2860943973064422,0.0077660591341555,16395.154296875,13301610.0,6332.31884765625,23836.421875,0.0881252437829971,0.911874771118164,0.0323054580076132,0.078125,0.015625,0.09375,0.21875,0.046875,0.015625,0.1328125,0.078125,0.1796875,0.140625
485,UNO,UNO,44729.09765625,1745.114501953125,0.2915715277194977,0.0003686368872877,16367.8955078125,-2898166.0,6315.015625,23902.833984375,-0.0191999189555645,1.0191999673843384,0.0148377080040518,0.078125,0.015625,0.09375,0.21875,0.046875,0.015625,0.1328125,0.078125,0.1796875,0.140625
486,UNO,UNO,44551.1640625,1744.7598876953125,0.2901087999343872,0.0006663703243248,16415.25390625,-5680516.0,9410.9443359375,23382.8125,-0.0258141495287418,1.025814175605774,0.0147032089880667,0.078125,0.015625,0.09375,0.21875,0.046875,0.015625,0.1328125,0.0703125,0.1796875,0.1484375
487,UNO,UNO,44603.75,1744.066650390625,0.2858808040618896,0.000771710590925,16423.4375,7231243.0,11078.2548828125,23497.107421875,0.0277796797454357,0.9722203016281128,0.0147726249997504,0.078125,0.015625,0.09375,0.2265625,0.046875,0.015625,0.1328125,0.0703125,0.171875,0.1484375
488,UNO,UNO,44651.09375,1742.5159912109375,0.2784449160099029,0.006418717559427,16414.02734375,-14143872.0,7514.9443359375,23491.912109375,-0.0801168978214263,1.080116868019104,0.014500583987683,0.078125,0.015625,0.09375,0.2109375,0.0546875,0.015625,0.1328125,0.0703125,0.1875,0.140625
489,UNO,UNO,44943.01171875,1742.99169921875,0.2732258141040802,0.0002182454045396,16417.244140625,2784420.5,8006.263671875,23541.40625,0.0147731313481926,0.98522686958313,0.014847375015961,0.078125,0.015625,0.09375,0.203125,0.0546875,0.015625,0.1328125,0.0703125,0.1953125,0.140625
490,UNO,UNO,45049.59375,1745.862548828125,0.2713149487972259,0.0009760768734849,16396.974609375,7075409.0,9479.89453125,23889.447265625,0.0312422290444374,0.9687577486038208,0.0150672910094726,0.078125,0.015625,0.09375,0.203125,0.0546875,0.015625,0.1328125,0.0703125,0.1953125,0.140625
491,UNO,UNO,45093.7578125,1748.0401611328125,0.2723711133003235,0.0038613178767263,16392.9296875,15291886.0,10386.09765625,23694.1328125,0.0621395036578178,0.9378604888916016,0.0166487500246148,0.078125,0.015625,0.09375,0.203125,0.0546875,0.015625,0.1328125,0.0703125,0.1953125,0.140625
492,UNO,UNO,44998.62109375,1749.159423828125,0.2737891674041748,0.0022654770873486,16348.4970703125,6414578.0,5614.3251953125,24004.396484375,0.0475970283150672,0.9524029493331908,0.0164569159969687,0.078125,0.015625,0.09375,0.21875,0.0546875,0.015625,0.1328125,0.0703125,0.1796875,0.140625
493,UNO,UNO,44777.87890625,1749.8465576171875,0.2778702974319458,0.0011377780465409,16389.509765625,-7753472.5,9270.3994140625,24795.28515625,-0.0337309651076793,1.0337309837341309,0.0155768330150749,0.078125,0.015625,0.09375,0.21875,0.0546875,0.015625,0.1328125,0.0703125,0.1796875,0.140625
494,UNO,UNO,44760.78125,1750.7933349609375,0.2824437916278839,0.0033410880714654,16409.380859375,-10354715.0,7115.1162109375,25177.48046875,-0.0578021444380283,1.0578022003173828,0.0146796249900944,0.078125,0.015625,0.09375,0.21875,0.046875,0.015625,0.1328125,0.0703125,0.1796875,0.1484375
495,UNO,UNO,44675.8984375,1753.82763671875,0.2855962514877319,0.0005850893794558,16406.115234375,5690349.0,9117.966796875,25800.599609375,0.0241886209696531,0.9758113622665404,0.0149691249825991,0.078125,0.015625,0.09375,0.21875,0.046875,0.015625,0.1328125,0.0703125,0.1796875,0.1484375
496,UNO,UNO,44770.28125,1758.61962890625,0.2869851887226105,0.0046027400530874,16369.5029296875,-9858022.0,5807.9609375,25018.302734375,-0.067843496799469,1.0678434371948242,0.015082917001564,0.078125,0.015625,0.09375,0.21875,0.0546875,0.015625,0.1328125,0.0703125,0.1796875,0.140625
497,UNO,UNO,44974.21875,1763.4139404296875,0.2876070141792297,9.306555875809865e-05,16370.1474609375,-2272730.25,9401.56640625,25058.396484375,-0.0096470490097999,1.009647011756897,0.0157332919770851,0.078125,0.015625,0.09375,0.21875,0.0546875,0.015625,0.1328125,0.0703125,0.1796875,0.140625
498,UNO,UNO,45203.0703125,1766.42041015625,0.2851181626319885,0.0072356676682829,16392.283203125,17591752.0,7704.66943359375,26842.064453125,0.0850627273321151,0.9149372577667236,0.0158148749906104,0.078125,0.015625,0.09375,0.2109375,0.0546875,0.015625,0.1328125,0.0703125,0.1875,0.140625
499,UNO,UNO,45253.1328125,1769.902587890625,0.2825161516666412,0.0036002171691507,16360.9287109375,8619528.0,5644.41162109375,25450.740234375,0.0600018091499805,0.939998209476471,0.01572200001101,0.078125,0.015625,0.09375,0.2109375,0.0546875,0.015625,0.1328125,0.0703125,0.1875,0.140625
500,UNO,UNO,45147.375,1773.29296875,0.2808766365051269,5.943396445218241e-06,16349.0302734375,-436403.0,7049.8525390625,25391.564453125,-0.0024379082024097,1.002437949180603,0.0155604589963331,0.078125,0.015625,0.09375,0.2109375,0.0546875,0.015625,0.1328125,0.0703125,0.1875,0.140625
1,UNO-S,UNO,46600.5625,1469.882080078125,0.7663294076919556,0.0019161048112437,22372.421875,79781264.0,19648.888671875,92758.421875,0.0437733344733715,0.956226646900177,0.0173152909846976,0.078125,0.0625,0.1015625,0.1328125,0.09375,0.015625,0.125,0.0703125,0.2109375,0.109375
2,UNO-S,S,46438.8125,1460.8035888671875,0.6788533926010132,0.0723918229341507,21853.5859375,-916190720.0,43382.73046875,78491.796875,-0.2690572738647461,1.269057273864746,0.0098263330000918,0.0703125,0.0546875,0.1015625,0.1328125,0.109375,0.0234375,0.1328125,0.0703125,0.2109375,0.09375
3,UNO-S,UNO,43826.30859375,1453.9736328125,0.6853455305099487,0.0041349465027451,20871.25390625,-43367972.0,17168.4453125,39282.8671875,-0.0643035471439361,1.0643035173416138,0.0154799580050166,0.0703125,0.0546875,0.1015625,0.1328125,0.0859375,0.0234375,0.1328125,0.0703125,0.2109375,0.1171875
4,UNO-S,S,44086.109375,1458.5753173828125,0.671173095703125,0.0006610534619539,20564.685546875,-31225268.0,22613.28515625,53706.16796875,-0.0257109589874744,1.025710940361023,0.0087357500160578,0.0703125,0.046875,0.1015625,0.140625,0.0859375,0.015625,0.1328125,0.0703125,0.203125,0.1328125
5,UNO-S,UNO,45309.6484375,1459.308837890625,0.6468889117240906,0.0002730822889134,20451.802734375,-28186268.0,22636.60546875,75349.3359375,-0.0165252014994621,1.016525149345398,0.0152803749951999,0.078125,0.046875,0.1015625,0.140625,0.09375,0.0078125,0.1328125,0.0703125,0.203125,0.125
6,UNO-S,S,46756.34375,1462.6422119140625,0.6144050359725952,0.0006121922051534,20214.720703125,38163168.0,14528.212890625,106166.6953125,0.024742517620325,0.9752574563026428,0.0087321659957524,0.1015625,0.046875,0.1015625,0.140625,0.078125,0.0078125,0.1171875,0.0703125,0.1953125,0.140625
7,UNO-S,UNO,47878.9140625,1471.441650390625,0.5852584838867188,0.0373112857341766,20036.099609375,343618496.0,15011.8369140625,118501.1484375,0.1931612938642501,0.8068386912345886,0.0149895000213291,0.1015625,0.046875,0.1015625,0.15625,0.078125,0.0078125,0.1171875,0.0703125,0.1796875,0.140625
8,UNO-S,S,47994.39453125,1478.987548828125,0.5630830526351929,0.0005107325268909,19915.294921875,-41526512.0,16484.052734375,111471.703125,-0.0225993916392326,1.0225993394851685,0.0091178749862592,0.09375,0.046875,0.1015625,0.1640625,0.078125,0.0078125,0.1171875,0.0703125,0.1796875,0.140625
9,UNO-S,UNO,47848.55859375,1487.0634765625,0.558641791343689,0.0966315567493438,19911.912109375,-433028544.0,12906.9775390625,107927.6015625,-0.3108561635017395,1.3108561038970947,0.0164306670194491,0.0703125,0.046875,0.1015625,0.1640625,0.078125,0.015625,0.1328125,0.0703125,0.1796875,0.140625
10,UNO-S,S,48908.65234375,1495.4283447265625,0.5630843043327332,0.0759024322032928,19718.4375,435595200.0,13547.8408203125,116703.8359375,0.2755039632320404,0.7244960069656372,0.0093245839816518,0.0703125,0.046875,0.1015625,0.1640625,0.078125,0.015625,0.1328125,0.0703125,0.1796875,0.140625
11,UNO-S,UNO,49644.75,1504.6630859375,0.5684484243392944,0.1377287954092025,19799.505859375,628029696.0,15094.5263671875,112111.0234375,0.3711183071136474,0.6288816928863525,0.0158654169936198,0.0703125,0.046875,0.1015625,0.1640625,0.078125,0.015625,0.1328125,0.0703125,0.1796875,0.140625
12,UNO-S,S,49732.875,1511.730224609375,0.574623167514801,0.0420615077018737,19507.220703125,262466224.0,11533.37109375,110962.125,0.2050890177488327,0.7949109673500061,0.0088889169855974,0.0703125,0.046875,0.1015625,0.1640625,0.078125,0.015625,0.1328125,0.0703125,0.1796875,0.140625
13,UNO-S,UNO,50103.09375,1517.0460205078125,0.5770894885063171,0.0089547494426369,19386.23828125,-74710000.0,7311.1328125,107985.96875,-0.0946295335888862,1.0946295261383057,0.0166748749907128,0.0859375,0.046875,0.1015625,0.1640625,0.0703125,0.015625,0.1171875,0.0703125,0.1796875,0.1484375
14,UNO-S,S,50796.265625,1522.37158203125,0.5787298679351807,0.0682951360940933,19319.474609375,-236674096.0,8633.720703125,104895.75,-0.2613333761692047,1.2613333463668823,0.0087810830154921,0.0859375,0.046875,0.1015625,0.1640625,0.0703125,0.015625,0.1171875,0.0703125,0.1796875,0.1484375
15,UNO-S,UNO,51233.53125,1526.7806396484375,0.5785335302352905,0.0284315664321184,19253.37890625,-102107888.0,5899.19873046875,102651.6640625,-0.1686166226863861,1.1686166524887085,0.0166097089822869,0.0859375,0.046875,0.1015625,0.1640625,0.0703125,0.015625,0.1171875,0.0703125,0.1796875,0.1484375
16,UNO-S,S,51750.7734375,1532.90576171875,0.5819690823554993,0.1341889649629593,19265.01171875,534816032.0,14358.5029296875,101680.3203125,0.3663181066513061,0.6336818933486938,0.0095169999985955,0.09375,0.046875,0.1015625,0.1640625,0.0703125,0.015625,0.109375,0.0703125,0.1796875,0.1484375
17,UNO-S,UNO,52914.38671875,1538.2548828125,0.5812703371047974,0.2111363559961319,19514.4453125,974180928.0,20128.34375,105329.5,0.4594957530498504,0.5405042171478271,0.0158340419875457,0.1015625,0.046875,0.1015625,0.1640625,0.0703125,0.0078125,0.109375,0.0625,0.1796875,0.15625
18,UNO-S,S,53663.8125,1541.451904296875,0.5826088190078735,0.2131744921207428,19281.490234375,942266944.0,18584.333984375,109814.4140625,0.4617082178592682,0.5382918119430542,0.0086430000083055,0.1015625,0.0546875,0.1015625,0.1640625,0.0625,0.0078125,0.109375,0.0625,0.171875,0.1640625
19,UNO-S,UNO,54363.71875,1546.2774658203125,0.575232982635498,0.2682755887508392,19387.3046875,653841728.0,10796.314453125,116924.734375,0.5179532766342163,0.4820467233657837,0.0163309999916236,0.1015625,0.046875,0.1015625,0.1640625,0.0703125,0.0078125,0.109375,0.0625,0.1796875,0.15625
20,UNO-S,S,55132.6484375,1549.530517578125,0.5671735405921936,0.0452436469495296,19095.50390625,223172896.0,8320.501953125,126099.4375,0.2127055376768112,0.7872944474220276,0.0086910829995758,0.09375,0.046875,0.1015625,0.1640625,0.0625,0.015625,0.109375,0.0625,0.1875,0.15625
21,UNO-S,UNO,55080.328125,1554.29541015625,0.5601680278778076,0.11026132106781,19184.173828125,-535642880.0,12422.0302734375,129858.7578125,-0.3320561945438385,1.332056164741516,0.0149879170057829,0.09375,0.0546875,0.1015625,0.1640625,0.0625,0.015625,0.109375,0.0625,0.1796875,0.15625
22,UNO-S,S,55978.234375,1557.7818603515625,0.5597876906394958,0.0299610905349254,19092.318359375,-371141984.0,15860.9541015625,135186.109375,-0.1730927228927612,1.1730927228927612,0.0090710000076796,0.09375,0.0546875,0.1015625,0.1640625,0.0625,0.015625,0.109375,0.0625,0.1796875,0.15625
23,UNO-S,UNO,55811.6328125,1561.466064453125,0.5664516687393188,0.1089667603373527,19107.513671875,-631209280.0,13679.263671875,139786.0,-0.3301011323928833,1.3301011323928833,0.0158851669984869,0.09375,0.0546875,0.1015625,0.1640625,0.0546875,0.015625,0.109375,0.0625,0.1796875,0.1640625
24,UNO-S,S,56578.6796875,1567.150390625,0.5711929202079773,0.0010442049242556,18909.30078125,-46966984.0,10211.1015625,142340.109375,-0.032314158976078,1.0323141813278198,0.0093233750085346,0.09375,0.0546875,0.1015625,0.1640625,0.0546875,0.015625,0.109375,0.0625,0.1796875,0.1640625
25,UNO-S,UNO,57086.4375,1572.697265625,0.5669171810150146,0.1172916367650032,18953.419921875,445146304.0,8818.8525390625,147386.34375,0.3424786627292633,0.6575213670730591,0.0141026670171413,0.09375,0.0546875,0.1015625,0.1640625,0.0546875,0.015625,0.109375,0.0625,0.1796875,0.1640625
26,UNO-S,S,56727.375,1577.021728515625,0.5547218322753906,0.1318423449993133,18848.29296875,468092352.0,8949.93359375,144040.390625,0.3631010055541992,0.6368989944458008,0.0082175829738844,0.09375,0.0546875,0.1015625,0.1640625,0.0546875,0.015625,0.109375,0.0625,0.1796875,0.1640625
27,UNO-S,UNO,56863.87890625,1582.030029296875,0.5358419418334961,0.0915421247482299,18907.837890625,476613760.0,10628.3642578125,148214.140625,0.3025592863559723,0.6974407434463501,0.0160667499876581,0.0859375,0.046875,0.1015625,0.171875,0.0546875,0.015625,0.1171875,0.0625,0.1875,0.15625
28,UNO-S,S,56716.09375,1587.1094970703125,0.5174697041511536,0.0784832537174224,18777.748046875,-288797728.0,6831.73388671875,150894.765625,-0.2801486253738403,1.2801486253738403,0.008467459003441,0.078125,0.0390625,0.1015625,0.1640625,0.0546875,0.0078125,0.1328125,0.0625,0.203125,0.15625
29,UNO-S,UNO,56351.16015625,1592.1329345703125,0.504564642906189,0.2965241372585296,19112.36328125,-903354624.0,11025.908203125,150457.53125,-0.544540286064148,1.544540286064148,0.0158079160028137,0.078125,0.0390625,0.1015625,0.1640625,0.0546875,0.0078125,0.1328125,0.0625,0.203125,0.15625
30,UNO-S,S,56476.39453125,1597.1265869140625,0.4931987226009369,0.2589478492736816,18761.80859375,-730700224.0,9832.7978515625,146034.65625,-0.5088691711425781,1.508869171142578,0.0097512920037843,0.078125,0.0390625,0.1015625,0.1640625,0.046875,0.0078125,0.1328125,0.0625,0.203125,0.1640625
31,UNO-S,UNO,55725.22265625,1600.5823974609375,0.497921884059906,0.2051975131034851,18944.654296875,-752865856.0,11490.1962890625,144645.21875,-0.4529873132705688,1.4529873132705688,0.0166843339975457,0.078125,0.0390625,0.1015625,0.1640625,0.046875,0.0078125,0.1328125,0.0625,0.203125,0.1640625
32,UNO-S,S,55972.078125,1601.1529541015625,0.5090274810791016,0.0495841689407825,18747.318359375,-385817440.0,11753.484375,147415.671875,-0.2226750254631042,1.222675085067749,0.0089549160038586,0.078125,0.0390625,0.1015625,0.1640625,0.046875,0.0078125,0.1328125,0.0625,0.203125,0.1640625
33,UNO-S,UNO,55481.0234375,1603.8623046875,0.5250779986381531,0.0085975592955946,18658.158203125,96624824.0,6956.44873046875,149800.59375,0.0927230194211006,0.90727698802948,0.0154102079977747,0.09375,0.0390625,0.1015625,0.1640625,0.046875,0.0078125,0.1171875,0.0625,0.203125,0.1640625
34,UNO-S,S,55347.796875,1605.73095703125,0.5352781414985657,0.1851541846990585,18632.7890625,392379424.0,6081.474609375,149944.515625,0.430295467376709,0.569704532623291,0.0082153340044897,0.09375,0.0390625,0.1015625,0.1640625,0.046875,0.0078125,0.1171875,0.0703125,0.203125,0.15625
35,UNO-S,UNO,54837.796875,1606.836181640625,0.5385401844978333,0.1171785518527031,18739.84765625,274193408.0,5544.68212890625,144462.890625,0.3423135280609131,0.6576864719390869,0.0152691249968484,0.09375,0.0390625,0.1015625,0.171875,0.046875,0.0078125,0.1171875,0.0703125,0.1953125,0.15625
36,UNO-S,S,53859.88671875,1606.7845458984375,0.5288136005401611,0.0788039714097976,18681.21875,-551019392.0,14166.4287109375,138558.28125,-0.280720442533493,1.2807204723358154,0.0086802500009071,0.09375,0.0390625,0.1015625,0.1640625,0.046875,0.0078125,0.1171875,0.0703125,0.203125,0.15625
37,UNO-S,UNO,52851.6640625,1607.0634765625,0.5162395238876343,0.1106462180614471,18955.994140625,-1065473536.0,25023.216796875,128006.296875,-0.3326352536678314,1.3326352834701538,0.01387424999848,0.09375,0.0390625,0.1015625,0.1640625,0.046875,0.0078125,0.1171875,0.0703125,0.203125,0.15625
38,UNO-S,S,51959.9296875,1607.1962890625,0.5053504705429077,0.1464775055646896,18779.51171875,-1103951488.0,22159.58984375,130167.5703125,-0.3827237784862518,1.3827238082885742,0.0087896670156624,0.09375,0.0390625,0.1015625,0.1640625,0.046875,0.0078125,0.1171875,0.0703125,0.203125,0.15625
39,UNO-S,UNO,50790.921875,1605.6572265625,0.5012458562850952,0.1647270619869232,18839.427734375,-792844288.0,16928.55078125,115394.625,-0.4058658182621002,1.4058657884597778,0.0150940000021364,0.09375,0.0390625,0.1015625,0.1640625,0.046875,0.0078125,0.1171875,0.0625,0.203125,0.1640625
40,UNO-S,S,50029.234375,1602.37646484375,0.502334475517273,0.1896972209215164,18523.16796875,-255847216.0,5428.0888671875,108218.921875,-0.4355424344539642,1.4355424642562866,0.0083509579999372,0.09375,0.0390625,0.1015625,0.171875,0.046875,0.0078125,0.1171875,0.0625,0.1953125,0.1640625
41,UNO-S,UNO,49693.9140625,1598.12109375,0.5079566240310669,0.0004763944016303,18501.455078125,-13244644.0,5691.82568359375,106611.8046875,-0.0218264609575271,1.0218265056610107,0.0153637079929467,0.09375,0.0390625,0.1015625,0.171875,0.046875,0.0078125,0.1171875,0.0625,0.1953125,0.1640625
42,UNO-S,S,49430.2421875,1593.808837890625,0.5160824060440063,0.049261886626482,18547.857421875,253490352.0,11375.8955078125,100396.8984375,0.2219501882791519,0.7780498266220093,0.0085514580132439,0.1015625,0.0390625,0.1015625,0.171875,0.046875,0.0078125,0.109375,0.0625,0.1953125,0.1640625
43,UNO-S,UNO,49640.59765625,1589.390625,0.521917998790741,0.1147909387946128,18687.7109375,483893376.0,14191.068359375,100642.359375,0.3388081192970276,0.6611918807029724,0.0151545419939793,0.1015625,0.0390625,0.1015625,0.171875,0.046875,0.0078125,0.109375,0.0625,0.1953125,0.1640625
44,UNO-S,S,49562.140625,1585.5902099609375,0.5225643515586853,0.0844453871250152,18534.87890625,365331392.0,11954.564453125,105163.5546875,0.2905948758125305,0.7094051241874695,0.0085533329984173,0.1015625,0.0390625,0.1015625,0.171875,0.046875,0.0078125,0.109375,0.0625,0.1953125,0.1640625
45,UNO-S,UNO,49505.30859375,1581.9766845703125,0.5182401537895203,0.0824683383107185,18582.033203125,238841120.0,8685.630859375,95755.5859375,0.2871730029582977,0.7128269672393799,0.0144367080065421,0.1015625,0.0390625,0.1015625,0.171875,0.046875,0.0078125,0.109375,0.0703125,0.1953125,0.15625
46,UNO-S,S,49348.16796875,1579.0357666015625,0.5090157985687256,0.0168373212218284,18498.53515625,-86027624.0,7126.96826171875,93024.34375,-0.1297587007284164,1.1297587156295776,0.0086780000128783,0.09375,0.0390625,0.1015625,0.171875,0.046875,0.015625,0.1171875,0.0703125,0.1875,0.15625
47,UNO-S,UNO,48517.57421875,1577.798583984375,0.4975225627422333,0.0954181253910064,18608.6015625,-309052256.0,11695.091796875,85548.59375,-0.3088982403278351,1.3088982105255127,0.0154831249965354,0.09375,0.0390625,0.1015625,0.171875,0.046875,0.015625,0.1171875,0.0703125,0.1875,0.15625
48,UNO-S,S,48519.0234375,1576.031005859375,0.4861820340156555,0.1387558728456497,18480.6015625,-371496608.0,11726.82421875,85044.9921875,-0.3724994957447052,1.3724994659423828,0.0089477500005159,0.09375,0.0390625,0.1015625,0.171875,0.046875,0.015625,0.1171875,0.0703125,0.1875,0.15625
49,UNO-S,UNO,47667.921875,1574.0311279296875,0.4848711192607879,0.1461062580347061,18612.130859375,-375992768.0,11942.13671875,82368.859375,-0.3822384774684906,1.382238507270813,0.01477562499349,0.09375,0.0390625,0.1015625,0.171875,0.046875,0.015625,0.1171875,0.0703125,0.1875,0.15625
50,UNO-S,S,47640.79296875,1572.495849609375,0.4844411015510559,0.0366792231798172,18401.091796875,-126815536.0,8022.947265625,82533.1484375,-0.1915182024240493,1.1915181875228882,0.0086278330127242,0.09375,0.0390625,0.1015625,0.171875,0.046875,0.0078125,0.1171875,0.0703125,0.1953125,0.15625
51,UNO-S,UNO,46935.171875,1570.93408203125,0.4884479939937591,0.0024091340601444,18363.416015625,-21788178.0,5711.49267578125,77721.4453125,-0.0490829274058342,1.04908287525177,0.0150069590017665,0.09375,0.0390625,0.1015625,0.171875,0.046875,0.0078125,0.1171875,0.0703125,0.1953125,0.15625
52,UNO-S,S,47082.60546875,1568.49609375,0.4947328567504883,0.1433418989181518,18400.75,264631744.0,8705.7470703125,80287.7421875,0.3786051869392395,0.6213948130607605,0.0086223749967757,0.09375,0.0390625,0.1015625,0.171875,0.046875,0.0078125,0.1171875,0.0703125,0.1953125,0.15625
53,UNO-S,UNO,47420.56640625,1565.92236328125,0.4985446631908417,0.1691159009933471,18608.875,390558592.0,11754.1376953125,80798.484375,0.4112370312213897,0.5887629985809326,0.0153763749985955,0.1015625,0.0390625,0.1015625,0.171875,0.046875,0.0078125,0.109375,0.0703125,0.1953125,0.15625
54,UNO-S,S,47534.34375,1564.245849609375,0.5037056803703308,0.102809153497219,18417.966796875,282789216.0,11001.267578125,80168.59375,0.3206386566162109,0.6793613433837891,0.0095381250139325,0.1015625,0.0390625,0.1015625,0.171875,0.046875,0.0078125,0.109375,0.0703125,0.1953125,0.15625
55,UNO-S,UNO,47814.19921875,1564.627197265625,0.5041327476501465,0.0811151787638664,18436.859375,245110880.0,10619.1396484375,81044.25,0.2848072648048401,0.7151927351951599,0.0149575830146204,0.1015625,0.0390625,0.1015625,0.1796875,0.046875,0.015625,0.109375,0.0703125,0.1796875,0.15625
56,UNO-S,S,48089.44921875,1566.541748046875,0.5029009580612183,0.000212478233152,18363.3984375,-10768019.0,9368.2861328125,78853.0546875,-0.0145766325294971,1.0145766735076904,0.0081522499967832,0.09375,0.0390625,0.1015625,0.171875,0.046875,0.015625,0.1171875,0.0703125,0.1875,0.15625
57,UNO-S,UNO,48057.91796875,1569.3563232421875,0.4977418482303619,0.0885293185710907,18447.953125,-218376944.0,9349.86328125,78497.8828125,-0.2975387573242187,1.2975387573242188,0.0156903750030323,0.09375,0.0390625,0.1015625,0.171875,0.046875,0.015625,0.1171875,0.0703125,0.1875,0.15625
58,UNO-S,S,47982.4375,1568.97314453125,0.4919459521770477,0.0926491841673851,18362.546875,-200667456.0,8630.0224609375,76391.3359375,-0.3043832778930664,1.3043832778930664,0.0090934170002583,0.09375,0.0390625,0.1015625,0.171875,0.046875,0.015625,0.1171875,0.0703125,0.1875,0.15625
59,UNO-S,UNO,47688.3515625,1568.7918701171875,0.4912411570549011,0.0726874470710754,18443.103515625,-179178304.0,8854.5,75057.0859375,-0.2696060836315155,1.269606113433838,0.0150962909974623,0.09375,0.0390625,0.1015625,0.171875,0.046875,0.015625,0.1171875,0.0703125,0.1875,0.15625
60,UNO-S,S,47435.71875,1568.76123046875,0.4930619299411773,0.0013056260067969,18297.416015625,-22984410.0,8542.9814453125,74458.546875,-0.0361334457993507,1.0361334085464478,0.0086772089998703,0.09375,0.0390625,0.1015625,0.171875,0.046875,0.015625,0.1171875,0.0703125,0.1875,0.15625
61,UNO-S,UNO,47250.7734375,1568.84619140625,0.4996725618839264,0.029426859691739,18344.755859375,109112752.0,8948.9794921875,71077.1484375,0.1715425848960876,0.8284574151039124,0.0132425830233842,0.09375,0.0390625,0.1015625,0.171875,0.046875,0.015625,0.1171875,0.0703125,0.1875,0.15625
62,UNO-S,S,46779.0859375,1570.84814453125,0.5037940740585327,0.0196429286152124,18298.0703125,93635488.0,9559.64453125,69886.8828125,0.1401532292366027,0.8598467707633972,0.0083594999741762,0.09375,0.0390625,0.1015625,0.171875,0.046875,0.015625,0.1171875,0.0703125,0.1875,0.15625
63,UNO-S,UNO,46968.7421875,1573.227783203125,0.5013954639434814,0.0503584705293178,18295.8671875,97671176.0,6277.5556640625,69332.9296875,0.2244069278240203,0.7755930423736572,0.0130278749857097,0.09375,0.0390625,0.1015625,0.171875,0.046875,0.015625,0.1171875,0.0703125,0.1875,0.15625
64,UNO-S,S,46820.9296875,1575.3935546875,0.4930912852287292,0.028339710086584,18249.4453125,-74618984.0,6592.87353515625,67232.1328125,-0.1683440208435058,1.168344020843506,0.0080748340114951,0.09375,0.0390625,0.1015625,0.171875,0.046875,0.015625,0.1171875,0.0703125,0.1875,0.15625
65,UNO-S,UNO,46690.73046875,1577.20166015625,0.4841613173484802,0.0250931773334741,18260.205078125,-68956560.0,6808.97509765625,63931.6640625,-0.1584082543849945,1.158408284187317,0.0131857090163975,0.09375,0.0390625,0.1015625,0.171875,0.046875,0.015625,0.1171875,0.0703125,0.1875,0.15625
66,UNO-S,S,46946.41015625,1576.122802734375,0.4749311804771423,0.0319012776017189,18261.2734375,-109405232.0,9309.0185546875,65800.6484375,-0.1786092817783355,1.1786092519760132,0.0081533329794183,0.09375,0.03125,0.1015625,0.171875,0.046875,0.015625,0.1171875,0.0703125,0.1953125,0.15625
67,UNO-S,UNO,47076.5390625,1574.9024658203125,0.4691700637340545,0.0206496175378561,18251.224609375,-86281936.0,9237.146484375,65001.88671875,-0.1436997503042221,1.1436997652053833,0.0129651250026654,0.09375,0.03125,0.1015625,0.171875,0.046875,0.015625,0.1171875,0.0703125,0.1953125,0.15625
68,UNO-S,S,47099.35546875,1572.45654296875,0.466155856847763,0.011677143163979,18183.533203125,-41645660.0,5793.66259765625,66519.390625,-0.1080608293414115,1.1080608367919922,0.0080715829972177,0.09375,0.03125,0.1015625,0.171875,0.046875,0.015625,0.1171875,0.0703125,0.1953125,0.15625
69,UNO-S,UNO,47135.3515625,1570.06298828125,0.4695221781730652,0.0249028448015451,18204.376953125,52760388.0,4996.47900390625,66914.375,0.1578063517808914,0.8421936631202698,0.0129860000160988,0.09375,0.03125,0.1015625,0.171875,0.046875,0.015625,0.1171875,0.0703125,0.1953125,0.15625
70,UNO-S,S,47093.3515625,1568.961181640625,0.4752499759197235,0.0013928830157965,18153.044921875,16092494.0,6638.91943359375,64948.4140625,0.0373213477432727,0.9626786708831788,0.0085586250061169,0.09375,0.03125,0.1015625,0.171875,0.046875,0.015625,0.1171875,0.0703125,0.1953125,0.15625
71,UNO-S,UNO,46795.75,1566.544921875,0.4784348011016845,0.0017598990816622,18175.900390625,-21369390.0,8046.8076171875,63303.046875,-0.0419511497020721,1.0419511795043943,0.0140341669903136,0.09375,0.03125,0.1015625,0.171875,0.046875,0.015625,0.1171875,0.0703125,0.1953125,0.15625
72,UNO-S,S,46866.375,1563.346435546875,0.477297306060791,0.0001433658908354,18160.47265625,-2961323.0,4005.5703125,61744.55859375,-0.0119735496118664,1.01197350025177,0.0089478749723639,0.09375,0.03125,0.1015625,0.171875,0.046875,0.015625,0.1171875,0.0703125,0.1953125,0.15625
73,UNO-S,UNO,46729.6796875,1561.56982421875,0.4700012803077698,0.0041036466136574,18129.732421875,-17296934.0,4349.10986328125,62084.578125,-0.0640597119927406,1.0640597343444824,0.0146042080014012,0.09375,0.03125,0.1015625,0.171875,0.046875,0.015625,0.1171875,0.0703125,0.1953125,0.15625
74,UNO-S,S,46848.44921875,1558.3238525390625,0.4582402110099792,0.0339313112199306,18115.28515625,55847612.0,4854.29541015625,62456.55859375,0.1842045336961746,0.8157954812049866,0.0084469169960357,0.09375,0.03125,0.1015625,0.171875,0.046875,0.015625,0.1171875,0.0703125,0.1953125,0.15625
75,UNO-S,UNO,46770.4921875,1555.06201171875,0.4459597170352936,0.0515889897942543,18157.91796875,58002096.0,4217.27978515625,60552.5859375,0.2271320968866348,0.7728679180145264,0.0154944590176455,0.09375,0.03125,0.1015625,0.171875,0.046875,0.015625,0.1171875,0.0703125,0.1953125,0.15625
76,UNO-S,S,46754.78515625,1553.7608642578125,0.4385401010513305,0.0469853356480598,18146.712890625,-95478016.0,7852.76953125,56091.80859375,-0.2167610079050064,1.2167609930038452,0.0089870830124709,0.09375,0.03125,0.1015625,0.171875,0.046875,0.015625,0.1171875,0.0703125,0.1953125,0.15625
77,UNO-S,UNO,46238.4296875,1553.560791015625,0.4471465349197387,0.0487499423325061,18204.267578125,-116003784.0,9529.521484375,55133.30078125,-0.2207938879728317,1.220793843269348,0.0165620000043418,0.09375,0.03125,0.1015625,0.171875,0.046875,0.015625,0.1171875,0.0703125,0.1953125,0.15625
78,UNO-S,S,46002.484375,1552.9337158203125,0.4607341289520263,0.0693386793136596,18138.775390625,-135440512.0,9291.5546875,55356.984375,-0.2633223831653595,1.263322353363037,0.0091578330029733,0.09375,0.03125,0.1015625,0.171875,0.046875,0.015625,0.1171875,0.0703125,0.1953125,0.15625
79,UNO-S,UNO,45619.59765625,1552.006103515625,0.4823932945728302,0.0741000920534133,18170.3125,-94759992.0,6753.4130859375,51545.6796875,-0.2722133100032806,1.272213339805603,0.0167067919974215,0.09375,0.03125,0.1015625,0.171875,0.046875,0.015625,0.1171875,0.0703125,0.1953125,0.15625
80,UNO-S,S,45794.77734375,1550.182373046875,0.4935531616210937,0.0015195106389001,18111.708984375,16950006.0,8150.697265625,53348.6171875,0.0389809012413024,0.9610190987586976,0.0102269999915733,0.09375,0.03125,0.1015625,0.171875,0.046875,0.015625,0.1171875,0.0703125,0.1953125,0.15625
81,UNO-S,UNO,46073.703125,1549.2862548828125,0.4919374585151672,0.0168160591274499,18165.65625,80492216.0,11230.7333984375,55269.26171875,0.1296767443418502,0.8703232407569885,0.0160924580122809,0.09375,0.03125,0.1015625,0.171875,0.046875,0.015625,0.1171875,0.0703125,0.1953125,0.15625
82,UNO-S,S,45968.6640625,1552.0438232421875,0.4793362617492676,0.0866398885846138,18094.111328125,126842816.0,7836.57666015625,54989.60546875,0.2943465411663055,0.7056534290313721,0.0092455419944599,0.09375,0.03125,0.1015625,0.171875,0.046875,0.015625,0.1171875,0.0703125,0.1953125,0.15625
83,UNO-S,UNO,46424.2734375,1555.9337158203125,0.4545257091522217,0.0535564012825489,18108.337890625,78384256.0,6275.15869140625,53975.72265625,0.231422558426857,0.7685774564743042,0.0157741250004619,0.09375,0.03125,0.1015625,0.1796875,0.046875,0.015625,0.1171875,0.0703125,0.1875,0.15625
84,UNO-S,S,46447.390625,1561.3687744140625,0.4305821657180786,2.505830707377754e-05,18081.55078125,-2302629.0,8903.0302734375,51666.61328125,-0.0050058271735906,1.0050058364868164,0.0088891250197775,0.1015625,0.03125,0.1015625,0.1875,0.046875,0.015625,0.109375,0.0703125,0.1796875,0.15625
85,UNO-S,UNO,46400.7890625,1570.166259765625,0.4123561084270477,0.0155024817213416,18096.611328125,-70552784.0,10599.091796875,53461.9609375,-0.1245089620351791,1.1245089769363403,0.0165576669969595,0.1015625,0.03125,0.1015625,0.1875,0.046875,0.015625,0.109375,0.0703125,0.1796875,0.15625
86,UNO-S,S,46207.078125,1577.53662109375,0.4057496190071106,0.0559977255761623,18032.337890625,-73799016.0,6241.28271484375,49967.9609375,-0.2366383820772171,1.236638426780701,0.0101952919794712,0.1015625,0.0234375,0.1015625,0.1796875,0.046875,0.015625,0.109375,0.0703125,0.203125,0.1484375
87,UNO-S,UNO,45926.5625,1582.821533203125,0.4158492982387543,0.0536843389272689,18092.90625,-62844996.0,5253.6484375,51628.06640625,-0.2316988110542297,1.231698751449585,0.0159942079917527,0.09375,0.0234375,0.1015625,0.171875,0.046875,0.015625,0.1171875,0.0703125,0.2109375,0.1484375
88,UNO-S,S,45885.0234375,1585.6041259765625,0.4321294724941253,0.001786578213796,18052.65234375,18720914.0,8920.099609375,49653.08203125,0.0422679334878921,0.957732081413269,0.0087726670026313,0.09375,0.03125,0.1015625,0.171875,0.046875,0.015625,0.1171875,0.0703125,0.203125,0.1484375
89,UNO-S,UNO,45735.703125,1587.8031005859375,0.4506008327007293,0.0192882418632507,18062.19921875,78070512.0,10748.4794921875,52299.03515625,0.138882115483284,0.8611178994178772,0.0165954580006655,0.09375,0.03125,0.1015625,0.171875,0.046875,0.015625,0.1171875,0.0703125,0.203125,0.1484375
90,UNO-S,S,45736.80859375,1588.23876953125,0.4661196768283844,0.0266365148127079,18058.01953125,87560072.0,9834.0849609375,54554.8671875,0.1632069647312164,0.836793065071106,0.0093112089962232,0.1015625,0.03125,0.1015625,0.171875,0.046875,0.015625,0.109375,0.0703125,0.203125,0.1484375
91,UNO-S,UNO,46003.51171875,1587.291259765625,0.4682933390140533,0.0194656457751989,18014.697265625,42966560.0,5497.68212890625,56016.578125,0.1395193338394165,0.8604806661605835,0.0163915419834665,0.1015625,0.03125,0.1015625,0.1796875,0.046875,0.015625,0.109375,0.0703125,0.1953125,0.1484375
92,UNO-S,S,46070.796875,1585.910888671875,0.4637926518917084,0.0004730622458737,17981.212890625,7915418.5,6385.251953125,56994.98828125,0.0217499937862157,0.9782500267028807,0.0378677090047858,0.1015625,0.03125,0.1015625,0.1796875,0.046875,0.015625,0.109375,0.0703125,0.1953125,0.1484375
93,UNO-S,UNO,46163.609375,1584.7686767578125,0.4517842531204223,0.001913251937367,18019.197265625,22938972.0,9304.58984375,56362.5390625,0.0437407344579696,0.9562592506408693,0.0239179159980267,0.1015625,0.03125,0.1015625,0.1796875,0.046875,0.015625,0.109375,0.0703125,0.1953125,0.1484375
94,UNO-S,S,46009.39453125,1584.662841796875,0.4338311553001404,0.0274948421865701,17993.775390625,-78376544.0,8892.798828125,53152.296875,-0.1658156812191009,1.1658157110214231,0.0142272090015467,0.1015625,0.03125,0.1015625,0.1796875,0.046875,0.015625,0.109375,0.0703125,0.1953125,0.1484375
95,UNO-S,UNO,45671.046875,1584.0234375,0.4228254556655884,0.0622474662959575,18045.9375,-76733504.0,5776.501953125,53242.6015625,-0.2494944185018539,1.2494944334030151,0.0179567080049309,0.1015625,0.03125,0.1015625,0.171875,0.046875,0.015625,0.109375,0.0703125,0.203125,0.1484375
96,UNO-S,S,45679.265625,1580.61328125,0.4185994565486908,0.0057629076763987,17933.357421875,32721808.0,7760.3046875,55544.0703125,0.0759138166904449,0.9240862131118774,0.009994291991461,0.1015625,0.0234375,0.1015625,0.171875,0.046875,0.015625,0.109375,0.0703125,0.2109375,0.1484375
97,UNO-S,UNO,45663.375,1577.209716796875,0.4215909242630005,0.0166610181331634,17961.44921875,56631160.0,8014.26953125,54744.54296875,0.1290775686502456,0.8709224462509155,0.0173981660045683,0.09375,0.0234375,0.1015625,0.171875,0.046875,0.015625,0.1171875,0.0703125,0.2109375,0.1484375
98,UNO-S,S,45778.5078125,1573.79296875,0.4316395223140716,0.0011526243761181,17928.05078125,13293838.0,6924.505859375,56548.0546875,0.0339503213763237,0.9660496711730956,0.011391417006962,0.09375,0.03125,0.1015625,0.171875,0.046875,0.015625,0.1171875,0.0703125,0.203125,0.1484375
99,UNO-S,UNO,45552.6796875,1569.030029296875,0.4397787749767303,0.003182120854035,17917.796875,-18833178.0,5949.083984375,56119.6796875,-0.0564102903008461,1.056410312652588,0.0195866249850951,0.09375,0.03125,0.1015625,0.1796875,0.046875,0.015625,0.1171875,0.0703125,0.1953125,0.1484375
100,UNO-S,S,45422.4296875,1564.07080078125,0.4434081315994262,0.0069221570156514,17940.9765625,21248328.0,4793.13525390625,53282.46875,0.0831995010375976,0.9168004989624025,0.0090251670044381,0.09375,0.03125,0.1015625,0.1796875,0.046875,0.015625,0.1171875,0.0703125,0.1953125,0.1484375
101,UNO-S,UNO,45808.96875,1562.060546875,0.440240740776062,0.0001685209426796,17934.083984375,5020714.0,6902.24267578125,56033.578125,0.012981561012566,0.9870184659957886,0.0174940839933697,0.09375,0.03125,0.1015625,0.1796875,0.046875,0.015625,0.1171875,0.0703125,0.1953125,0.1484375
102,UNO-S,S,45922.765625,1562.6748046875,0.4335645735263824,0.0006991847185418,17961.837890625,-14352171.0,9257.5400390625,58630.8359375,-0.0264421012252569,1.026442050933838,0.0092836669937241,0.09375,0.03125,0.1015625,0.1796875,0.046875,0.015625,0.1171875,0.0703125,0.1953125,0.1484375
103,UNO-S,UNO,45805.28125,1566.2530517578125,0.4251751601696014,0.0002093589573632,17901.396484375,-4276626.0,5258.08447265625,56211.83203125,-0.0144692417234182,1.0144692659378052,0.0161882500106003,0.09375,0.03125,0.1015625,0.1875,0.046875,0.015625,0.1171875,0.0703125,0.1875,0.1484375
104,UNO-S,S,45827.6015625,1570.6068115234375,0.4198121726512909,0.0036858504172414,17871.142578125,20773258.0,5915.12890625,57845.78515625,0.0607112050056457,0.9392887949943542,0.0089772919891402,0.09375,0.03125,0.1015625,0.1875,0.046875,0.015625,0.1171875,0.0703125,0.1875,0.1484375
105,UNO-S,UNO,46167.84765625,1573.340576171875,0.4208505153656006,0.0392820313572883,17933.44921875,79278704.0,6923.6640625,57772.8125,0.1981969475746154,0.8018030524253845,0.0162583749915938,0.09375,0.03125,0.1015625,0.1796875,0.046875,0.015625,0.1171875,0.0703125,0.1953125,0.1484375
106,UNO-S,S,45724.6796875,1578.557861328125,0.4244827330112457,0.012390854768455,17900.078125,-46999296.0,7906.2412109375,53403.61328125,-0.1113142147660255,1.1113141775131226,0.008888541982742,0.09375,0.0234375,0.1015625,0.171875,0.046875,0.015625,0.1171875,0.0703125,0.2109375,0.1484375
107,UNO-S,UNO,45475.921875,1583.277587890625,0.4333531260490417,0.0133463582023978,17915.6015625,-61939944.0,9318.970703125,57533.58984375,-0.1155264377593994,1.1155264377593994,0.0156967079965397,0.09375,0.03125,0.1015625,0.171875,0.046875,0.015625,0.1171875,0.0703125,0.203125,0.1484375
108,UNO-S,S,45373.45703125,1585.58251953125,0.4405190050601959,0.0692682415246963,17900.529296875,-99712280.0,6763.427734375,56016.33984375,-0.2631886005401611,1.2631886005401611,0.0089104999788105,0.09375,0.03125,0.1015625,0.171875,0.046875,0.015625,0.1171875,0.0703125,0.203125,0.1484375
109,UNO-S,UNO,45032.99609375,1587.65380859375,0.4476191103458404,0.0146564887836575,17897.310546875,-39888064.0,6200.9013671875,53134.08203125,-0.1210639849305152,1.1210639476776123,0.0160285839810967,0.1015625,0.03125,0.1015625,0.1796875,0.046875,0.015625,0.109375,0.0703125,0.1953125,0.1484375
110,UNO-S,S,44881.3984375,1588.01953125,0.4476381540298462,0.0015800819965079,17853.783203125,14270697.0,6364.58837890625,56407.265625,0.0397502444684505,0.9602497816085817,0.0087554169876966,0.1015625,0.03125,0.1015625,0.1796875,0.046875,0.015625,0.109375,0.0703125,0.1953125,0.1484375
111,UNO-S,UNO,44971.5234375,1587.2586669921875,0.4391899406909942,0.0407635532319545,17916.2890625,82703792.0,7437.51416015625,55075.89453125,0.2018998563289642,0.7981001138687134,0.0152190410008188,0.1015625,0.03125,0.1015625,0.1796875,0.046875,0.015625,0.109375,0.0703125,0.1953125,0.1484375
112,UNO-S,S,44936.7734375,1587.1329345703125,0.4284771084785461,0.0083771776407957,17822.3046875,31967794.0,6701.919921875,52115.21875,0.0915269181132316,0.9084730744361876,0.0085547089984174,0.1015625,0.0234375,0.1015625,0.1796875,0.046875,0.015625,0.109375,0.0703125,0.203125,0.1484375
113,UNO-S,UNO,45015.40625,1585.62841796875,0.4132906496524811,0.0139711359515786,17838.0,41568736.0,6713.0986328125,52387.53125,0.1181995570659637,0.8818004131317139,0.0154425000073388,0.1015625,0.0234375,0.1015625,0.1796875,0.046875,0.015625,0.109375,0.0703125,0.203125,0.1484375
114,UNO-S,S,44936.1796875,1584.21728515625,0.3983176350593567,0.0103283748030662,17821.240234375,-22586046.0,4708.87548828125,47196.203125,-0.1016286090016365,1.101628661155701,0.0088365410047117,0.1015625,0.0234375,0.1015625,0.1796875,0.046875,0.015625,0.109375,0.0703125,0.203125,0.1484375
115,UNO-S,UNO,44866.84375,1583.056640625,0.3907554745674133,0.0257185250520706,17846.484375,-46338180.0,6211.64306640625,46516.75390625,-0.1603699624538421,1.1603699922561646,0.0145300420117564,0.1015625,0.0234375,0.1015625,0.1875,0.046875,0.015625,0.109375,0.0703125,0.1953125,0.1484375
116,UNO-S,S,44974.5078125,1579.258544921875,0.3867500722408294,0.0011862030951306,17821.37890625,-10388526.0,7033.38671875,42885.44140625,-0.0344412997364997,1.034441351890564,0.0087174999935086,0.1015625,0.0234375,0.1015625,0.1875,0.046875,0.015625,0.109375,0.0703125,0.1953125,0.1484375
117,UNO-S,UNO,45134.53515625,1574.24853515625,0.3866833448410034,0.0028491241391748,17836.908203125,-21209006.0,9120.548828125,43565.59375,-0.0533771850168705,1.0533771514892578,0.0156384579895529,0.1015625,0.0234375,0.1015625,0.171875,0.046875,0.015625,0.109375,0.0703125,0.2109375,0.1484375
118,UNO-S,S,44963.2109375,1569.360595703125,0.3936827182769775,0.0234188232570886,17817.89453125,50751256.0,7413.9599609375,44731.56640625,0.1530320942401886,0.8469679355621338,0.0089120829943567,0.1015625,0.0234375,0.1015625,0.171875,0.046875,0.015625,0.109375,0.0703125,0.2109375,0.1484375
119,UNO-S,UNO,45452.55859375,1565.1199951171875,0.3993583023548126,0.0258744079619646,17816.240234375,46650560.0,6455.85888671875,44922.87890625,0.160855233669281,0.839144766330719,0.0151960829971358,0.1015625,0.0234375,0.1015625,0.1796875,0.046875,0.015625,0.109375,0.0703125,0.203125,0.1484375
120,UNO-S,S,45174.9375,1562.380859375,0.4098044335842132,0.0129723101854324,17838.921875,49925336.0,10295.470703125,42576.125,0.1138960495591163,0.8861039280891418,0.0082389159942977,0.1015625,0.0234375,0.1015625,0.1796875,0.046875,0.015625,0.109375,0.0703125,0.203125,0.1484375
121,UNO-S,UNO,45184.390625,1562.9970703125,0.4168588519096374,0.002707903040573,17795.462890625,-23110824.0,9821.7548828125,45217.84375,-0.0520375147461891,1.052037477493286,0.0148159159871283,0.1015625,0.0234375,0.1015625,0.1796875,0.046875,0.015625,0.109375,0.0703125,0.203125,0.1484375
122,UNO-S,S,45497.5625,1563.00537109375,0.4199275970458984,0.0017088176682591,17827.302734375,-25835312.0,12800.978515625,48822.796875,-0.0413378477096557,1.0413378477096558,0.0088173339900095,0.09375,0.03125,0.1015625,0.1796875,0.046875,0.015625,0.1171875,0.0703125,0.1953125,0.1484375
123,UNO-S,UNO,45394.4140625,1564.8465576171875,0.4211663007736206,0.0276334509253501,17806.9453125,-53393100.0,6875.7333984375,46714.1484375,-0.1662331223487854,1.1662330627441406,0.0151727919874247,0.09375,0.03125,0.1015625,0.1875,0.046875,0.015625,0.1171875,0.0703125,0.1875,0.1484375
124,UNO-S,S,45410.4453125,1565.6951904296875,0.4219895899295807,0.0041730781085789,17819.69921875,-34671780.0,11634.02734375,46133.640625,-0.0645993649959564,1.0645993947982788,0.0085518330160994,0.1015625,0.0234375,0.1015625,0.1953125,0.046875,0.015625,0.109375,0.0703125,0.1875,0.1484375
125,UNO-S,UNO,45582.296875,1566.4735107421875,0.4233949482440948,0.0426647998392581,17860.880859375,101140128.0,10187.833984375,48062.5390625,0.2065545916557312,0.7934454083442688,0.0152905420109163,0.09375,0.0234375,0.1015625,0.1875,0.046875,0.015625,0.1171875,0.0703125,0.1953125,0.1484375
126,UNO-S,S,45159.34765625,1571.011962890625,0.4228860139846802,0.0115120690315961,17786.5390625,59059904.0,11904.3349609375,46239.2578125,0.1072943061590194,0.8927056789398193,0.0084290000086184,0.09375,0.0234375,0.1015625,0.1796875,0.046875,0.015625,0.1171875,0.0703125,0.203125,0.1484375
127,UNO-S,UNO,45045.8203125,1575.123291015625,0.4181530475616455,0.0122520653530955,17744.2109375,30702222.0,5683.64990234375,48802.01953125,0.1106890439987182,0.8893109560012817,0.0150205840182024,0.09375,0.0234375,0.1015625,0.1796875,0.046875,0.015625,0.1171875,0.0703125,0.203125,0.1484375
128,UNO-S,S,44713.78125,1579.227294921875,0.4143658578395843,0.0072480542585253,17768.9296875,-27223642.0,6782.73828125,47144.4375,-0.0851355046033859,1.0851354598999023,0.008625624992419,0.1015625,0.0234375,0.1015625,0.1796875,0.046875,0.015625,0.109375,0.0703125,0.203125,0.1484375
129,UNO-S,UNO,44801.4453125,1584.66845703125,0.4136756658554077,0.0055170934647321,17829.609375,-34107708.0,9479.494140625,48440.89453125,-0.074277140200138,1.07427716255188,0.0149653749831486,0.1015625,0.0234375,0.1015625,0.1796875,0.046875,0.015625,0.109375,0.0703125,0.203125,0.1484375
130,UNO-S,S,44819.6015625,1590.2288818359375,0.4121703505516052,0.0007866115192882,17777.099609375,-14211450.0,10356.9306640625,48924.5859375,-0.0280465949326753,1.0280466079711914,0.0086828750208951,0.1015625,0.0234375,0.1015625,0.1796875,0.046875,0.015625,0.109375,0.0703125,0.203125,0.1484375
131,UNO-S,UNO,44899.671875,1594.751953125,0.4116830229759216,0.0023115004878491,17767.8828125,-18905958.0,7821.70751953125,50274.78125,-0.0480780638754367,1.0480780601501465,0.0149513329961337,0.09375,0.0234375,0.1015625,0.1796875,0.046875,0.015625,0.1171875,0.0703125,0.203125,0.1484375
132,UNO-S,S,44900.2109375,1598.493896484375,0.4095678031444549,0.0005189717630855,17713.92578125,6905843.0,6013.1953125,50412.64453125,0.0227809511125087,0.9772190451622008,0.0086430000083055,0.09375,0.0234375,0.1015625,0.1796875,0.046875,0.015625,0.1171875,0.0703125,0.203125,0.1484375
133,UNO-S,UNO,45162.765625,1601.1513671875,0.4068509340286255,0.004452436696738,17772.78515625,-28177202.0,8275.5576171875,51027.19921875,-0.0667265802621841,1.066726565361023,0.0152283750066999,0.09375,0.0234375,0.1015625,0.1796875,0.046875,0.015625,0.1171875,0.0703125,0.203125,0.1484375
134,UNO-S,S,45343.65625,1603.1494140625,0.4015620648860931,0.0122486175969243,17734.671875,45315928.0,7623.28662109375,53711.23046875,0.1106734722852706,0.8893265128135681,0.008642000000691,0.09375,0.0234375,0.1015625,0.1796875,0.046875,0.015625,0.1171875,0.0703125,0.203125,0.1484375
135,UNO-S,UNO,45677.01171875,1604.790771484375,0.3901694118976593,0.0001013384753605,17714.439453125,4290121.0,7357.5986328125,57922.41015625,0.0100667010992765,0.9899333119392396,0.0146262909984216,0.09375,0.0234375,0.1015625,0.1875,0.046875,0.015625,0.1171875,0.0703125,0.1953125,0.1484375
136,UNO-S,S,45709.546875,1605.91552734375,0.3797634840011596,0.0104384161531925,17659.361328125,33937928.0,5697.04931640625,58306.6328125,0.1021685674786567,0.8978314399719238,0.0084638329863082,0.1015625,0.0234375,0.1015625,0.1796875,0.046875,0.015625,0.109375,0.0703125,0.203125,0.1484375
137,UNO-S,UNO,45813.44921875,1605.03271484375,0.3721930980682373,0.01540092471987,17728.005859375,46002452.0,6528.20068359375,56782.45703125,0.124100461602211,0.8758995532989502,0.0147826250176876,0.1015625,0.0234375,0.1015625,0.1796875,0.046875,0.015625,0.109375,0.0703125,0.203125,0.1484375
138,UNO-S,S,45666.34375,1606.073486328125,0.3710503280162811,0.0317542068660259,17710.93359375,-78338096.0,7846.04345703125,56030.1328125,-0.1781971007585525,1.178197145462036,0.0088709999981801,0.1015625,0.0234375,0.1015625,0.1796875,0.046875,0.015625,0.109375,0.0703125,0.203125,0.1484375
139,UNO-S,UNO,45113.33203125,1606.0537109375,0.3793925046920776,0.0636070147156715,17761.9609375,-106896048.0,7750.955078125,54683.203125,-0.2522042989730835,1.2522042989730835,0.0157126249978318,0.1015625,0.0234375,0.1015625,0.171875,0.046875,0.015625,0.109375,0.0703125,0.2109375,0.1484375
140,UNO-S,S,45090.2109375,1603.9786376953125,0.3893747627735138,0.0025558564811944,17692.12109375,-15822696.0,5904.328125,53008.03515625,-0.0505554787814617,1.0505554676055908,0.0088674170256126,0.1015625,0.0234375,0.1015625,0.1796875,0.046875,0.015625,0.109375,0.0703125,0.203125,0.1484375
141,UNO-S,UNO,44795.95703125,1601.623046875,0.3992233276367187,0.0008061599801294,17683.45703125,9967121.0,6437.93017578125,54527.13671875,0.02839295566082,0.9716070294380188,0.015541792003205,0.09375,0.0234375,0.1015625,0.1796875,0.046875,0.015625,0.1171875,0.0703125,0.203125,0.1484375
142,UNO-S,S,44858.56640625,1599.84521484375,0.4085753262042999,0.0193174332380294,17660.91796875,52558096.0,6832.80517578125,55343.40234375,0.1389871686697006,0.8610128164291382,0.0085509170021396,0.1015625,0.0234375,0.1015625,0.1796875,0.046875,0.015625,0.109375,0.0703125,0.203125,0.1484375
143,UNO-S,UNO,45416.84765625,1596.9219970703125,0.4074039161205292,0.0307627990841865,17683.921875,56851688.0,5721.587890625,56651.81640625,0.1753932684659958,0.824606716632843,0.0145160839892923,0.1015625,0.0234375,0.1015625,0.1796875,0.046875,0.015625,0.109375,0.0703125,0.203125,0.1484375
144,UNO-S,S,45388.95703125,1595.183837890625,0.40191251039505,0.0075873807072639,17677.296875,24579768.0,5215.2060546875,54107.8515625,0.0871055722236633,0.9128944277763368,0.0084607090102508,0.09375,0.0234375,0.1015625,0.1875,0.046875,0.015625,0.1171875,0.0703125,0.1953125,0.1484375
145,UNO-S,UNO,45399.546875,1594.509765625,0.3910640776157379,0.0464287549257278,17729.578125,-108913168.0,9470.1845703125,53373.83984375,-0.21547332406044,1.2154732942581177,0.0131127079948782,0.09375,0.0234375,0.1015625,0.1875,0.046875,0.015625,0.1171875,0.0703125,0.1953125,0.1484375
146,UNO-S,S,45660.890625,1592.4193115234375,0.3787449598312378,0.0147189395502209,17704.9765625,-55198832.0,8856.458984375,51372.60546875,-0.1213216334581375,1.121321678161621,0.0084373749850783,0.09375,0.0234375,0.1015625,0.1875,0.046875,0.015625,0.1171875,0.0703125,0.1953125,0.1484375
147,UNO-S,UNO,45470.15625,1591.455810546875,0.3703568279743194,0.0162504632025957,17668.89453125,-60825120.0,9403.9423828125,50738.8046875,-0.1274773031473159,1.1274772882461548,0.0132164589886087,0.0859375,0.0234375,0.1015625,0.1796875,0.046875,0.015625,0.125,0.0703125,0.203125,0.1484375
148,UNO-S,S,45403.4453125,1588.785400390625,0.3686522245407104,1.9417300791246817e-05,17628.978515625,1345323.625,6064.39697265625,50343.71484375,0.0044065066613256,0.9955934882164,0.0089134580048266,0.0859375,0.0234375,0.1015625,0.1796875,0.046875,0.015625,0.125,0.0703125,0.203125,0.1484375
149,UNO-S,UNO,45168.1640625,1587.4423828125,0.3741407990455627,0.0340520180761814,17657.41796875,42065576.0,4763.56884765625,47854.51171875,0.184531882405281,0.8154681324958801,0.0138825830072164,0.0859375,0.0234375,0.1015625,0.1796875,0.046875,0.0078125,0.125,0.0703125,0.203125,0.15625
150,UNO-S,S,45030.3515625,1587.9598388671875,0.3855968117713928,0.0083443112671375,17616.537109375,-29181372.0,7158.486328125,44626.14453125,-0.0913472026586532,1.0913472175598145,0.0078803329961374,0.078125,0.0234375,0.1015625,0.1796875,0.046875,0.0078125,0.1328125,0.0703125,0.203125,0.15625
151,UNO-S,UNO,44694.26953125,1588.106689453125,0.3977257013320923,0.0252089016139507,17662.865234375,-58570028.0,8490.3896484375,43448.1015625,-0.1587731093168258,1.1587730646133425,0.0128269999986514,0.078125,0.0234375,0.1015625,0.1796875,0.046875,0.0078125,0.1328125,0.0703125,0.203125,0.15625
152,UNO-S,S,44846.234375,1588.077392578125,0.4053365886211395,0.0225195474922657,17641.05078125,-45615064.0,7238.47509765625,41993.4296875,-0.1500651389360427,1.1500651836395264,0.0079586670035496,0.078125,0.0234375,0.1015625,0.1796875,0.046875,0.0078125,0.1328125,0.0703125,0.203125,0.15625
153,UNO-S,UNO,44762.0,1588.635009765625,0.4056412279605865,0.0044153393246233,17643.3515625,-20207180.0,6886.53271484375,44159.38671875,-0.0664480179548263,1.0664479732513428,0.0128639159956946,0.0859375,0.0234375,0.1015625,0.1796875,0.046875,0.015625,0.125,0.0703125,0.203125,0.1484375
154,UNO-S,S,44931.6875,1590.81591796875,0.3972495496273041,0.0034677216317504,17618.310546875,15901177.0,6264.83984375,43101.98046875,0.0588873624801635,0.9411126375198364,0.0082736250187736,0.0859375,0.0234375,0.1015625,0.1796875,0.046875,0.015625,0.125,0.0703125,0.203125,0.1484375
155,UNO-S,UNO,44977.9453125,1594.446533203125,0.3788683712482452,0.0221316460520029,17673.99609375,55478140.0,9238.8486328125,40364.27734375,0.1487670838832855,0.8512328863143921,0.0132282080012373,0.0859375,0.0234375,0.1015625,0.1875,0.046875,0.015625,0.125,0.0703125,0.1953125,0.1484375
156,UNO-S,S,45011.7578125,1602.2930908203125,0.3631242215633392,8.993931714940118e-07,17646.486328125,441753.25,11030.19140625,42230.2578125,0.0009483633912168,0.9990516304969788,0.0087724170007277,0.0859375,0.0234375,0.1015625,0.1875,0.046875,0.015625,0.125,0.0703125,0.1953125,0.1484375
157,UNO-S,UNO,44803.734375,1610.1988525390625,0.3564663529396057,0.012408441863954,17592.130859375,-22187286.0,5028.109375,39613.28125,-0.1113931834697723,1.1113932132720947,0.0138207079726271,0.0859375,0.0078125,0.1015625,0.1875,0.046875,0.015625,0.125,0.0703125,0.2109375,0.1484375
158,UNO-S,S,44983.05859375,1617.0849609375,0.3561354279518127,0.0176490638405084,17557.841796875,29510284.0,5160.06689453125,43048.41796875,0.132849782705307,0.8671501874923706,0.0085759589856024,0.0859375,0.015625,0.1015625,0.1875,0.046875,0.015625,0.125,0.0703125,0.203125,0.1484375
159,UNO-S,UNO,45313.734375,1621.35009765625,0.3619460463523865,0.0272794812917709,17667.2265625,86550448.0,12306.447265625,42581.265625,0.1651650071144104,0.8348349928855896,0.0139349160017445,0.0859375,0.0234375,0.1015625,0.1875,0.046875,0.015625,0.125,0.0703125,0.1953125,0.1484375
160,UNO-S,S,45268.1796875,1625.4150390625,0.368553876876831,0.0426181033253669,17567.15625,57837096.0,6413.2998046875,43684.54296875,0.2064415216445922,0.7935584783554077,0.0082251249987166,0.0859375,0.0234375,0.1015625,0.1796875,0.046875,0.0078125,0.125,0.0703125,0.203125,0.15625
161,UNO-S,UNO,45351.6171875,1628.51416015625,0.3722928166389465,0.0003479453152976,17557.87890625,5469055.0,6681.7939453125,43879.69921875,0.0186532922089099,0.9813467264175416,0.0128743329842109,0.0859375,0.0234375,0.1015625,0.1796875,0.046875,0.0078125,0.125,0.0703125,0.203125,0.15625
162,UNO-S,S,45241.015625,1631.5679931640625,0.3780275285243988,0.0064185373485088,17566.654296875,-29846382.0,8648.39453125,43076.27734375,-0.0801157727837562,1.080115795135498,0.008047917013755,0.09375,0.0234375,0.1015625,0.1796875,0.046875,0.0078125,0.1171875,0.0703125,0.203125,0.15625
163,UNO-S,UNO,45226.73828125,1632.777587890625,0.3844256103038788,0.0010039235930889,17562.26953125,-9841714.0,7010.44189453125,44307.28515625,-0.0316847525537014,1.0316847562789917,0.0133755419810768,0.09375,0.0234375,0.1015625,0.1796875,0.046875,0.0078125,0.1171875,0.0703125,0.203125,0.15625
164,UNO-S,S,44935.81640625,1631.5111083984375,0.3901719152927398,0.0010955758625641,17534.66796875,7958234.0,5442.587890625,44176.36328125,0.0330994836986064,0.9669005274772644,0.0087125420104712,0.09375,0.0234375,0.1015625,0.1796875,0.046875,0.0078125,0.1171875,0.0703125,0.203125,0.15625
165,UNO-S,UNO,44884.5234375,1628.00927734375,0.3915018439292907,0.0039600259624421,17532.55078125,16302205.0,6155.2265625,42087.51171875,0.0629287362098693,0.9370712637901306,0.0133275839907582,0.09375,0.0234375,0.1015625,0.1796875,0.046875,0.015625,0.1171875,0.0703125,0.203125,0.1484375
166,UNO-S,S,44838.38671875,1623.63232421875,0.3891458213329315,0.0175807196646928,17520.298828125,-31376482.0,5296.36572265625,44679.46875,-0.1325923055410385,1.1325923204421997,0.0083547499962151,0.09375,0.0234375,0.1015625,0.1796875,0.046875,0.015625,0.1171875,0.0703125,0.203125,0.1484375
167,UNO-S,UNO,44536.85546875,1618.3360595703125,0.3874865472316742,0.0651835352182388,17598.15625,-68475096.0,6362.708984375,42152.328125,-0.2553106546401977,1.2553106546401978,0.0129597499908413,0.0859375,0.0234375,0.1015625,0.1796875,0.046875,0.015625,0.125,0.0703125,0.203125,0.1484375
168,UNO-S,S,44520.8984375,1611.745361328125,0.381508469581604,0.0004836012958548,17495.037109375,6999613.5,7679.19189453125,41449.06640625,0.0219909362494945,0.978009045124054,0.0080312079808209,0.0859375,0.0234375,0.1015625,0.1796875,0.046875,0.015625,0.125,0.0703125,0.203125,0.1484375
169,UNO-S,UNO,44941.6640625,1602.7484130859375,0.3784888982772827,0.0185770001262426,17578.505859375,72383408.0,12253.1142578125,43341.5859375,0.1362974643707275,0.8637025356292725,0.0127598340041004,0.0859375,0.0234375,0.1015625,0.1796875,0.046875,0.015625,0.125,0.0703125,0.203125,0.1484375
170,UNO-S,S,45010.859375,1595.490234375,0.3777417242527008,0.062474388629198,17529.5,77239208.0,7335.3681640625,42127.42578125,0.2499487698078155,0.7500512599945068,0.0084273750253487,0.0859375,0.0234375,0.1015625,0.1796875,0.046875,0.015625,0.125,0.0703125,0.203125,0.1484375
171,UNO-S,UNO,45316.67578125,1590.143798828125,0.3740240633487701,0.0578226558864116,17557.37890625,64943756.0,6501.15673828125,41542.98828125,0.2404634207487106,0.7595365643501282,0.0131376249773893,0.0859375,0.0234375,0.1015625,0.1875,0.046875,0.015625,0.125,0.0703125,0.1953125,0.1484375
172,UNO-S,S,45486.0703125,1587.88525390625,0.3740629553794861,0.003299294039607,17578.48046875,-34362332.0,15244.8974609375,39241.69140625,-0.0574394799768924,1.0574394464492798,0.008562917006202,0.0859375,0.0234375,0.1015625,0.1875,0.046875,0.015625,0.125,0.0703125,0.1953125,0.1484375
173,UNO-S,UNO,45235.515625,1585.09716796875,0.3792024850845337,0.012274557724595,17629.330078125,-72457744.0,17228.583984375,37960.53515625,-0.1107906028628349,1.1107906103134155,0.0132937080052215,0.0859375,0.0234375,0.1015625,0.1953125,0.046875,0.015625,0.125,0.0703125,0.1875,0.1484375
174,UNO-S,S,44942.3125,1581.498046875,0.3812436759471893,0.0091565288603305,17566.76171875,-46099408.0,14046.6640625,34297.05078125,-0.0956897512078285,1.0956897735595703,0.0084939589723944,0.0859375,0.0234375,0.1015625,0.1953125,0.046875,0.015625,0.125,0.0703125,0.1875,0.1484375
175,UNO-S,UNO,44369.28125,1579.615234375,0.3843264281749725,0.026481619104743,17558.0078125,-40110580.0,7823.15673828125,31506.826171875,-0.1627317368984222,1.1627317667007446,0.0130262079765088,0.078125,0.015625,0.1015625,0.1796875,0.046875,0.015625,0.1328125,0.0703125,0.2109375,0.1484375
176,UNO-S,S,44289.3671875,1578.3143310546875,0.3777391314506531,0.0017953614005818,17573.4296875,15773094.0,12831.21484375,29011.705078125,0.0423717051744461,0.9576283097267152,0.0079205830115824,0.078125,0.015625,0.1015625,0.1796875,0.046875,0.0078125,0.1328125,0.0703125,0.2109375,0.15625
177,UNO-S,UNO,44550.2421875,1578.2225341796875,0.3657384812831878,0.0055076624266803,17617.4921875,43366972.0,19351.310546875,30197.087890625,0.0742136240005493,0.9257863759994508,0.0128900000127032,0.0859375,0.015625,0.1015625,0.1796875,0.046875,0.0078125,0.125,0.0703125,0.2109375,0.15625
178,UNO-S,S,44720.33203125,1579.4102783203125,0.3580582439899444,5.237208461039699e-05,17529.408203125,-1802756.875,8913.78515625,27946.337890625,-0.0072368560358881,1.0072368383407593,0.0081555419892538,0.0859375,0.0078125,0.1015625,0.1796875,0.046875,0.0078125,0.125,0.0703125,0.21875,0.15625
179,UNO-S,UNO,44908.8515625,1581.84033203125,0.3515867292881012,0.0568817183375358,17574.599609375,-53383516.0,7642.4912109375,29287.74609375,-0.2384988814592361,1.2384989261627195,0.0165027909970376,0.0859375,0.015625,0.1015625,0.1875,0.046875,0.0078125,0.125,0.0703125,0.203125,0.15625
180,UNO-S,S,45413.4140625,1586.098876953125,0.3436470627784729,0.0003696268831845,17557.65234375,-7021619.5,12879.40625,28356.9609375,-0.0192256830632686,1.0192257165908811,0.008590917015681,0.0859375,0.015625,0.1015625,0.1875,0.046875,0.015625,0.125,0.0703125,0.203125,0.1484375
181,UNO-S,UNO,45616.2734375,1588.881103515625,0.3379179239273071,0.0285492409020662,17599.689453125,78060448.0,15213.271484375,30367.64453125,0.1689652055501938,0.831034779548645,0.0130297499999869,0.078125,0.015625,0.1015625,0.1875,0.046875,0.015625,0.1328125,0.0703125,0.203125,0.1484375
182,UNO-S,S,45434.5234375,1590.9073486328125,0.3380571007728576,0.0233258996158838,17528.6796875,56174064.0,11899.2373046875,30909.896484375,0.15272818505764,0.8472718000411987,0.0081488750001881,0.0859375,0.015625,0.1015625,0.1875,0.046875,0.015625,0.125,0.0703125,0.203125,0.1484375
183,UNO-S,UNO,45718.87890625,1593.3646240234375,0.3361000716686249,0.1059879809617996,17613.599609375,94905040.0,9493.958984375,30705.31640625,0.3255579471588135,0.6744420528411865,0.0126203339896164,0.0859375,0.0078125,0.1015625,0.1875,0.046875,0.015625,0.125,0.0703125,0.2109375,0.1484375
184,UNO-S,S,45329.28125,1599.57666015625,0.3467775285243988,0.0019823240581899,17552.828125,-17134500.0,14662.3798828125,26246.99609375,-0.0445232987403869,1.0445232391357422,0.0079521249863319,0.0859375,0.0078125,0.1015625,0.1875,0.046875,0.015625,0.125,0.0703125,0.2109375,0.1484375
185,UNO-S,UNO,44859.25,1606.828857421875,0.3636957705020904,0.0029368519317358,17617.009765625,-25258554.0,18479.2421875,25222.216796875,-0.0541927292943,1.0541927814483645,0.0129906670190393,0.0859375,0.015625,0.1015625,0.1796875,0.046875,0.015625,0.125,0.0703125,0.2109375,0.1484375
186,UNO-S,S,44592.953125,1615.269287109375,0.3789833188056946,1.0408643902337644e-05,17578.75,1303609.5,15176.021484375,26625.091796875,0.0032262429594993,0.9967737793922424,0.0082047499890904,0.0859375,0.015625,0.1015625,0.1796875,0.046875,0.015625,0.125,0.0625,0.2109375,0.15625
187,UNO-S,UNO,44272.71875,1624.178955078125,0.3878366947174072,0.0040332344360649,17463.859375,-17558512.0,9594.04296875,28817.6953125,-0.0635077506303787,1.0635077953338623,0.0127305839851032,0.0859375,0.0234375,0.1015625,0.1953125,0.046875,0.0078125,0.125,0.0625,0.1953125,0.15625
188,UNO-S,S,44484.50390625,1629.8330078125,0.3915201425552368,0.0022199179511517,17497.275390625,-15320566.0,11810.21484375,27532.685546875,-0.0471160039305686,1.0471160411834717,0.0084281250019557,0.0859375,0.0234375,0.1015625,0.1953125,0.046875,0.0078125,0.125,0.0625,0.1953125,0.15625
189,UNO-S,UNO,44682.27734375,1632.908203125,0.3889218866825104,0.004673371091485,17525.0234375,-23793178.0,11969.921875,29076.7578125,-0.0683620572090148,1.06836199760437,0.0131973749957978,0.0859375,0.0234375,0.1015625,0.1953125,0.046875,0.015625,0.125,0.0625,0.1875,0.15625
190,UNO-S,S,44853.5078125,1633.10498046875,0.3831764459609985,6.066177320462884e-07,17493.900390625,-284405.375,11675.8115234375,31274.4765625,-0.0007788566872477,1.0007789134979248,0.0079961660085245,0.0859375,0.0234375,0.1015625,0.1875,0.046875,0.015625,0.125,0.0703125,0.1953125,0.1484375
191,UNO-S,UNO,44864.75,1632.08349609375,0.374898225069046,0.0038431205321103,17465.36328125,18487032.0,9360.5009765625,31858.55859375,0.0619929060339927,0.938007116317749,0.0129409579967614,0.0859375,0.0234375,0.1015625,0.1875,0.046875,0.015625,0.125,0.0703125,0.1953125,0.1484375
192,UNO-S,S,45094.234375,1630.3431396484375,0.3686102330684662,0.0052098119631409,17487.0390625,24140194.0,9610.59765625,34800.01171875,0.0721790269017219,0.9278209805488586,0.008202541997889,0.0859375,0.0234375,0.1015625,0.1875,0.046875,0.015625,0.125,0.0703125,0.1953125,0.1484375
193,UNO-S,UNO,45320.6015625,1630.80029296875,0.3603809475898742,0.0058521940372884,17453.05859375,27016460.0,10153.3876953125,34782.29296875,0.0764996334910392,0.92350035905838,0.0130167500174138,0.0859375,0.0234375,0.1015625,0.1875,0.046875,0.0078125,0.125,0.0703125,0.1953125,0.15625
194,UNO-S,S,45204.6328125,1631.59765625,0.3539867699146271,0.0088949063792824,17408.490234375,29193290.0,8409.3330078125,36808.7265625,0.094312809407711,0.9056872129440308,0.0080180420191027,0.0859375,0.0234375,0.1015625,0.1875,0.046875,0.0078125,0.125,0.0703125,0.1953125,0.15625
195,UNO-S,UNO,45173.2734375,1632.001220703125,0.3460539877414703,0.0005620984593406,17403.044921875,-6286289.0,6834.8759765625,38793.37890625,-0.0237086154520511,1.0237085819244385,0.0134364999830722,0.0859375,0.015625,0.1015625,0.1796875,0.046875,0.0078125,0.125,0.0703125,0.2109375,0.15625
196,UNO-S,S,45282.42578125,1631.9847412109375,0.3417410254478454,7.015128358034417e-05,17381.275390625,2382023.5,7364.21435546875,38619.06640625,0.0083756363019347,0.991624355316162,0.0087407920218538,0.0859375,0.0078125,0.1015625,0.1875,0.046875,0.0078125,0.125,0.0703125,0.2109375,0.15625
197,UNO-S,UNO,45404.78125,1629.7706298828125,0.3442497253417969,1.0124256988319758e-09,17396.826171875,-10533.3125,7788.43701171875,42500.61328125,-3.1818635761737823e-05,1.00003182888031,0.013476416002959,0.0859375,0.0078125,0.1015625,0.1875,0.046875,0.015625,0.125,0.0703125,0.2109375,0.1484375
198,UNO-S,S,45553.3046875,1626.2041015625,0.3510624170303345,0.0045917658135294,17379.693359375,-15905819.0,5705.712890625,41139.23828125,-0.0677625685930252,1.0677626132965088,0.0084431660070549,0.0859375,0.0078125,0.1015625,0.1875,0.046875,0.015625,0.125,0.0703125,0.2109375,0.1484375
199,UNO-S,UNO,45379.18359375,1623.1962890625,0.3596708476543426,0.0003593188012018,17357.6484375,-5504358.0,7109.2373046875,40845.47265625,-0.0189557056874036,1.0189557075500488,0.0131295419996604,0.0859375,0.0078125,0.1015625,0.1796875,0.046875,0.015625,0.125,0.0703125,0.21875,0.1484375
200,UNO-S,S,45364.171875,1619.5830078125,0.3674527406692505,0.0197801440954208,17407.7109375,-49903940.0,8642.001953125,41058.75,-0.1406418979167938,1.1406419277191162,0.0078785420046187,0.0859375,0.015625,0.1015625,0.1796875,0.046875,0.015625,0.125,0.0703125,0.2109375,0.1484375
201,UNO-S,UNO,45047.015625,1619.936279296875,0.3770822584629059,0.0011785645037889,17359.857421875,10064779.0,6776.1025390625,43266.0859375,0.0343302264809608,0.9656697511672974,0.0139609169855248,0.0859375,0.0234375,0.1015625,0.1796875,0.046875,0.015625,0.125,0.0703125,0.203125,0.1484375
202,UNO-S,S,44783.265625,1621.5399169921875,0.3813457190990448,3.5276732432976132e-06,17378.697265625,-568876.875,7411.064453125,40869.0546875,-0.0018782101105898,1.001878261566162,0.0084708330105058,0.0859375,0.0234375,0.1015625,0.1796875,0.046875,0.015625,0.125,0.0703125,0.203125,0.1484375
203,UNO-S,UNO,44713.3515625,1623.9345703125,0.3818715214729309,0.0008703218773007,17399.388671875,-9747637.0,7897.5869140625,41837.43359375,-0.0295012183487415,1.02950119972229,0.0135480829922016,0.0859375,0.0234375,0.1015625,0.1796875,0.046875,0.0078125,0.125,0.0703125,0.203125,0.15625
204,UNO-S,S,45032.75390625,1625.927001953125,0.3755197525024414,0.0375757031142711,17385.0625,-62260792.0,7681.2607421875,41814.6640625,-0.1938445270061493,1.1938445568084717,0.0085265000234358,0.0859375,0.0234375,0.1015625,0.1796875,0.046875,0.0078125,0.125,0.0703125,0.203125,0.15625
205,UNO-S,UNO,44763.93359375,1628.2679443359375,0.3702812194824219,0.0004205062869004,17389.6875,5579474.5,6567.6298828125,41428.4296875,0.0205062497407197,0.9794937372207642,0.0129522079951129,0.0859375,0.015625,0.1015625,0.171875,0.046875,0.0078125,0.125,0.0703125,0.21875,0.15625
206,UNO-S,S,44837.078125,1632.56982421875,0.361935943365097,1.3250446500023829e-05,17371.84375,-950681.0,6417.97998046875,40693.125,-0.0036401161924004,1.0036401748657229,0.0079344169935211,0.0859375,0.015625,0.1015625,0.1796875,0.046875,0.0078125,0.125,0.0703125,0.2109375,0.15625
207,UNO-S,UNO,45009.16796875,1637.5596923828125,0.3512691855430603,0.00276322173886,17333.845703125,12949500.0,5666.6455078125,43472.95703125,0.0525663532316684,0.9474336504936218,0.0128761249943636,0.0859375,0.015625,0.1015625,0.1875,0.046875,0.0078125,0.125,0.0703125,0.203125,0.15625
208,UNO-S,S,44915.4453125,1642.2308349609375,0.3477686047554016,0.0088789723813533,17321.376953125,-22456588.0,5706.98095703125,41759.55859375,-0.0942282974720001,1.0942282676696775,0.0081091250176541,0.0859375,0.0078125,0.1015625,0.1875,0.046875,0.0078125,0.125,0.0703125,0.2109375,0.15625
209,UNO-S,UNO,44750.90625,1645.69873046875,0.3493673205375671,0.0180347431451082,17340.955078125,-29860394.0,5932.20849609375,37482.1171875,-0.1342934966087341,1.134293556213379,0.0132225409906823,0.0859375,0.0078125,0.1015625,0.1953125,0.046875,0.0078125,0.125,0.0703125,0.203125,0.15625
210,UNO-S,S,45186.55078125,1648.400634765625,0.3458811342716217,0.0099867321550846,17345.05078125,37768160.0,9054.8046875,41738.328125,0.0999336391687393,0.9000663757324219,0.0080048749805428,0.0859375,0.0078125,0.1015625,0.1953125,0.046875,0.0078125,0.125,0.0703125,0.203125,0.15625
211,UNO-S,UNO,45302.19140625,1650.738037109375,0.343167096376419,0.0738589838147163,17384.5546875,69337080.0,6148.00390625,41498.24609375,0.2717700898647308,0.7282298803329468,0.0128989170189015,0.0859375,0.0078125,0.1015625,0.203125,0.046875,0.015625,0.125,0.0703125,0.1953125,0.1484375
212,UNO-S,S,45171.890625,1649.96923828125,0.3443966507911682,0.0003591501736082,17360.779296875,-4706258.5,6398.35205078125,38812.30859375,-0.0189512576907873,1.0189512968063354,0.008829375001369,0.0859375,0.0078125,0.1015625,0.1875,0.046875,0.015625,0.125,0.0703125,0.2109375,0.1484375
213,UNO-S,UNO,45025.45703125,1650.731689453125,0.3433559536933899,0.0347604937851429,17376.236328125,-48170868.0,6908.7861328125,37397.25390625,-0.1864416599273681,1.1864416599273682,0.0129348340269643,0.0859375,0.0078125,0.1015625,0.1875,0.046875,0.015625,0.125,0.0703125,0.2109375,0.1484375
214,UNO-S,S,44947.015625,1649.659912109375,0.3380516469478607,0.0511326752603054,17309.7890625,-68473960.0,8419.90625,35964.078125,-0.2261253446340561,1.2261253595352173,0.0080880000023171,0.0859375,0.0078125,0.1015625,0.1875,0.046875,0.015625,0.125,0.0703125,0.2109375,0.1484375
215,UNO-S,UNO,44618.3515625,1646.8084716796875,0.3395780026912689,0.0689141154289245,17375.43359375,-83456304.0,8615.412109375,36900.2265625,-0.262514978647232,1.2625149488449097,0.0128717919869814,0.0859375,0.0078125,0.1015625,0.1796875,0.046875,0.015625,0.125,0.0703125,0.21875,0.1484375
216,UNO-S,S,44387.13671875,1642.805419921875,0.3392183482646942,0.0198528040200471,17282.939453125,21749380.0,4032.36474609375,38280.38671875,0.14089997112751,0.8591000437736511,0.0080176669871434,0.0859375,0.0078125,0.1015625,0.1953125,0.046875,0.0078125,0.125,0.0703125,0.2109375,0.1484375
217,UNO-S,UNO,44559.4921875,1639.105712890625,0.3424505591392517,0.0937600508332252,17387.44140625,82278424.0,6867.59130859375,39126.65625,0.306202620267868,0.6937973499298096,0.013377124996623,0.0859375,0.0078125,0.1015625,0.1953125,0.046875,0.0078125,0.125,0.0703125,0.2109375,0.1484375
218,UNO-S,S,44522.7265625,1633.7684326171875,0.3505488038063049,0.0622621774673461,17304.8203125,95535552.0,10423.4462890625,36731.74609375,0.2495238929986953,0.7504761219024658,0.0084982919797766,0.0859375,0.015625,0.1015625,0.1953125,0.046875,0.0078125,0.125,0.0703125,0.203125,0.1484375
219,UNO-S,UNO,45086.5859375,1630.5712890625,0.3486735820770263,0.0384462364017963,17321.28515625,57410340.0,8120.3955078125,36056.703125,0.1960771083831787,0.8039228916168213,0.0143499579862691,0.0859375,0.015625,0.1015625,0.1796875,0.046875,0.0078125,0.125,0.0703125,0.2109375,0.15625
220,UNO-S,S,45148.41015625,1628.5008544921875,0.3449753522872925,0.0075669605284929,17282.626953125,-13685026.0,5105.11865234375,30816.1875,-0.0869882777333259,1.08698832988739,0.0089505840151105,0.0859375,0.0078125,0.1015625,0.1875,0.046875,0.0078125,0.125,0.0703125,0.2109375,0.15625
221,UNO-S,UNO,45238.1484375,1626.835205078125,0.3405839800834656,0.0116968462243676,17334.603515625,-33301698.0,10232.9189453125,30090.720703125,-0.1081519573926925,1.108151912689209,0.0139262080192565,0.0859375,0.0078125,0.1015625,0.1875,0.046875,0.0078125,0.125,0.0703125,0.2109375,0.15625
222,UNO-S,S,45272.01171875,1625.47119140625,0.333677589893341,0.0022938780020922,17291.123046875,-13764444.0,10609.7578125,27087.451171875,-0.0478944443166255,1.0478944778442385,0.0085015420045237,0.0859375,0.0078125,0.1015625,0.1875,0.046875,0.0078125,0.125,0.0703125,0.2109375,0.15625
223,UNO-S,UNO,45096.828125,1622.0908203125,0.3353430032730102,0.0012288829311728,17264.84765625,8728247.0,8987.759765625,27702.587890625,0.0350554250180721,0.96494460105896,0.0156136669975239,0.0859375,0.0078125,0.1015625,0.1796875,0.046875,0.0078125,0.125,0.0703125,0.21875,0.15625
224,UNO-S,S,44539.51953125,1617.093994140625,0.3414913117885589,0.0066189328208565,17253.166015625,-11998112.0,5155.88037109375,28603.298828125,-0.0813568234443664,1.0813567638397217,0.0089764159929472,0.0859375,0.0078125,0.1015625,0.1796875,0.046875,0.0078125,0.125,0.0703125,0.21875,0.15625
225,UNO-S,UNO,44302.2109375,1612.925048828125,0.3488228321075439,0.051339391618967,17300.04296875,-36170976.0,5864.96533203125,27218.826171875,-0.2265819758176803,1.2265819311141968,0.0172830840165261,0.0859375,0.0078125,0.1015625,0.1953125,0.046875,0.0078125,0.125,0.0703125,0.2109375,0.1484375
226,UNO-S,S,44562.0390625,1607.33984375,0.3474818170070648,0.0025866231881082,17306.388671875,14228554.0,9209.0576171875,30379.37890625,0.0508588552474975,0.9491411447525024,0.0087325000204145,0.0859375,0.0078125,0.1015625,0.1953125,0.046875,0.0078125,0.125,0.0703125,0.2109375,0.1484375
227,UNO-S,UNO,45150.9140625,1604.2412109375,0.3416059613227844,0.0428655818104743,17379.54296875,83001848.0,11691.576171875,34289.43359375,0.2070400416851043,0.7929599285125732,0.0163598750077653,0.0859375,0.0078125,0.1015625,0.1953125,0.046875,0.0078125,0.125,0.0703125,0.203125,0.15625
228,UNO-S,S,45225.42578125,1602.27734375,0.3345004320144653,0.0932870283722877,17278.11328125,85547320.0,8645.41796875,32397.373046875,0.3054292500019073,0.694570779800415,0.0089920419850386,0.078125,0.0078125,0.1015625,0.1953125,0.046875,0.0078125,0.1328125,0.0703125,0.203125,0.15625
229,UNO-S,UNO,45947.58984375,1602.436767578125,0.3179515600204468,0.0204057786613702,17273.70703125,26109268.0,5632.02392578125,32452.908203125,0.142848789691925,0.857151210308075,0.0158318750036414,0.078125,0.0078125,0.1015625,0.203125,0.0546875,0.0078125,0.1328125,0.078125,0.1953125,0.140625
230,UNO-S,S,46496.21875,1603.291259765625,0.311286449432373,0.0065933708101511,17318.462890625,-20921920.0,8325.8486328125,30947.04296875,-0.0811995714902877,1.0811995267868042,0.0085836660000495,0.078125,0.0078125,0.1015625,0.1953125,0.0546875,0.0078125,0.1328125,0.078125,0.203125,0.140625
231,UNO-S,UNO,46150.51953125,1604.2493896484375,0.3127333521842956,0.0064388671889901,17318.98828125,-22854504.0,9293.984375,30645.38671875,-0.0802425518631935,1.0802425146102903,0.015235416998621,0.078125,0.0078125,0.1015625,0.1875,0.0546875,0.0078125,0.1328125,0.078125,0.2109375,0.140625
232,UNO-S,S,45856.671875,1604.668212890625,0.3187004029750824,0.00289759458974,17289.9609375,15684388.0,8817.9775390625,33043.03125,0.0538293085992336,0.946170687675476,0.0087889590067788,0.078125,0.0078125,0.1015625,0.1875,0.046875,0.0078125,0.1328125,0.078125,0.2109375,0.1484375
233,UNO-S,UNO,45533.046875,1603.7823486328125,0.3265721499919891,0.0180954653769731,17319.669921875,43448348.0,10319.4951171875,31298.962890625,0.1345193833112716,0.8654806017875671,0.0152158330020029,0.078125,0.0078125,0.1015625,0.1796875,0.046875,0.0078125,0.1328125,0.0703125,0.21875,0.15625
234,UNO-S,S,45122.66796875,1602.45947265625,0.3416703045368194,0.0693156868219375,17258.861328125,-51682248.0,6274.55126953125,31285.49609375,-0.2632787227630615,1.2632787227630615,0.0091760830255225,0.0859375,0.0078125,0.1015625,0.1953125,0.046875,0.0078125,0.125,0.0703125,0.2109375,0.1484375
235,UNO-S,UNO,44728.36328125,1600.6351318359375,0.362887442111969,0.0466010123491287,17281.728515625,-49538216.0,7301.1572265625,31430.48046875,-0.2158726751804351,1.2158726453781128,0.0157038329925853,0.078125,0.0078125,0.1015625,0.1953125,0.046875,0.0078125,0.1328125,0.0703125,0.2109375,0.1484375
236,UNO-S,S,44898.77734375,1596.98291015625,0.3720782995223999,0.0027995679993182,17341.3125,28288592.0,15725.03515625,33999.625,0.0529109425842762,0.9470890760421752,0.0089090419933199,0.078125,0.0078125,0.1015625,0.1953125,0.046875,0.0078125,0.1328125,0.0703125,0.2109375,0.1484375
237,UNO-S,UNO,45543.8125,1597.974853515625,0.3672366142272949,0.028283417224884,17396.69921875,88992584.0,14066.1064453125,37619.5859375,0.1681767404079437,0.8318232297897339,0.0155007080174982,0.078125,0.015625,0.1015625,0.203125,0.046875,0.0078125,0.1328125,0.0703125,0.1953125,0.1484375
238,UNO-S,S,45642.1953125,1603.158203125,0.3483007550239563,0.0913144275546073,17203.04296875,81205024.0,7102.2353515625,37837.1171875,0.3021827638149261,0.6978172063827515,0.0087973339832387,0.078125,0.015625,0.1015625,0.1953125,0.046875,0.0078125,0.1328125,0.0703125,0.1953125,0.15625
239,UNO-S,UNO,46586.2890625,1607.9423828125,0.3192594349384308,0.0732335224747657,17293.87890625,62151064.0,5796.75439453125,39619.4765625,0.2706169188022613,0.729383111000061,0.0149098749971017,0.078125,0.015625,0.1015625,0.1953125,0.046875,0.0078125,0.1328125,0.078125,0.1953125,0.1484375
240,UNO-S,S,46995.234375,1615.015869140625,0.2982943952083587,4.793448533746414e-05,17328.66796875,3394593.75,12800.634765625,38302.96484375,0.0069234734401106,0.993076503276825,0.0232228749955538,0.078125,0.0078125,0.1015625,0.203125,0.046875,0.015625,0.1328125,0.078125,0.1953125,0.140625
241,UNO-S,UNO,46868.6953125,1620.5052490234375,0.2907929420471191,0.0087274424731731,17307.166015625,-52511888.0,14366.109375,39126.859375,-0.0934207811951637,1.0934207439422607,0.0189980830182321,0.078125,0.0078125,0.1015625,0.1875,0.046875,0.015625,0.1328125,0.078125,0.2109375,0.140625
242,UNO-S,S,46795.58984375,1620.6026611328125,0.2962828874588012,0.0094517553225159,17378.986328125,-63827360.0,16700.701171875,39311.16015625,-0.0972201377153396,1.0972201824188232,0.0087287909991573,0.078125,0.0078125,0.1015625,0.1875,0.046875,0.015625,0.1328125,0.078125,0.2109375,0.140625
243,UNO-S,UNO,46059.53125,1620.011474609375,0.3187800645828247,0.0684809163212776,17310.87109375,-73752280.0,7551.6513671875,37320.609375,-0.2616885900497436,1.2616885900497437,0.01528758299537,0.078125,0.0078125,0.1015625,0.1875,0.046875,0.015625,0.1328125,0.0703125,0.2109375,0.1484375
244,UNO-S,S,45773.49609375,1618.127197265625,0.3408069610595703,0.0002413251640973,17252.869140625,7008685.0,11158.5546875,40432.19140625,0.0155346440151333,0.9844653606414796,0.0090848750260192,0.078125,0.0078125,0.1015625,0.1953125,0.046875,0.0078125,0.1328125,0.0703125,0.2109375,0.1484375
245,UNO-S,UNO,45813.29296875,1617.1107177734375,0.3597171604633331,0.00807492621243,17312.892578125,48029596.0,13587.1826171875,39337.81640625,0.0898605957627296,0.9101393818855286,0.0159134579880628,0.0859375,0.0078125,0.1015625,0.1953125,0.046875,0.0078125,0.125,0.0703125,0.2109375,0.1484375
246,UNO-S,S,45831.078125,1618.048583984375,0.3690014183521271,0.0662993416190147,17227.9921875,94563976.0,9197.7841796875,39928.953125,0.2574865818023681,0.7425134181976318,0.0089721670083235,0.0859375,0.015625,0.1015625,0.203125,0.046875,0.0078125,0.125,0.0703125,0.1953125,0.1484375
247,UNO-S,UNO,46342.0078125,1618.4619140625,0.3580788671970367,0.0777693912386894,17257.271484375,62623132.0,5776.51123046875,38874.5,0.27887162566185,0.7211283445358276,0.014859165996313,0.078125,0.015625,0.1015625,0.2109375,0.046875,0.0078125,0.1328125,0.0703125,0.1796875,0.15625
248,UNO-S,S,46588.2109375,1619.9385986328125,0.3377391993999481,0.0144340749830007,17203.7421875,-52356460.0,11538.6982421875,37767.5703125,-0.1201418936252594,1.120141863822937,0.0085675420123152,0.078125,0.015625,0.1015625,0.2109375,0.046875,0.0078125,0.1328125,0.078125,0.1796875,0.1484375
249,UNO-S,UNO,46436.5546875,1620.5654296875,0.3145668804645538,0.0400810949504375,17310.361328125,-104628824.0,15725.8681640625,33232.79296875,-0.2002026289701461,1.2002025842666626,0.0163726669852621,0.078125,0.0078125,0.1015625,0.2109375,0.046875,0.0078125,0.1328125,0.078125,0.1875,0.1484375
250,UNO-S,S,46278.125,1620.16943359375,0.2962875366210937,0.0708994716405868,17217.55859375,-105229400.0,11825.53125,33419.1171875,-0.2662695348262787,1.266269564628601,0.0084154170181136,0.078125,0.0078125,0.1015625,0.203125,0.046875,0.0078125,0.1328125,0.078125,0.1953125,0.1484375
251,UNO-S,UNO,45428.23046875,1617.9827880859375,0.3016715943813324,0.0227863583713769,17187.560546875,-38020548.0,7246.77734375,34756.5,-0.1509515047073364,1.1509515047073364,0.0148408329987432,0.078125,0.0078125,0.1015625,0.2109375,0.046875,0.0078125,0.1328125,0.0703125,0.1953125,0.1484375
252,UNO-S,S,44967.5625,1613.85595703125,0.3142292499542236,0.0193333011120557,17261.625,64329852.0,14199.4775390625,32582.708984375,0.139044240117073,0.8609557747840881,0.0083499159954953,0.078125,0.0078125,0.1015625,0.1875,0.046875,0.0078125,0.1328125,0.0703125,0.21875,0.1484375
253,UNO-S,UNO,45113.96875,1611.19384765625,0.3230414986610412,0.033035933971405,17365.771484375,127193400.0,20415.119140625,34278.30859375,0.1817578971385955,0.818242073059082,0.0130605419981293,0.078125,0.0078125,0.1015625,0.1875,0.046875,0.0078125,0.1328125,0.0703125,0.21875,0.1484375
254,UNO-S,S,45028.734375,1610.8704833984375,0.3369336724281311,0.0274561215192079,17206.0390625,68354008.0,12006.5263671875,34357.9296875,0.1656988859176635,0.8343011140823364,0.0081997500092256,0.078125,0.0078125,0.1015625,0.1875,0.046875,0.0078125,0.1328125,0.078125,0.2109375,0.1484375
255,UNO-S,UNO,45847.75,1614.02294921875,0.3391508162021637,0.0005861994577571,17126.9921875,-4059953.25,4835.8642578125,34675.62890625,-0.0242115557193756,1.0242115259170532,0.01322141700075,0.078125,0.0078125,0.1015625,0.1953125,0.046875,0.0078125,0.1328125,0.078125,0.203125,0.1484375
256,UNO-S,S,46455.0390625,1617.200439453125,0.3377756774425506,0.0126522006466984,17161.4921875,-37757700.0,9585.3203125,35019.9765625,-0.1124819964170456,1.112481951713562,0.0086347500036936,0.078125,0.0234375,0.1015625,0.1953125,0.046875,0.0078125,0.1328125,0.078125,0.1875,0.1484375
257,UNO-S,UNO,46642.5390625,1619.849609375,0.3326714336872101,0.0073271710425615,17220.654296875,-39941380.0,14094.7216796875,33105.359375,-0.0855988934636116,1.0855989456176758,0.0138407499762251,0.078125,0.015625,0.1015625,0.1953125,0.046875,0.0078125,0.1328125,0.078125,0.1953125,0.1484375
258,UNO-S,S,46491.37109375,1621.5753173828125,0.3241767287254333,0.0007417915039695,17206.06640625,11211540.0,12298.0478515625,33472.5,0.0272358488291502,0.9727641344070436,0.0093154579808469,0.078125,0.0078125,0.1015625,0.2109375,0.046875,0.0078125,0.1328125,0.078125,0.1875,0.1484375
259,UNO-S,UNO,46292.328125,1622.9913330078125,0.3154621720314026,0.0033420398831367,17140.19921875,12587627.0,6270.29931640625,34725.6015625,0.0578103773295879,0.942189633846283,0.0163084170198999,0.078125,0.0078125,0.1015625,0.203125,0.046875,0.0078125,0.1328125,0.0703125,0.1953125,0.15625
260,UNO-S,S,45766.484375,1624.1627197265625,0.3141802549362182,0.0059132040478289,17113.96875,19791152.0,7714.890625,33360.30078125,0.0768973603844642,0.923102617263794,0.009369790990604,0.078125,0.0078125,0.1015625,0.1953125,0.046875,0.015625,0.1328125,0.0703125,0.203125,0.1484375
261,UNO-S,UNO,45940.81640625,1624.2708740234375,0.3196213841438293,0.0019900524057447,17177.634765625,21272644.0,12925.9609375,36891.51171875,0.0446100011467933,0.9553899765014648,0.0149216670251917,0.078125,0.0078125,0.1015625,0.1953125,0.046875,0.015625,0.1328125,0.0703125,0.203125,0.1484375
262,UNO-S,S,45781.0859375,1624.035888671875,0.3351981043815613,0.0145648224279284,17119.673828125,30402494.0,6715.94775390625,37510.19140625,0.120684802532196,0.879315197467804,0.0090605839795898,0.078125,0.0078125,0.1015625,0.203125,0.046875,0.0078125,0.1328125,0.0703125,0.203125,0.1484375
263,UNO-S,UNO,46009.9375,1622.849853515625,0.3504573702812195,0.0008186538470908,17131.06640625,-5727737.0,5399.310546875,37076.15234375,-0.0286121275275945,1.0286121368408203,0.0149247910012491,0.078125,0.0078125,0.1015625,0.203125,0.046875,0.0078125,0.1328125,0.078125,0.203125,0.140625
264,UNO-S,S,46081.6796875,1621.990966796875,0.3568194508552551,0.0024155711289495,17152.85546875,-16982906.0,9193.5322265625,37585.4453125,-0.0491484589874744,1.049148440361023,0.0088550419895909,0.078125,0.015625,0.1015625,0.1953125,0.046875,0.0078125,0.1328125,0.078125,0.1953125,0.1484375
265,UNO-S,UNO,45842.3515625,1620.4114990234375,0.3540055453777313,0.0048387949354946,17117.11328125,-21399662.0,8517.2197265625,36119.38671875,-0.0695614442229271,1.06956148147583,0.015571041003568,0.078125,0.015625,0.1015625,0.1953125,0.046875,0.0078125,0.1328125,0.078125,0.1953125,0.1484375
266,UNO-S,S,46054.48828125,1617.65673828125,0.3429396152496338,0.0009799862746149,17085.77734375,6119697.0,5221.064453125,37442.15234375,0.031304731965065,0.9686952829360962,0.0089850839867722,0.078125,0.015625,0.1015625,0.1953125,0.046875,0.0078125,0.1328125,0.078125,0.1953125,0.1484375
267,UNO-S,UNO,46189.10546875,1614.805908203125,0.3293802738189697,0.0181411802768707,17072.4375,37962676.0,7166.23681640625,39330.8046875,0.1346891969442367,0.865310788154602,0.0143111250072252,0.078125,0.0078125,0.1015625,0.1953125,0.046875,0.0078125,0.1328125,0.078125,0.203125,0.1484375
268,UNO-S,S,46036.93359375,1610.81982421875,0.3162993192672729,6.400514394044876e-06,17097.677734375,516485.125,5423.91357421875,37638.96484375,0.0025299238041043,0.9974700808525084,0.0094100830028764,0.078125,0.0078125,0.1015625,0.1953125,0.046875,0.0078125,0.1328125,0.078125,0.203125,0.1484375
269,UNO-S,UNO,46190.78125,1608.50634765625,0.3094553649425506,0.0022736927494406,17128.869140625,15431828.0,8210.48046875,39416.94140625,0.0476832538843154,0.9523167610168456,0.0156961659959051,0.078125,0.0078125,0.1015625,0.1953125,0.046875,0.0078125,0.1328125,0.078125,0.203125,0.1484375
270,UNO-S,S,45794.61328125,1609.9429931640625,0.3088425099849701,0.0024801683612167,17097.279296875,13371262.0,7103.29541015625,37798.28515625,0.0498012863099575,0.9501987099647522,0.0087212499929592,0.078125,0.0078125,0.1015625,0.2109375,0.046875,0.0078125,0.1328125,0.0703125,0.1953125,0.1484375
271,UNO-S,UNO,45824.1640625,1613.712890625,0.31241375207901,0.0255158487707376,17097.021484375,-29809786.0,5397.76904296875,34573.19921875,-0.1597368121147155,1.1597368717193604,0.0158277080045081,0.078125,0.0078125,0.1015625,0.21875,0.046875,0.0078125,0.1328125,0.0703125,0.1875,0.1484375
272,UNO-S,S,46106.1640625,1614.5877685546875,0.3166496753692627,0.0299404393881559,17080.66015625,-56445416.0,9059.56640625,36007.4375,-0.173033058643341,1.1730329990386963,0.0090723329922184,0.078125,0.0078125,0.1015625,0.21875,0.046875,0.0078125,0.1328125,0.078125,0.1875,0.140625
273,UNO-S,UNO,45949.671875,1615.71630859375,0.3223173320293426,1.7258160369237885e-05,17097.75390625,-1581298.0,9715.044921875,39180.6015625,-0.0041542942635715,1.0041543245315552,0.0148505000106524,0.078125,0.0078125,0.1015625,0.2109375,0.046875,0.0078125,0.1328125,0.078125,0.1953125,0.140625
274,UNO-S,S,45915.734375,1615.8392333984375,0.3225087821483612,0.0341059789061546,17076.00390625,62926420.0,8227.974609375,41411.86328125,0.1846780329942703,0.8153219819068909,0.0086345419986173,0.078125,0.0078125,0.1015625,0.203125,0.046875,0.0078125,0.1328125,0.078125,0.203125,0.140625
275,UNO-S,UNO,46174.75,1615.52685546875,0.3126295208930969,0.0512008890509605,17106.5,79575568.0,8039.37841796875,43744.00390625,0.2262761294841766,0.773723840713501,0.0159638749901205,0.078125,0.0078125,0.1015625,0.1953125,0.046875,0.0078125,0.1328125,0.078125,0.203125,0.1484375
276,UNO-S,S,46088.5546875,1615.573974609375,0.3031617999076843,0.0026238365098834,17076.197265625,21996566.0,10393.0859375,41318.25390625,0.0512233972549438,0.9487766027450562,0.0089467920188326,0.078125,0.0078125,0.1015625,0.1953125,0.046875,0.0078125,0.1328125,0.078125,0.203125,0.1484375
277,UNO-S,UNO,46337.35546875,1616.510986328125,0.2999110221862793,0.0042450120672583,17118.603515625,-30106392.0,10983.0439453125,42072.328125,-0.0651537552475929,1.06515371799469,0.0153322920086793,0.078125,0.0078125,0.1015625,0.1953125,0.046875,0.0078125,0.1328125,0.078125,0.203125,0.1484375
278,UNO-S,S,46247.734375,1619.401611328125,0.3055030107498169,0.0043885437771677,17053.58203125,-19428410.0,6742.0205078125,43499.765625,-0.0662460848689079,1.0662460327148438,0.0084017920016776,0.078125,0.0078125,0.1015625,0.1953125,0.046875,0.0078125,0.1328125,0.078125,0.203125,0.1484375
279,UNO-S,UNO,45940.84765625,1620.44921875,0.3170203864574432,0.0147151574492454,17076.064453125,-45222464.0,9042.6982421875,41226.2421875,-0.1213060468435287,1.12130606174469,0.0161987920000683,0.078125,0.0078125,0.1015625,0.203125,0.046875,0.0078125,0.1328125,0.078125,0.1953125,0.1484375
280,UNO-S,S,46185.03515625,1620.04248046875,0.3297443985939026,0.0023331306874752,17049.27734375,19339568.0,9139.38671875,43808.68359375,0.0483024902641773,0.9516975283622742,0.008833833009703,0.078125,0.0078125,0.1015625,0.21875,0.046875,0.0078125,0.1328125,0.078125,0.1875,0.140625
281,UNO-S,UNO,46232.328125,1618.18359375,0.3346138000488281,0.0021180987823754,17077.888671875,16005813.0,8060.6943359375,43145.1640625,0.0460228063166141,0.9539771676063538,0.0153969590028282,0.078125,0.0078125,0.1015625,0.21875,0.046875,0.0078125,0.1328125,0.078125,0.1875,0.140625
282,UNO-S,S,46324.1328125,1616.482177734375,0.3336201310157776,0.0042373468168079,17072.80859375,21733518.0,7286.58056640625,45820.4453125,0.0650949031114578,0.9349051117897034,0.0086143749940674,0.078125,0.0078125,0.1015625,0.2109375,0.046875,0.0078125,0.1328125,0.078125,0.1953125,0.140625
283,UNO-S,UNO,46353.52734375,1615.044189453125,0.3280109763145447,0.0088294707238674,17026.314453125,35223592.0,8010.4189453125,46796.25390625,0.0939652621746063,0.9060347080230712,0.014731125003891,0.078125,0.0078125,0.1015625,0.203125,0.046875,0.0078125,0.1328125,0.078125,0.203125,0.140625
284,UNO-S,S,46220.87890625,1614.0753173828125,0.3211835026741028,0.0002234148123534,17004.17578125,3826401.5,5573.99560546875,45926.96875,0.014947067014873,0.9850529432296752,0.0089333330106455,0.078125,0.0078125,0.1015625,0.203125,0.046875,0.0078125,0.1328125,0.078125,0.203125,0.140625
285,UNO-S,UNO,46250.63671875,1613.312255859375,0.3142235875129699,0.0109565379098057,17054.671875,-47059904.0,9405.466796875,47800.66796875,-0.1046734824776649,1.1046735048294067,0.015671041997848,0.078125,0.0078125,0.1015625,0.203125,0.046875,0.0078125,0.1328125,0.078125,0.203125,0.140625
286,UNO-S,S,46291.21875,1611.9639892578125,0.3104237616062164,0.0165218040347099,17049.41015625,-51526384.0,8495.486328125,47185.9453125,-0.1285371631383896,1.1285371780395508,0.0090705409820657,0.078125,0.0078125,0.1015625,0.203125,0.046875,0.0078125,0.1328125,0.078125,0.203125,0.140625
287,UNO-S,UNO,46135.3203125,1610.621826171875,0.3124004602432251,0.0002914337674155,17043.61328125,4610257.5,5662.39794921875,47693.01171875,0.0170714315026998,0.9829285740852356,0.0154306249751243,0.078125,0.0078125,0.1015625,0.2109375,0.046875,0.0078125,0.1328125,0.078125,0.1953125,0.140625
288,UNO-S,S,45936.59765625,1611.603271484375,0.3155393898487091,0.0031293660867959,17038.560546875,19981106.0,7691.3876953125,46439.3984375,0.0559407360851764,0.9440592527389526,0.0082595420244615,0.078125,0.0078125,0.1015625,0.2109375,0.046875,0.0078125,0.1328125,0.078125,0.1953125,0.140625
289,UNO-S,UNO,46086.91796875,1614.1900634765625,0.3124087154865265,0.0021408849861472,17014.166015625,14855131.0,6726.87890625,47727.21875,0.0462696962058544,0.953730285167694,0.0135123330110218,0.078125,0.0078125,0.1015625,0.2109375,0.046875,0.0078125,0.1328125,0.078125,0.1953125,0.140625
290,UNO-S,S,46207.75,1616.7694091796875,0.3080250918865204,0.0004490089777391,16990.517578125,6958589.0,6951.1416015625,47242.9921875,0.0211898311972618,0.97881019115448,0.0084191659989301,0.078125,0.0078125,0.1015625,0.2109375,0.046875,0.0078125,0.1328125,0.078125,0.1953125,0.140625
291,UNO-S,UNO,46306.44921875,1617.04296875,0.3046211004257202,0.0001606642763363,17029.072265625,-4406684.0,7253.55712890625,47929.3125,-0.0126753412187099,1.0126752853393557,0.012882583978353,0.078125,0.0078125,0.1015625,0.2109375,0.046875,0.0078125,0.1328125,0.078125,0.1953125,0.140625
292,UNO-S,S,46223.1953125,1617.23779296875,0.3065078854560852,0.0103095779195427,16967.591796875,-32560052.0,6357.39501953125,50441.21484375,-0.1015360876917839,1.1015360355377195,0.0083864160114899,0.078125,0.0078125,0.1015625,0.203125,0.046875,0.0078125,0.1328125,0.078125,0.203125,0.140625
293,UNO-S,UNO,46419.8203125,1615.9132080078125,0.3125525414943695,0.0002383323590038,17002.27734375,-5987017.0,7602.34375,51011.88671875,-0.0154380165040493,1.0154379606246948,0.0133037499908823,0.078125,0.0078125,0.1015625,0.203125,0.046875,0.0078125,0.1328125,0.078125,0.203125,0.140625
294,UNO-S,S,46043.953125,1614.8515625,0.322883278131485,0.0069241076707839,17003.755859375,-28405034.0,6878.1171875,49629.95703125,-0.0832112208008766,1.0832111835479736,0.0082590410020202,0.078125,0.0078125,0.1015625,0.203125,0.046875,0.0078125,0.1328125,0.0703125,0.203125,0.1484375
295,UNO-S,UNO,45860.09375,1613.6685791015625,0.3316141963005066,0.0059892307035624,16982.68359375,-21146182.0,5350.46142578125,51068.74609375,-0.077390119433403,1.0773900747299194,0.0129159580101259,0.078125,0.0078125,0.1015625,0.203125,0.046875,0.0078125,0.1328125,0.078125,0.203125,0.140625
296,UNO-S,S,45971.39453125,1611.8409423828125,0.3335458040237427,0.013014399446547,16991.6796875,37549976.0,6415.76953125,51303.7265625,0.1140806674957275,0.8859193325042725,0.0079377499932888,0.078125,0.0078125,0.1015625,0.2109375,0.046875,0.0078125,0.1328125,0.078125,0.1953125,0.140625
297,UNO-S,UNO,46228.4296875,1611.292236328125,0.3233754336833954,0.0574713014066219,17048.533203125,118731600.0,9624.333984375,51460.04296875,0.2397317290306091,0.7602682709693909,0.0130393749859649,0.078125,0.0078125,0.1015625,0.203125,0.046875,0.0078125,0.1328125,0.078125,0.1953125,0.1484375
298,UNO-S,S,46319.98828125,1610.898193359375,0.3091490268707275,0.0468752942979335,17001.396484375,94653160.0,8724.5849609375,50109.29296875,0.2165070325136184,0.7834929823875427,0.0084072499885223,0.078125,0.0078125,0.1015625,0.2109375,0.046875,0.0078125,0.1328125,0.078125,0.1875,0.1484375
299,UNO-S,UNO,46694.29296875,1613.2939453125,0.2905789613723755,0.000726266298443,16951.021484375,-7014967.0,5163.9736328125,50407.33984375,-0.0269493274390697,1.0269492864608765,0.0130082920077256,0.078125,0.0078125,0.1015625,0.2109375,0.046875,0.0078125,0.1328125,0.078125,0.1875,0.1484375
300,UNO-S,S,46992.8046875,1615.176513671875,0.2816769778728485,0.0214878749102354,16978.212890625,-49229732.0,6650.81494140625,50495.875,-0.1465874314308166,1.146587371826172,0.008642000000691,0.078125,0.0078125,0.1015625,0.2109375,0.046875,0.0078125,0.1328125,0.078125,0.1875,0.1484375
301,UNO-S,UNO,47051.40234375,1616.1070556640625,0.2830807566642761,0.0327386036515235,17024.048828125,-73340640.0,7935.57275390625,51078.2890625,-0.1809381246566772,1.1809381246566772,0.0135120000049937,0.078125,0.0078125,0.1015625,0.203125,0.046875,0.0078125,0.1328125,0.078125,0.1953125,0.1484375
302,UNO-S,S,47032.8984375,1613.802001953125,0.2909769117832184,0.0079618291929364,16965.76953125,-32388040.0,7058.2578125,51425.765625,-0.0892290845513343,1.0892291069030762,0.0085110829968471,0.078125,0.0078125,0.1015625,0.1953125,0.0546875,0.0078125,0.1328125,0.078125,0.203125,0.140625
303,UNO-S,UNO,46613.2421875,1610.4747314453125,0.3044193387031555,0.0121068330481648,16957.3125,26469092.0,4625.865234375,52003.29296875,0.1100310534238815,0.8899689316749573,0.0131368750007823,0.078125,0.0078125,0.1015625,0.203125,0.046875,0.0078125,0.1328125,0.078125,0.203125,0.140625
304,UNO-S,S,46298.8203125,1609.8551025390625,0.3169996440410614,0.0004898216575384,16943.1875,6143711.5,5420.439453125,51212.64453125,0.0221319142729043,0.9778680801391602,0.0077975000021979,0.078125,0.0078125,0.1015625,0.203125,0.046875,0.0078125,0.1328125,0.078125,0.203125,0.140625
305,UNO-S,UNO,46113.64453125,1608.842529296875,0.3245012164115906,0.0002182417083531,16975.771484375,3952367.0,5312.6328125,50359.1796875,0.0147730056196451,0.9852269887924194,0.0132051249966025,0.078125,0.0078125,0.1015625,0.203125,0.046875,0.0078125,0.1328125,0.078125,0.203125,0.140625
306,UNO-S,S,45963.46875,1608.618408203125,0.3268748223781585,3.075215317949187e-06,16965.27734375,-390237.75,4508.2998046875,49360.54296875,-0.0017536291852593,1.0017536878585815,0.0080386670015286,0.078125,0.0078125,0.1015625,0.2109375,0.046875,0.0078125,0.1328125,0.078125,0.1953125,0.140625
307,UNO-S,UNO,45997.99609375,1610.1678466796875,0.3223928213119507,0.0347065404057502,16990.77734375,-47263184.0,5039.1796875,50345.1328125,-0.1862969100475311,1.1862969398498535,0.0132156659965403,0.078125,0.0078125,0.1015625,0.2109375,0.046875,0.0078125,0.1328125,0.078125,0.1953125,0.140625
308,UNO-S,S,46367.5546875,1610.224609375,0.3137716650962829,0.0010714054806157,16948.13671875,11049609.0,6604.8642578125,51110.0390625,0.0327323302626609,0.9672676920890808,0.0085356250056065,0.078125,0.0078125,0.1015625,0.203125,0.046875,0.0078125,0.1328125,0.078125,0.1953125,0.1484375
309,UNO-S,UNO,46878.73046875,1610.2830810546875,0.3023521900177002,0.034366063773632,16992.322265625,84963624.0,8626.03125,53132.11328125,0.1853808611631393,0.8146191239356995,0.0138712500047404,0.078125,0.0078125,0.1015625,0.203125,0.046875,0.0078125,0.1328125,0.078125,0.1953125,0.1484375
310,UNO-S,S,46779.1796875,1611.34326171875,0.2927183508872986,0.0035754533018916,16928.970703125,15545832.0,5110.4609375,50873.12109375,0.0597950927913188,0.940204918384552,0.0084465830004774,0.078125,0.0078125,0.1015625,0.203125,0.046875,0.0078125,0.1328125,0.078125,0.1953125,0.1484375
311,UNO-S,UNO,46694.46875,1613.2742919921875,0.2880840599536896,0.0339905880391597,16949.490234375,49233860.0,5403.20751953125,49423.42578125,0.1843653619289398,0.8156346082687378,0.0133025409886613,0.078125,0.0078125,0.1015625,0.203125,0.046875,0.0078125,0.1328125,0.078125,0.1953125,0.1484375
312,UNO-S,S,46281.27734375,1618.3973388671875,0.2896925806999206,0.0566480495035648,16933.505859375,-95186048.0,8606.8740234375,46466.01171875,-0.2380084991455078,1.2380084991455078,0.0081107500009238,0.078125,0.0078125,0.1015625,0.2109375,0.046875,0.0078125,0.1328125,0.078125,0.1953125,0.140625
313,UNO-S,UNO,45572.421875,1622.1290283203125,0.3020680546760559,0.0447648018598556,17051.37890625,-121773000.0,13319.0068359375,43212.640625,-0.2115769386291504,1.2115769386291504,0.0136600419937167,0.078125,0.0078125,0.1015625,0.2109375,0.046875,0.0078125,0.1328125,0.078125,0.1953125,0.140625
314,UNO-S,S,45300.76171875,1623.30712890625,0.3118627071380615,0.0389498360455036,16982.904296875,-89697560.0,11350.22265625,40042.70703125,-0.1973571330308914,1.197357177734375,0.0084231249929871,0.078125,0.0078125,0.1015625,0.203125,0.046875,0.0078125,0.1328125,0.078125,0.203125,0.140625
315,UNO-S,UNO,44806.109375,1621.4853515625,0.3222028017044067,0.0706250667572021,17023.50390625,-65154648.0,6377.03857421875,38445.62109375,-0.2657537758350372,1.2657537460327148,0.013389959000051,0.078125,0.0078125,0.1015625,0.203125,0.046875,0.0078125,0.1328125,0.078125,0.203125,0.140625
316,UNO-S,S,44869.55078125,1616.269287109375,0.3210160732269287,0.0015287906862795,16993.888671875,15574679.0,10506.9755859375,37911.171875,0.0390997529029846,0.9609002470970154,0.0085027500172145,0.078125,0.0078125,0.1015625,0.203125,0.046875,0.0078125,0.1328125,0.078125,0.203125,0.140625
317,UNO-S,UNO,45298.609375,1612.0576171875,0.310518205165863,0.0200272761285305,17019.78125,68409056.0,12849.427734375,37620.0078125,0.1415177583694458,0.8584822416305542,0.0131075840035919,0.078125,0.0078125,0.1015625,0.203125,0.046875,0.0078125,0.1328125,0.078125,0.203125,0.140625
318,UNO-S,S,45544.046875,1609.82666015625,0.2960021197795868,0.0570882894098758,16966.61328125,79965800.0,9051.2041015625,36976.37890625,0.2389315515756607,0.7610684633255005,0.008395290991757,0.078125,0.0078125,0.1015625,0.1953125,0.046875,0.0078125,0.1328125,0.078125,0.203125,0.1484375
319,UNO-S,UNO,46415.640625,1610.1644287109375,0.2763504981994629,0.0120900534093379,16966.775390625,21523844.0,5460.8232421875,35846.5703125,0.1099547743797302,0.8900452256202698,0.0133719579898752,0.078125,0.0078125,0.1015625,0.203125,0.046875,0.0078125,0.1328125,0.078125,0.1953125,0.1484375
320,UNO-S,S,46784.859375,1612.35986328125,0.263680636882782,0.0009968793019652,16970.44140625,-13433981.0,11693.669921875,36385.84375,-0.0315733961760997,1.0315734148025513,0.0081319999881088,0.078125,0.0078125,0.1015625,0.203125,0.046875,0.0078125,0.1328125,0.078125,0.1953125,0.1484375
321,UNO-S,UNO,46704.0859375,1611.8009033203125,0.2629738748073578,0.0335152000188827,17062.94140625,-88488688.0,13929.861328125,34699.24609375,-0.183071568608284,1.1830716133117676,0.0132470000244211,0.0859375,0.0078125,0.09375,0.2109375,0.046875,0.0078125,0.1328125,0.078125,0.1875,0.1484375
322,UNO-S,S,46295.0,1610.438232421875,0.2732402086257934,0.0173565559089183,16926.83203125,-37421680.0,8601.0390625,33024.8359375,-0.1317442804574966,1.1317442655563354,0.0083787080075126,0.078125,0.0078125,0.1015625,0.21875,0.046875,0.0078125,0.1328125,0.078125,0.1875,0.140625
323,UNO-S,UNO,45790.86328125,1607.8056640625,0.2932778298854828,0.0052505829371511,16942.130859375,17476506.0,6972.2255859375,34592.296875,0.0724609047174453,0.9275391101837158,0.0138738340174313,0.078125,0.0078125,0.1015625,0.21875,0.046875,0.0078125,0.1328125,0.078125,0.1875,0.140625
324,UNO-S,S,45290.1171875,1606.733642578125,0.3158634901046753,0.0085591273382306,16956.244140625,-20813612.0,6859.486328125,32797.53125,-0.0925155505537986,1.0925155878067017,0.0090416659950278,0.078125,0.0078125,0.1015625,0.21875,0.046875,0.0078125,0.1328125,0.078125,0.1875,0.140625
325,UNO-S,UNO,44938.48046875,1607.4619140625,0.333033412694931,0.0166195686906576,16937.900390625,-29951484.0,7028.28076171875,33056.69140625,-0.1289169043302536,1.12891685962677,0.0158166250039357,0.078125,0.0078125,0.1015625,0.2109375,0.046875,0.0078125,0.1328125,0.078125,0.1953125,0.140625
326,UNO-S,S,44882.62890625,1606.3466796875,0.3360763788223266,0.0011404533870518,16952.306640625,10977171.0,10392.05859375,31278.794921875,0.0337705984711647,0.9662293791770936,0.0090246250038035,0.078125,0.0078125,0.1015625,0.203125,0.046875,0.0078125,0.1328125,0.078125,0.203125,0.140625
327,UNO-S,UNO,45143.265625,1607.653564453125,0.3231156766414642,0.0040710968896746,16945.044921875,14057536.0,6456.759765625,34122.33203125,0.0638051480054855,0.9361948370933532,0.0153338340169284,0.078125,0.0078125,0.1015625,0.2109375,0.046875,0.0078125,0.1328125,0.078125,0.1953125,0.140625
328,UNO-S,S,45332.9921875,1611.7470703125,0.3055560290813446,0.0040438394062221,16898.466796875,13670036.0,6579.1572265625,32674.015625,0.0635911896824836,0.9364088177680968,0.0084982910193502,0.078125,0.0078125,0.1015625,0.2109375,0.046875,0.0078125,0.1328125,0.078125,0.1953125,0.140625
329,UNO-S,UNO,45803.7109375,1615.419677734375,0.2863743603229522,0.0002463743148837,16924.25390625,4781648.5,9493.8173828125,32087.73046875,0.0156963150948286,0.9843037128448486,0.0161080830148421,0.078125,0.0078125,0.1015625,0.203125,0.046875,0.0078125,0.1328125,0.078125,0.1953125,0.1484375
330,UNO-S,S,45960.2109375,1618.90087890625,0.272445410490036,5.328639417712111e-06,16883.994140625,604114.75,7996.40771484375,32727.8046875,0.002308384515345,0.9976916313171388,0.0086013750114943,0.078125,0.0078125,0.1015625,0.203125,0.046875,0.0078125,0.1328125,0.078125,0.1953125,0.1484375
331,UNO-S,UNO,45814.08203125,1620.508056640625,0.2679495513439178,0.0026526593137532,16879.09765625,8079522.5,4877.24560546875,32164.02734375,0.0515039712190628,0.9484960436820984,0.0148501670046243,0.078125,0.0078125,0.1015625,0.203125,0.046875,0.0078125,0.1328125,0.078125,0.1953125,0.1484375
332,UNO-S,S,45839.28125,1621.9793701171875,0.2716580331325531,6.483783363364637e-05,16877.98828125,-2106866.0,8132.3798828125,32173.99609375,-0.0080521944910287,1.0080522298812866,0.0091262499918229,0.078125,0.0078125,0.1015625,0.203125,0.046875,0.0078125,0.1328125,0.078125,0.1953125,0.1484375
333,UNO-S,UNO,45514.5,1622.735595703125,0.2836863994598388,0.0003818607074208,16877.283203125,-7513728.0,12031.4765625,31958.31640625,-0.0195412561297416,1.0195412635803225,0.0159366670122835,0.078125,0.0078125,0.1015625,0.1953125,0.046875,0.0078125,0.1328125,0.078125,0.203125,0.1484375
334,UNO-S,S,45023.46875,1623.579833984375,0.3013389110565185,9.050025255419314e-05,16867.978515625,1892875.0,6310.0634765625,31532.84765625,0.0095131620764732,0.9904868602752686,0.0088641250040382,0.078125,0.0078125,0.1015625,0.2109375,0.046875,0.0078125,0.1328125,0.078125,0.1953125,0.140625
335,UNO-S,UNO,45120.41796875,1623.05078125,0.3145950436592102,0.0128383124247193,16879.73046875,-19330240.0,5747.35205078125,29683.52734375,-0.113306276500225,1.1133062839508057,0.014731249975739,0.078125,0.0078125,0.1015625,0.2109375,0.046875,0.0078125,0.1328125,0.078125,0.1953125,0.140625
336,UNO-S,S,45368.2265625,1621.39306640625,0.3163716793060303,0.0013195457868278,16950.138671875,13277474.0,12707.1025390625,28764.498046875,0.0363255515694618,0.9636744260787964,0.0084389999974519,0.078125,0.0078125,0.1015625,0.2109375,0.046875,0.0078125,0.1328125,0.078125,0.1953125,0.140625
337,UNO-S,UNO,45639.0234375,1620.6015625,0.3052606284618377,0.0156439784914255,16893.015625,30787160.0,8274.787109375,29746.724609375,0.1250758916139602,0.8749241232872009,0.0159615000011399,0.078125,0.0078125,0.1015625,0.2109375,0.046875,0.0078125,0.1328125,0.078125,0.1953125,0.140625
338,UNO-S,S,45689.1875,1622.094970703125,0.2928173542022705,0.0086726378649473,16817.298828125,20019960.0,7051.3046875,30487.236328125,0.0931269973516464,0.9068729877471924,0.0084579999966081,0.078125,0.0078125,0.1015625,0.2109375,0.046875,0.0078125,0.1328125,0.078125,0.1953125,0.140625
339,UNO-S,UNO,45887.70703125,1621.544921875,0.279750257730484,0.0040002665482461,16862.908203125,-12657094.0,7008.82373046875,28552.51953125,-0.0632476583123207,1.0632476806640625,0.0159134999848902,0.078125,0.0078125,0.1015625,0.203125,0.046875,0.0078125,0.1328125,0.078125,0.1953125,0.1484375
340,UNO-S,S,46227.2890625,1620.80712890625,0.2753714025020599,0.000642282073386,16897.97265625,-7852402.0,11092.6259765625,27932.2109375,-0.0253432840108871,1.0253432989120483,0.0085305829998105,0.078125,0.0078125,0.1015625,0.203125,0.0546875,0.0078125,0.1328125,0.078125,0.1953125,0.140625
341,UNO-S,UNO,45966.71875,1620.960693359375,0.2806119620800018,0.0002710021217353,16859.63671875,-3988043.5,8179.74609375,29616.49609375,-0.0164621416479349,1.0164620876312256,0.0156243329984135,0.078125,0.0078125,0.1015625,0.203125,0.0546875,0.0078125,0.1328125,0.078125,0.1953125,0.140625
342,UNO-S,S,45761.6796875,1621.7808837890625,0.2908095717430115,5.17512671649456e-06,16822.9921875,431488.5,6753.50830078125,28085.263671875,0.0022748904302716,0.9977251291275024,0.0086703340057283,0.078125,0.0078125,0.1015625,0.203125,0.0546875,0.0078125,0.1328125,0.078125,0.1953125,0.140625
343,UNO-S,UNO,45738.2734375,1620.7896728515625,0.3003994226455688,0.000650176894851,16858.48828125,5612817.5,7876.4248046875,27947.064453125,0.0254985652863979,0.9745014309883118,0.0133788750099483,0.078125,0.0078125,0.1015625,0.2109375,0.0546875,0.0078125,0.1328125,0.078125,0.1953125,0.1328125
344,UNO-S,S,45518.7890625,1620.1092529296875,0.303894579410553,0.0008330980781465,16850.658203125,7352780.5,8070.2294921875,31565.85546875,0.0288634374737739,0.9711365699768066,0.0082049169868696,0.078125,0.0078125,0.1015625,0.2109375,0.046875,0.0078125,0.1328125,0.078125,0.1953125,0.140625
345,UNO-S,UNO,45409.46484375,1619.723388671875,0.30000039935112,0.0003027508209925,16833.458984375,-4185375.0,8035.28466796875,29935.779296875,-0.0173997357487678,1.017399787902832,0.0127639999845996,0.078125,0.0078125,0.1015625,0.21875,0.046875,0.0078125,0.1328125,0.078125,0.1875,0.140625
346,UNO-S,S,45485.3359375,1619.3446044921875,0.2954655289649963,0.0040188464336097,16837.763671875,-13148266.0,6978.017578125,29722.533203125,-0.0633943676948547,1.06339430809021,0.008428625005763,0.078125,0.0078125,0.1015625,0.21875,0.046875,0.0078125,0.1328125,0.078125,0.1875,0.140625
347,UNO-S,UNO,45494.70703125,1620.71728515625,0.292984127998352,0.0004004001966677,16829.298828125,-5801865.5,9263.5263671875,31299.986328125,-0.0200100019574165,1.020009994506836,0.0131698330224026,0.078125,0.0078125,0.1015625,0.21875,0.046875,0.0078125,0.1328125,0.078125,0.1875,0.140625
348,UNO-S,S,45581.375,1622.7197265625,0.2932204604148865,1.7560176956976647e-06,16812.71875,286213.0,6582.7548828125,32810.62890625,0.0013251481577754,0.9986748695373536,0.008462124998914,0.078125,0.0078125,0.1015625,0.2109375,0.046875,0.0078125,0.1328125,0.078125,0.1953125,0.140625
349,UNO-S,UNO,45596.84375,1624.3431396484375,0.2951743602752685,0.0070161935873329,16800.9765625,18085482.0,6711.58984375,32170.208984375,0.0837627202272415,0.9162372946739196,0.0132121249916963,0.078125,0.0078125,0.1015625,0.2109375,0.046875,0.0078125,0.1328125,0.078125,0.1953125,0.140625
350,UNO-S,S,45514.80859375,1624.2176513671875,0.2953285872936249,0.0177767127752304,16788.888671875,28425624.0,7098.19140625,30035.611328125,0.1333293318748474,0.8666706681251526,0.0081362499913666,0.078125,0.0078125,0.1015625,0.203125,0.046875,0.0078125,0.1328125,0.078125,0.203125,0.140625
351,UNO-S,UNO,45643.5546875,1622.657958984375,0.289140522480011,0.0011551342904567,16774.982421875,-7681287.0,6869.150390625,32901.421875,-0.0339872650802135,1.033987283706665,0.0128497499972581,0.078125,0.0078125,0.1015625,0.1953125,0.046875,0.0078125,0.1328125,0.078125,0.203125,0.1484375
352,UNO-S,S,45867.98828125,1619.055419921875,0.2835406959056854,0.0004086367844138,16823.0,4138777.75,6371.8095703125,32132.21875,0.0202147662639617,0.9797852039337158,0.0079569999943487,0.078125,0.0078125,0.1015625,0.1953125,0.046875,0.0078125,0.1328125,0.078125,0.203125,0.1484375
353,UNO-S,UNO,46086.1953125,1617.125732421875,0.2768852412700653,0.0004319287545513,16799.12109375,4838887.5,6990.67822265625,33305.82421875,0.020782895386219,0.9792171120643616,0.0129106249951291,0.078125,0.0078125,0.1015625,0.203125,0.046875,0.0078125,0.1328125,0.078125,0.1953125,0.1484375
354,UNO-S,S,46172.6015625,1616.158935546875,0.2754941284656524,0.0030887296888977,16835.64453125,-15439776.0,8790.79296875,31602.61328125,-0.0555763393640518,1.0555763244628906,0.0085301250219345,0.078125,0.0078125,0.1015625,0.2109375,0.046875,0.0078125,0.1328125,0.078125,0.1953125,0.140625
355,UNO-S,UNO,45804.09765625,1617.964599609375,0.2827441692352295,0.0182472653687,16766.76171875,-22697808.0,5204.8955078125,32282.935546875,-0.1350824385881424,1.135082483291626,0.0133406250097323,0.078125,0.0078125,0.1015625,0.21875,0.046875,0.0078125,0.1328125,0.078125,0.1875,0.140625
356,UNO-S,S,45865.734375,1617.138427734375,0.2903943657875061,0.0005291507113724,16796.7421875,5520158.0,6918.30029296875,34686.6484375,0.0230032764375209,0.9769967198371888,0.0084965420246589,0.078125,0.0078125,0.1015625,0.21875,0.046875,0.0078125,0.1328125,0.078125,0.1875,0.140625
357,UNO-S,UNO,45923.26171875,1617.6766357421875,0.2996209561824798,0.0195579472929239,16815.455078125,51524100.0,11036.392578125,33382.72265625,0.1398497223854065,0.8601502776145935,0.0144344999862369,0.078125,0.0078125,0.1015625,0.21875,0.046875,0.0078125,0.1328125,0.078125,0.1875,0.140625
358,UNO-S,S,45842.828125,1619.572509765625,0.3050561249256134,0.0099056009203195,16793.3515625,17380010.0,5518.845703125,31641.810546875,0.0995268821716308,0.9004731178283691,0.0083898339944425,0.078125,0.0078125,0.1015625,0.21875,0.046875,0.0078125,0.1328125,0.078125,0.1875,0.140625
359,UNO-S,UNO,45869.5,1622.79296875,0.3037140071392059,0.000339841179084,16781.078125,3313577.5,6030.93212890625,29804.009765625,0.0184347815811634,0.981565237045288,0.0145493340096436,0.078125,0.0078125,0.1015625,0.2109375,0.046875,0.0078125,0.1328125,0.078125,0.1953125,0.140625
360,UNO-S,S,46084.2265625,1626.3035888671875,0.2990082800388336,0.0020340185146778,16787.943359375,-10764434.0,8078.34765625,29545.49609375,-0.0451000928878784,1.0451000928878784,0.0088406249997206,0.078125,0.0078125,0.1015625,0.203125,0.0546875,0.0078125,0.1328125,0.078125,0.1953125,0.140625
361,UNO-S,UNO,45876.3203125,1630.143310546875,0.2930595576763153,0.0039370958693325,16734.15234375,-11096865.0,5941.70458984375,29764.6796875,-0.0627462789416313,1.062746286392212,0.0146256669831927,0.078125,0.0078125,0.1015625,0.1953125,0.0546875,0.0078125,0.1328125,0.078125,0.203125,0.140625
362,UNO-S,S,46112.7109375,1630.08984375,0.2844756841659546,0.0108983758836984,16856.033203125,30113772.0,10190.916015625,28305.515625,0.1043952852487564,0.8956047296524048,0.0084830420091748,0.078125,0.0078125,0.1015625,0.1953125,0.046875,0.0078125,0.1328125,0.078125,0.203125,0.1484375
363,UNO-S,UNO,46175.2578125,1632.704345703125,0.2722052931785583,0.0356887057423591,16819.939453125,34592988.0,6505.0185546875,28149.724609375,0.1889145374298095,0.8110854625701904,0.0135310000041499,0.078125,0.0078125,0.1015625,0.203125,0.046875,0.0078125,0.1328125,0.078125,0.1953125,0.1484375
364,UNO-S,S,46181.30078125,1636.699951171875,0.2695410549640655,0.0003386718453839,16789.333984375,-3636285.5,6299.7138671875,31365.169921875,-0.0184030383825302,1.0184030532836914,0.0089399169955868,0.078125,0.0,0.1015625,0.2109375,0.046875,0.0078125,0.1328125,0.078125,0.203125,0.140625
365,UNO-S,UNO,45994.4375,1641.552490234375,0.2718159258365631,0.00380046130158,16773.705078125,-13967494.0,7266.8203125,31178.55859375,-0.0616478808224201,1.061647891998291,0.0151160829991567,0.078125,0.0,0.1015625,0.21875,0.046875,0.0078125,0.1328125,0.078125,0.1953125,0.140625
366,UNO-S,S,46010.55859375,1645.9813232421875,0.2777217924594879,0.0048365010879933,16798.46875,21994980.0,9697.3505859375,32614.05859375,0.0695449560880661,0.9304550290107728,0.0086125420057214,0.078125,0.0078125,0.1015625,0.21875,0.046875,0.0078125,0.1328125,0.078125,0.1875,0.140625
367,UNO-S,UNO,46158.26953125,1647.861572265625,0.2815625667572021,0.0241418126970529,16806.58984375,43925268.0,8606.5078125,32847.51171875,0.1553763598203659,0.8446236252784729,0.0148061670188326,0.078125,0.0078125,0.1015625,0.21875,0.046875,0.0078125,0.1328125,0.078125,0.1875,0.140625
368,UNO-S,S,46385.89453125,1649.656005859375,0.284514844417572,0.0015979103045538,16729.189453125,-5636775.0,4787.45947265625,29454.34375,-0.0399738699197769,1.0399738550186155,0.0084439589991234,0.078125,0.0078125,0.1015625,0.2109375,0.046875,0.0078125,0.1328125,0.078125,0.1953125,0.140625
369,UNO-S,UNO,46300.3515625,1649.1956787109375,0.2880447506904602,0.0112976301461458,16773.779296875,-19417118.0,5910.791015625,30906.19921875,-0.1062903106212616,1.106290340423584,0.0136151249753311,0.078125,0.0078125,0.1015625,0.2109375,0.046875,0.0078125,0.1328125,0.078125,0.1953125,0.140625
370,UNO-S,S,46362.3359375,1648.483642578125,0.287910908460617,0.0001150946773122,16825.890625,-3951758.0,12405.12109375,29693.529296875,-0.0107282185927033,1.0107282400131226,0.0081890409928746,0.078125,0.0078125,0.1015625,0.203125,0.046875,0.0078125,0.1328125,0.078125,0.1953125,0.1484375
371,UNO-S,UNO,46338.40234375,1647.5810546875,0.2862790524959564,0.0027598247397691,16768.626953125,14264624.0,8837.208984375,30725.888671875,0.052534032613039,0.94746595621109,0.0136481250228825,0.078125,0.0078125,0.1015625,0.1953125,0.046875,0.0078125,0.1328125,0.078125,0.203125,0.1484375
372,UNO-S,S,46265.7578125,1645.1182861328125,0.2841253876686096,0.0060941027477383,16747.6796875,11154358.0,4688.26513671875,30477.369140625,0.0780647322535514,0.921935260295868,0.0089282499975524,0.078125,0.0078125,0.1015625,0.203125,0.046875,0.0078125,0.1328125,0.078125,0.1953125,0.1484375
373,UNO-S,UNO,46209.625,1643.581298828125,0.278301864862442,0.0021800096146762,16764.888671875,11264676.0,7272.87890625,33172.87890625,0.046690572053194,0.9533094167709352,0.0139067079871892,0.078125,0.0078125,0.1015625,0.2109375,0.046875,0.0078125,0.1328125,0.078125,0.1953125,0.140625
374,UNO-S,S,46245.48046875,1642.85205078125,0.2736034691333771,0.0020170218776911,16775.521484375,12017709.0,7985.9296875,33507.41796875,0.0449112653732299,0.95508873462677,0.0086155830067582,0.078125,0.0078125,0.1015625,0.2109375,0.046875,0.0078125,0.1328125,0.078125,0.1953125,0.140625
375,UNO-S,UNO,46250.859375,1642.6767578125,0.2726097702980041,0.0137733072042465,16741.171875,27364520.0,6846.72900390625,34055.3671875,0.117359735071659,0.8826402425765991,0.0137025829753838,0.078125,0.0078125,0.1015625,0.2109375,0.046875,0.0078125,0.1328125,0.078125,0.1953125,0.140625
376,UNO-S,S,46358.375,1642.814697265625,0.2755571007728576,0.012608983553946,16705.486328125,-18412434.0,5509.12890625,29763.794921875,-0.1122897267341613,1.1122896671295166,0.0082239999901503,0.078125,0.0078125,0.1015625,0.2109375,0.046875,0.0078125,0.1328125,0.078125,0.1953125,0.140625
377,UNO-S,UNO,46128.28125,1642.107421875,0.2847545146942138,0.0035897246561944,16728.142578125,-11778744.0,6612.0615234375,29732.501953125,-0.0599143095314502,1.0599143505096436,0.0136406249948777,0.078125,0.0078125,0.1015625,0.2109375,0.046875,0.0078125,0.1328125,0.078125,0.1953125,0.140625
378,UNO-S,S,46210.609375,1639.120361328125,0.2929045557975769,0.0032379073090851,16742.001953125,-16484108.0,10142.3642578125,28562.34765625,-0.0569026134908199,1.0569026470184326,0.0083694999921135,0.078125,0.0078125,0.1015625,0.2109375,0.046875,0.0078125,0.1328125,0.078125,0.1953125,0.140625
379,UNO-S,UNO,46035.9921875,1633.35009765625,0.3025968670845032,0.0023204542230814,16744.2421875,10628303.0,7850.5771484375,28104.498046875,0.0481710918247699,0.9518288969993592,0.01331704101176,0.078125,0.0078125,0.1015625,0.2109375,0.046875,0.0078125,0.1328125,0.078125,0.1953125,0.140625
380,UNO-S,S,45822.015625,1628.2069091796875,0.3026893436908722,0.0137955108657479,16726.310546875,-21505176.0,6243.45654296875,29325.7421875,-0.1174542903900146,1.1174542903900146,0.0085107500199228,0.078125,0.0078125,0.1015625,0.2109375,0.046875,0.0078125,0.1328125,0.078125,0.1953125,0.140625
381,UNO-S,UNO,45626.78125,1623.91064453125,0.2974654734134674,0.0099870227277278,16763.482421875,-22508414.0,7897.5625,28518.962890625,-0.0999350920319557,1.0999350547790527,0.0128916670219041,0.078125,0.0078125,0.1015625,0.2109375,0.046875,0.0078125,0.1328125,0.078125,0.1953125,0.140625
382,UNO-S,S,45746.53125,1621.803466796875,0.2876256108283996,1.701450310065411e-05,16753.95703125,972210.75,8081.740234375,29163.875,0.0041248640045523,0.995875120162964,0.0081891669833567,0.078125,0.0078125,0.1015625,0.2109375,0.046875,0.0078125,0.1328125,0.078125,0.1953125,0.140625
383,UNO-S,UNO,45936.171875,1622.310791015625,0.2772445976734161,0.0050977016799151,16721.712890625,16510770.0,7635.47314453125,30286.162109375,0.0713981911540031,0.9286018013954164,0.0136092910252045,0.078125,0.0078125,0.1015625,0.2109375,0.046875,0.0078125,0.1328125,0.078125,0.1953125,0.140625
384,UNO-S,S,45992.2265625,1623.428955078125,0.269509345293045,0.0054197488352656,16701.13671875,12281815.0,6043.6923828125,27603.912109375,0.0736189410090446,0.9263810515403748,0.0083249170274939,0.078125,0.0078125,0.1015625,0.21875,0.046875,0.0078125,0.1328125,0.078125,0.1875,0.140625
385,UNO-S,UNO,46381.4765625,1624.751220703125,0.262138694524765,0.0011370023712515,16760.44140625,8854692.0,9213.732421875,28500.814453125,0.033719465136528,0.9662805199623108,0.014792917005252,0.078125,0.0078125,0.1015625,0.21875,0.046875,0.0078125,0.1328125,0.078125,0.1875,0.140625
386,UNO-S,S,46451.0859375,1626.954345703125,0.2629324495792389,0.0077120503410696,16733.904296875,16760390.0,6970.61181640625,27379.671875,0.0878182798624038,0.9121817350387572,0.0086515420116484,0.078125,0.0078125,0.1015625,0.2109375,0.046875,0.0078125,0.1328125,0.078125,0.1953125,0.140625
387,UNO-S,UNO,46759.5078125,1628.81201171875,0.2645813226699829,0.0003282587567809,16731.390625,3328230.0,6741.77001953125,27247.775390625,0.0181179121136665,0.981882095336914,0.0147754590143449,0.078125,0.0078125,0.1015625,0.203125,0.046875,0.0078125,0.1328125,0.078125,0.1953125,0.1484375
388,UNO-S,S,46733.65234375,1630.335693359375,0.2703526616096496,0.0044285240583121,16678.18359375,-10250683.0,5669.5791015625,27168.91015625,-0.066547155380249,1.066547155380249,0.0225400420022197,0.078125,0.0078125,0.1015625,0.2109375,0.046875,0.0078125,0.1328125,0.078125,0.1953125,0.140625
389,UNO-S,UNO,46437.03125,1629.4039306640625,0.2772721350193023,0.0004295672115404,16708.705078125,-5349947.5,8583.541015625,30072.34765625,-0.0207260027527809,1.020725965499878,0.0185989160090684,0.078125,0.0078125,0.1015625,0.2109375,0.046875,0.0078125,0.1328125,0.078125,0.1953125,0.140625
390,UNO-S,S,46031.35546875,1629.471923828125,0.2845437228679657,0.0058179656043648,16718.28125,14588584.0,6383.25439453125,29963.009765625,0.0762755870819091,0.9237244129180908,0.0084440410137176,0.078125,0.0078125,0.1015625,0.203125,0.046875,0.0078125,0.1328125,0.078125,0.203125,0.140625
391,UNO-S,UNO,46127.20703125,1631.847900390625,0.2862147688865661,1.3228603165771348e-05,16689.767578125,-609920.75,5990.330078125,27994.068359375,-0.0036371145397424,1.0036370754241943,0.0154107499984093,0.078125,0.0078125,0.1015625,0.2109375,0.046875,0.0078125,0.1328125,0.078125,0.1953125,0.140625
392,UNO-S,S,46229.62109375,1633.30712890625,0.2864046990871429,0.002303919987753,16719.6640625,11474095.0,8038.49072265625,29737.90234375,0.0479991659522056,0.952000856399536,0.008804124983726,0.078125,0.0078125,0.1015625,0.2109375,0.046875,0.0078125,0.1328125,0.078125,0.1953125,0.140625
393,UNO-S,UNO,46541.0546875,1634.1943359375,0.2852043807506561,0.0011418404756113,16677.744140625,4994788.0,5171.26513671875,28583.64453125,0.0337911285459995,0.9662088751792908,0.0148834580031689,0.078125,0.0078125,0.1015625,0.2109375,0.046875,0.0078125,0.1328125,0.078125,0.1953125,0.140625
394,UNO-S,S,46583.5625,1634.0439453125,0.2855397164821625,6.0750531702069566e-05,16669.99609375,1042437.25,4372.09375,30590.421875,0.0077942628413438,0.9922057390213012,0.0085131250089034,0.078125,0.0078125,0.1015625,0.21875,0.046875,0.0078125,0.1328125,0.078125,0.1875,0.140625
395,UNO-S,UNO,46527.984375,1633.8948974609375,0.2862815260887146,0.0019329665228724,16634.4296875,-6467345.0,4950.01904296875,29717.134765625,-0.0439655147492885,1.043965458869934,0.0153267919959034,0.078125,0.0078125,0.1015625,0.21875,0.046875,0.0078125,0.1328125,0.078125,0.1875,0.140625
396,UNO-S,S,46770.40625,1632.1759033203125,0.2844238877296448,8.04787669039797e-06,16690.16796875,-587902.5,6718.75244140625,30844.35546875,-0.0028368779458105,1.00283682346344,0.0086127500107977,0.078125,0.0078125,0.1015625,0.2109375,0.046875,0.0078125,0.1328125,0.078125,0.1953125,0.140625
397,UNO-S,UNO,46690.171875,1631.642822265625,0.2813907563686371,0.0007387130754068,16648.54296875,4641308.0,6089.4423828125,28043.033203125,0.0271792765706777,0.9728206992149352,0.0154279999842401,0.078125,0.0078125,0.1015625,0.2109375,0.046875,0.0078125,0.1328125,0.078125,0.1953125,0.140625
398,UNO-S,S,46480.515625,1630.25439453125,0.2755961120128631,0.0115157105028629,16693.818359375,20538380.0,6365.830078125,30065.318359375,0.1073112785816192,0.8926887512207031,0.0088574590045027,0.078125,0.0078125,0.1015625,0.2109375,0.046875,0.0078125,0.1328125,0.078125,0.1953125,0.140625
399,UNO-S,UNO,46547.40234375,1631.673583984375,0.267414391040802,0.011938028037548,16665.5,19847488.0,6094.17919921875,29807.392578125,0.1092612817883491,0.8907387256622314,0.0153256669873371,0.078125,0.0078125,0.1015625,0.2109375,0.046875,0.0078125,0.1328125,0.078125,0.1953125,0.140625
400,UNO-S,S,46306.4765625,1633.778564453125,0.2634146809577942,0.0211062096059322,16677.3984375,-30305716.0,6927.54345703125,30112.041015625,-0.1452797651290893,1.1452797651290894,0.0086445419874507,0.078125,0.0,0.1015625,0.2109375,0.046875,0.0078125,0.1328125,0.078125,0.203125,0.140625
401,UNO-S,UNO,45995.38671875,1635.845703125,0.2678455114364624,0.0502898022532463,16696.64453125,-29881464.0,4862.82275390625,27401.443359375,-0.2242538779973983,1.2242538928985596,0.0153211250144522,0.078125,0.0,0.1015625,0.2109375,0.046875,0.0078125,0.1328125,0.078125,0.203125,0.140625
402,UNO-S,S,46098.4609375,1634.266357421875,0.2687698602676391,0.0102261016145348,16670.26953125,-21400860.0,6642.87939453125,31858.087890625,-0.1011241897940635,1.1011241674423218,0.0084990419854875,0.078125,0.0078125,0.1015625,0.2109375,0.046875,0.0078125,0.1328125,0.078125,0.1953125,0.140625
403,UNO-S,UNO,46262.421875,1632.166259765625,0.2754890918731689,0.0008489881292916,16663.595703125,6905132.0,7617.837890625,31109.24609375,0.0291374009102582,0.970862627029419,0.014277292008046,0.078125,0.0078125,0.1015625,0.2109375,0.046875,0.0078125,0.1328125,0.078125,0.1953125,0.140625
404,UNO-S,S,46239.578125,1630.1220703125,0.2790837585926056,0.0069819022901356,16666.716796875,20592276.0,8763.4775390625,28121.662109375,0.0835577771067619,0.9164422154426576,0.0088774160249158,0.078125,0.0078125,0.1015625,0.2109375,0.046875,0.0078125,0.1328125,0.078125,0.1953125,0.140625
405,UNO-S,UNO,46567.5078125,1629.912841796875,0.2755709886550903,0.0144635504111647,16654.6875,19990274.0,5704.42333984375,29138.654296875,0.1202645003795623,0.8797354698181152,0.0157325839973054,0.078125,0.0078125,0.1015625,0.203125,0.0546875,0.0078125,0.1328125,0.078125,0.1953125,0.140625
406,UNO-S,S,46563.66796875,1630.734130859375,0.2734050452709198,0.003891312982887,16626.2890625,11174378.0,6454.18701171875,27754.521484375,0.0623803883790969,0.9376196265220642,0.00864400001592,0.078125,0.0078125,0.1015625,0.1953125,0.0546875,0.0078125,0.1328125,0.078125,0.203125,0.140625
407,UNO-S,UNO,46571.43359375,1630.600830078125,0.2705549001693725,0.0006519770249724,16645.09375,-6632623.5,8949.318359375,29025.47265625,-0.025533840060234,1.0255337953567505,0.0152775839960668,0.078125,0.0078125,0.1015625,0.1953125,0.046875,0.0078125,0.1328125,0.078125,0.203125,0.1484375
408,UNO-S,S,46661.234375,1628.90234375,0.2723718881607055,0.000459761271486,16654.380859375,-6531586.0,10621.732421875,28678.5390625,-0.0214420445263385,1.0214420557022097,0.0087884170061443,0.078125,0.0078125,0.1015625,0.2109375,0.046875,0.0078125,0.1328125,0.078125,0.1953125,0.140625
409,UNO-S,UNO,46536.7734375,1627.8343505859375,0.280748188495636,0.0031066020019352,16608.248046875,-9998264.0,6514.1298828125,27537.556640625,-0.0557368993759155,1.0557368993759155,0.0154270000057294,0.078125,0.0078125,0.1015625,0.2109375,0.046875,0.0078125,0.1328125,0.078125,0.1953125,0.140625
410,UNO-S,S,46494.59375,1625.7459716796875,0.2871305644512176,0.0075286915525794,16609.20703125,20606516.0,8206.537109375,28939.095703125,0.0867680311203002,0.9132319688796996,0.0085361250094138,0.078125,0.0078125,0.1015625,0.2109375,0.046875,0.0078125,0.1328125,0.078125,0.1953125,0.140625
411,UNO-S,UNO,46588.0,1623.3013916015625,0.2861967980861664,0.0069201192818582,16670.791015625,23884726.0,9734.6923828125,29494.51171875,0.0831872522830963,0.916812777519226,0.0154462910140864,0.078125,0.0078125,0.1015625,0.2109375,0.046875,0.0078125,0.1328125,0.078125,0.1953125,0.140625
412,UNO-S,S,46706.19140625,1623.0850830078125,0.2787175178527832,0.0045635746791958,16649.986328125,12990344.0,6825.80078125,28171.798828125,0.067554235458374,0.932445764541626,0.0092622499796561,0.078125,0.0078125,0.1015625,0.2109375,0.046875,0.0078125,0.1328125,0.078125,0.1953125,0.140625
413,UNO-S,UNO,46820.72265625,1624.6905517578125,0.267651230096817,0.0007819557213224,16613.23046875,6101269.0,8392.22265625,25998.724609375,0.0279634706676006,0.9720365405082704,0.0149195000121835,0.078125,0.0078125,0.1015625,0.2109375,0.046875,0.0078125,0.1328125,0.078125,0.1953125,0.140625
414,UNO-S,S,46823.515625,1626.591552734375,0.2606328129768371,0.0001836931332945,16683.43359375,-3096085.0,8836.4169921875,25851.76171875,-0.0135533437132835,1.0135533809661863,0.008758084004512,0.078125,0.0078125,0.1015625,0.203125,0.046875,0.0078125,0.1328125,0.078125,0.1953125,0.1484375
415,UNO-S,UNO,46614.1171875,1630.6064453125,0.2610851526260376,0.0009395278175361,16635.7109375,6048860.0,7809.98583984375,25267.86328125,0.030651718378067,0.9693483114242554,0.0156108750088606,0.078125,0.0078125,0.1015625,0.2109375,0.046875,0.0078125,0.1328125,0.078125,0.1953125,0.140625
416,UNO-S,S,46540.640625,1633.729736328125,0.2672719657421112,0.0001714583922876,16624.107421875,-2989444.25,8462.8193359375,26977.134765625,-0.0130942119285464,1.013094186782837,0.0087404579971916,0.078125,0.0078125,0.1015625,0.2109375,0.046875,0.015625,0.125,0.078125,0.1953125,0.140625
417,UNO-S,UNO,46392.7421875,1634.654052734375,0.2740476429462433,0.0007477158214896,16598.693359375,-6749175.5,9003.3076171875,27414.49609375,-0.0273443926125764,1.0273443460464478,0.0145075829932466,0.078125,0.0078125,0.1015625,0.2109375,0.046875,0.015625,0.125,0.078125,0.1953125,0.140625
418,UNO-S,S,46089.6875,1633.9910888671875,0.2786722779273987,0.0057916999794542,16592.5703125,-14927070.0,7073.80517578125,27727.99609375,-0.0761032178997993,1.0761032104492188,0.0085843749984633,0.078125,0.0078125,0.1015625,0.2109375,0.046875,0.015625,0.125,0.078125,0.1953125,0.140625
419,UNO-S,UNO,46043.62890625,1632.5977783203125,0.2813475131988525,0.0040947352536022,16593.001953125,-13650311.0,7644.90673828125,27903.41796875,-0.0639901161193847,1.0639901161193848,0.0143160420120693,0.078125,0.0078125,0.1015625,0.2109375,0.046875,0.015625,0.125,0.078125,0.1953125,0.140625
420,UNO-S,S,46256.0390625,1629.9873046875,0.2804648578166961,0.0003930463280994,16620.236328125,4266401.5,7771.87890625,27689.421875,0.0198253951966762,0.9801746010780334,0.00858112500282,0.078125,0.0078125,0.1015625,0.2109375,0.046875,0.015625,0.125,0.078125,0.1953125,0.140625
421,UNO-S,UNO,46322.59375,1629.3697509765625,0.2757094502449035,0.0036333152092993,16606.0234375,13025794.0,7554.0478515625,28607.044921875,0.060276985168457,0.939723014831543,0.0133467920240946,0.078125,0.0078125,0.1015625,0.2109375,0.046875,0.0078125,0.1328125,0.078125,0.1953125,0.140625
422,UNO-S,S,46284.0546875,1629.6785888671875,0.2712982296943664,0.0012963702902197,16592.66796875,5188398.0,5562.5,25905.90234375,0.0360051430761814,0.9639948606491088,0.0081247090129181,0.078125,0.0078125,0.1015625,0.2109375,0.046875,0.0078125,0.1328125,0.078125,0.1953125,0.140625
423,UNO-S,UNO,46482.609375,1632.097412109375,0.2637455463409424,0.0001646581949898,16562.05078125,2134545.75,6234.59423828125,26681.212890625,0.0128319207578897,0.9871680736541748,0.0142994170018937,0.078125,0.0078125,0.1015625,0.2109375,0.046875,0.0078125,0.1328125,0.078125,0.1953125,0.140625
424,UNO-S,S,46614.3359375,1632.4527587890625,0.2584161758422851,6.276036401686724e-08,16589.09375,-47828.125,7126.7783203125,26788.87109375,-0.0002505201846361,1.0002505779266355,0.0083452079852577,0.078125,0.0078125,0.1015625,0.2109375,0.046875,0.0078125,0.1328125,0.078125,0.1953125,0.140625
425,UNO-S,UNO,46738.3515625,1632.363037109375,0.2564326226711273,0.0034664720296859,16556.859375,-7100481.0,4873.060546875,24748.107421875,-0.0588767528533935,1.0588767528533936,0.0142064590181689,0.078125,0.0078125,0.1015625,0.21875,0.046875,0.0078125,0.1328125,0.078125,0.1875,0.140625
426,UNO-S,S,46729.421875,1630.712646484375,0.2578656077384949,9.523297194391487e-06,16572.27734375,-363670.1875,4681.2294921875,25174.140625,-0.0030859839171171,1.003085970878601,0.0083285830041859,0.078125,0.0078125,0.1015625,0.2109375,0.046875,0.0078125,0.1328125,0.078125,0.1953125,0.140625
427,UNO-S,UNO,46723.4921875,1628.930908203125,0.2620549499988556,0.0002803463430609,16572.0078125,2415044.5,5962.2080078125,24191.927734375,0.0167435463517904,0.983256459236145,0.0135807909828145,0.078125,0.0078125,0.1015625,0.2109375,0.046875,0.0078125,0.1328125,0.078125,0.1953125,0.140625
428,UNO-S,S,46473.8671875,1627.827392578125,0.2693298757076263,0.0076817786321043,16557.69140625,14120105.0,6358.95458984375,25335.025390625,0.0876457542181015,0.9123542308807372,0.0085796249913983,0.078125,0.0078125,0.1015625,0.2109375,0.046875,0.0078125,0.1328125,0.078125,0.1953125,0.140625
429,UNO-S,UNO,46475.4140625,1627.112548828125,0.2731782793998718,0.0143774906173348,16546.626953125,12794989.0,4255.69482421875,25074.24609375,0.1199061721563339,0.8800938129425049,0.014538999996148,0.078125,0.0078125,0.1015625,0.2109375,0.046875,0.0078125,0.1328125,0.078125,0.1953125,0.140625
430,UNO-S,S,46423.44921875,1627.0482177734375,0.2785506248474121,0.0044312700629234,16542.736328125,-12026844.0,7737.8642578125,23348.900390625,-0.0665677860379219,1.0665677785873413,0.0085712920117657,0.078125,0.0078125,0.1015625,0.2109375,0.046875,0.0078125,0.1328125,0.078125,0.1953125,0.140625
431,UNO-S,UNO,46148.08984375,1625.259521484375,0.2829952538013458,0.0404671989381313,16625.95703125,-33321330.0,7194.0439453125,23024.896484375,-0.2011646032333374,1.2011646032333374,0.0150112500123213,0.078125,0.0078125,0.1015625,0.2109375,0.046875,0.0078125,0.1328125,0.078125,0.1953125,0.140625
432,UNO-S,S,46448.33984375,1624.78466796875,0.276881068944931,0.0056293867528438,16565.76171875,-9204006.0,5322.59130859375,23047.466796875,-0.0750292390584945,1.0750292539596558,0.0086275000066962,0.0703125,0.0078125,0.1015625,0.2109375,0.046875,0.0078125,0.140625,0.078125,0.1953125,0.140625
433,UNO-S,UNO,46070.75,1623.9298095703125,0.2684825658798218,0.0021584550850093,16584.220703125,5964592.5,5431.0205078125,23638.931640625,0.046459175646305,0.9535408020019532,0.0144007499911822,0.0703125,0.0,0.1015625,0.2109375,0.046875,0.0078125,0.140625,0.078125,0.203125,0.140625
434,UNO-S,S,46200.8359375,1624.6124267578125,0.2624446749687195,0.0128289088606834,16592.08984375,-13207971.0,4900.87744140625,23794.001953125,-0.1132647693157196,1.113264799118042,0.0082705829991027,0.0703125,0.0,0.1015625,0.21875,0.046875,0.015625,0.1328125,0.078125,0.1953125,0.140625
435,UNO-S,UNO,46001.921875,1626.653564453125,0.2626429200172424,0.0004978405777364,16563.7890625,3166701.5,5875.50927734375,24155.515625,0.0223123412579298,0.977687656879425,0.0136886250111274,0.0703125,0.0,0.1015625,0.21875,0.046875,0.015625,0.1328125,0.078125,0.1953125,0.140625
436,UNO-S,S,45940.1171875,1630.2197265625,0.2678000628948211,0.0104822274297475,16559.44921875,-11670242.0,5009.9482421875,22752.013671875,-0.1023827493190765,1.102382779121399,0.0088217919983435,0.0703125,0.0,0.1015625,0.21875,0.046875,0.015625,0.1328125,0.078125,0.1953125,0.140625
437,UNO-S,UNO,45637.4140625,1634.318115234375,0.2748644649982452,0.0262957923114299,16558.07421875,-21955456.0,5956.63720703125,22729.9375,-0.1621597707271576,1.16215980052948,0.0159817090025171,0.0703125,0.0078125,0.1015625,0.2109375,0.046875,0.015625,0.1328125,0.078125,0.1953125,0.140625
438,UNO-S,S,45720.0390625,1637.579345703125,0.2723903954029083,0.0006017311825416,16547.958984375,3910707.0,6934.03759765625,22991.53125,0.0245302096009254,0.9754697680473328,0.0087373330025002,0.0703125,0.0078125,0.1015625,0.2109375,0.046875,0.0078125,0.140625,0.078125,0.1953125,0.140625
439,UNO-S,UNO,46126.875,1639.4952392578125,0.2657163143157959,0.0022902328055351,16558.974609375,7880844.0,6911.63818359375,23826.041015625,0.0478563755750656,0.9521436095237732,0.0144921250175684,0.0703125,0.0078125,0.1015625,0.2109375,0.046875,0.0078125,0.140625,0.078125,0.1953125,0.140625
440,UNO-S,S,46332.58984375,1640.470703125,0.2579142451286316,0.0052843368612229,16564.0234375,8620231.0,4880.2744140625,24298.494140625,0.0726934447884559,0.9273065328598022,0.0086257499933708,0.0703125,0.0078125,0.1015625,0.2109375,0.046875,0.0078125,0.140625,0.078125,0.1953125,0.140625
441,UNO-S,UNO,46462.05859375,1643.735595703125,0.2525976598262787,0.0090510034933686,16546.55078125,11755952.0,4730.33837890625,26122.650390625,0.0951367616653442,0.9048632383346558,0.0158586250036023,0.0703125,0.0078125,0.1015625,0.2109375,0.046875,0.0078125,0.140625,0.078125,0.1953125,0.140625
442,UNO-S,S,46598.0625,1646.768310546875,0.2544674873352051,0.0007820817991159,16584.06640625,-6409705.5,8801.5419921875,26040.734375,-0.0279657244682312,1.027965784072876,0.0084231249929871,0.078125,0.0078125,0.1015625,0.2109375,0.046875,0.0078125,0.1328125,0.078125,0.1953125,0.140625
443,UNO-S,UNO,46243.18359375,1648.36083984375,0.2632840573787689,0.0099936611950397,16572.78125,-24368088.0,9228.9501953125,26412.33984375,-0.0999682992696762,1.0999683141708374,0.013109457999235,0.078125,0.0078125,0.1015625,0.2109375,0.046875,0.0078125,0.1328125,0.078125,0.1953125,0.140625
444,UNO-S,S,46074.54296875,1649.234619140625,0.2721419930458069,0.0009017935954034,16508.802734375,-3993812.75,5313.27978515625,25030.61328125,-0.0300298780202865,1.0300298929214478,0.0089159590133931,0.078125,0.0078125,0.1015625,0.2109375,0.046875,0.0078125,0.1328125,0.078125,0.1953125,0.140625
445,UNO-S,UNO,46020.046875,1647.7275390625,0.2813404202461242,0.0022967241238802,16562.525390625,-6687096.0,5185.29296875,26909.759765625,-0.0479241497814655,1.0479241609573364,0.0142097499920055,0.078125,0.0078125,0.1015625,0.2109375,0.046875,0.0078125,0.1328125,0.078125,0.1953125,0.140625
446,UNO-S,S,45996.5234375,1647.18359375,0.2852436304092407,0.0087249334901571,16567.37109375,20786670.0,7969.9580078125,27922.08203125,0.0934073477983474,0.9065926671028136,0.0084394580044317,0.078125,0.0078125,0.1015625,0.2109375,0.046875,0.015625,0.125,0.078125,0.1953125,0.140625
447,UNO-S,UNO,46173.66796875,1646.99267578125,0.278110533952713,0.0006463921163231,16568.505859375,7159962.0,9610.822265625,29302.330078125,0.0254242420196533,0.9745757579803468,0.0138689590094145,0.0703125,0.0078125,0.1015625,0.2109375,0.046875,0.015625,0.1328125,0.078125,0.1953125,0.140625
448,UNO-S,S,46473.1328125,1645.2672119140625,0.2696554958820343,0.0039992909878492,16550.03125,10148234.0,5247.68212890625,30579.572265625,0.0632399469614029,0.9367600679397584,0.0080357500119134,0.0703125,0.0078125,0.1015625,0.2109375,0.046875,0.015625,0.1328125,0.078125,0.1953125,0.140625
449,UNO-S,UNO,46751.203125,1644.279541015625,0.2599370777606964,0.0054269419051706,16579.28125,22188592.0,9918.0,30368.833984375,0.0736677795648574,0.9263322353363036,0.0133079169900156,0.0703125,0.0078125,0.1015625,0.203125,0.046875,0.015625,0.1328125,0.078125,0.1953125,0.1484375
450,UNO-S,S,46808.6015625,1643.977294921875,0.2549460232257843,0.0004381090402603,16578.48046875,7272122.0,11950.2255859375,29073.28125,0.0209310539066791,0.97906893491745,0.007989958015969,0.0703125,0.0,0.1015625,0.203125,0.046875,0.015625,0.1328125,0.078125,0.203125,0.1484375
451,UNO-S,UNO,46948.86328125,1646.17724609375,0.2538627088069916,0.0017032017931342,16535.57421875,-6862569.5,5759.240234375,28872.779296875,-0.0412698648869991,1.0412698984146118,0.0133125829743221,0.0703125,0.0,0.1015625,0.203125,0.046875,0.015625,0.1328125,0.078125,0.203125,0.1484375
452,UNO-S,S,46799.6328125,1648.560546875,0.2527076005935669,0.0001276996626984,16507.0859375,-2526296.5,7152.8525390625,31254.333984375,-0.0113004278391599,1.0113004446029663,0.0084927079733461,0.0703125,0.0,0.1015625,0.2109375,0.046875,0.015625,0.1328125,0.078125,0.203125,0.140625
453,UNO-S,UNO,46775.01953125,1648.80126953125,0.2571546733379364,0.0011917379451915,16540.63671875,11870120.0,10370.82421875,33155.18359375,0.0345215573906898,0.9654784202575684,0.0133364170033019,0.0703125,0.0,0.1015625,0.2109375,0.046875,0.015625,0.1328125,0.078125,0.203125,0.140625
454,UNO-S,S,46352.640625,1647.2374267578125,0.2652423679828644,9.381269046571106e-05,16527.060546875,2000541.0,6716.6796875,30751.185546875,0.0096856951713562,0.9903143048286438,0.008262667019153,0.0703125,0.0,0.1015625,0.2109375,0.046875,0.0078125,0.140625,0.078125,0.203125,0.140625
455,UNO-S,UNO,46284.71875,1646.15087890625,0.2736108601093292,0.0004455106100067,16518.888671875,-4911646.0,6960.55078125,33431.40625,-0.0211071223020553,1.0211070775985718,0.013136250025127,0.0703125,0.0,0.1015625,0.2109375,0.046875,0.0078125,0.140625,0.078125,0.203125,0.140625
456,UNO-S,S,46335.3359375,1646.0299072265625,0.2788977324962616,0.0010066084796562,16524.38671875,8302498.0,7821.52294921875,33457.0078125,0.0317270942032337,0.9682729244232178,0.0082247910031583,0.0703125,0.0078125,0.1015625,0.2109375,0.046875,0.0078125,0.140625,0.078125,0.1953125,0.140625
457,UNO-S,UNO,46498.3828125,1647.5,0.2798806428909302,0.0020463408436626,16494.8046875,7223201.5,4796.36328125,33291.15234375,0.0452364981174469,0.9547635316848756,0.0137544159952085,0.0703125,0.0078125,0.1015625,0.21875,0.046875,0.0078125,0.140625,0.078125,0.1875,0.140625
458,UNO-S,S,46733.1015625,1648.0050048828125,0.2786776721477508,0.0163890123367309,16507.716796875,-40813108.0,8936.5263671875,35674.2265625,-0.1280195713043213,1.1280195713043213,0.0084255000110715,0.0703125,0.0078125,0.1015625,0.21875,0.046875,0.0078125,0.140625,0.078125,0.1875,0.140625
459,UNO-S,UNO,46462.1640625,1647.133056640625,0.2760664224624634,0.0142937321215868,16512.8984375,-37167368.0,9410.8828125,33033.8046875,-0.1195563971996307,1.1195564270019531,0.0136957920040003,0.0703125,0.0078125,0.1015625,0.21875,0.046875,0.015625,0.1328125,0.078125,0.1875,0.140625
460,UNO-S,S,46520.71875,1645.752197265625,0.2655251324176788,0.0001970500015886,16486.953125,-3638445.5,7654.52685546875,33861.75,-0.0140374498441815,1.0140374898910522,0.008639999985462,0.0703125,0.0078125,0.1015625,0.21875,0.046875,0.015625,0.1328125,0.078125,0.1875,0.140625
461,UNO-S,UNO,46438.65625,1646.2919921875,0.2556491494178772,0.0401365309953689,16527.001953125,42165556.0,6128.0927734375,34344.9296875,0.2003410309553146,0.7996589541435242,0.012832416978199,0.0703125,0.0,0.1015625,0.2109375,0.046875,0.015625,0.1328125,0.078125,0.203125,0.140625
462,UNO-S,S,46199.5,1643.337646484375,0.257102370262146,0.0039858459495007,16516.990234375,-15934742.0,7979.4716796875,31630.83984375,-0.0631335526704788,1.0631335973739624,0.007858541997848,0.0703125,0.0,0.1015625,0.2109375,0.046875,0.015625,0.1328125,0.078125,0.203125,0.140625
463,UNO-S,UNO,45951.984375,1640.93408203125,0.2614579200744629,0.0106574296951293,16523.869140625,-22936432.0,7501.77880859375,29616.61328125,-0.1032348275184631,1.1032347679138184,0.012723208987154,0.0703125,0.0,0.1015625,0.2109375,0.046875,0.015625,0.1328125,0.078125,0.203125,0.140625
464,UNO-S,S,45865.546875,1640.9564208984375,0.2632247507572174,0.0080589335411787,16452.005859375,-13711966.0,5051.53857421875,30236.90625,-0.0897715613245964,1.0897715091705322,0.008290500001749,0.0703125,0.0,0.1015625,0.2109375,0.046875,0.015625,0.1328125,0.078125,0.203125,0.140625
465,UNO-S,UNO,45726.34375,1639.4970703125,0.2657203078269958,0.0062867477536201,16470.50390625,-11525384.0,4866.71435546875,29868.02734375,-0.079289011657238,1.0792889595031738,0.0129215829947497,0.0703125,0.0,0.1015625,0.2109375,0.046875,0.015625,0.1328125,0.078125,0.203125,0.140625
466,UNO-S,S,46123.5859375,1640.2587890625,0.2604134678840637,0.0077343648299574,16490.8515625,23185544.0,8331.888671875,31641.818359375,0.0879452377557754,0.9120547771453856,0.0078662079758942,0.0703125,0.0,0.1015625,0.2109375,0.046875,0.0078125,0.140625,0.078125,0.203125,0.140625
467,UNO-S,UNO,46576.53125,1641.458251953125,0.2497475296258926,0.057231917977333,16534.84375,72998352.0,9063.5654296875,33666.25390625,0.2392319291830063,0.7607680559158325,0.013107749982737,0.0703125,0.0,0.1015625,0.203125,0.046875,0.0078125,0.140625,0.078125,0.203125,0.1484375
468,UNO-S,S,46691.33984375,1640.23681640625,0.2493300288915634,0.010179822333157,16479.59765625,17191930.0,5554.146484375,30678.7109375,0.1008951067924499,0.89910489320755,0.0086106669914443,0.0703125,0.0,0.1015625,0.2109375,0.046875,0.015625,0.1328125,0.078125,0.1953125,0.1484375
469,UNO-S,UNO,46834.01171875,1639.768798828125,0.2492136061191558,0.0058802631683647,16490.251953125,-23366540.0,10202.826171875,29865.892578125,-0.07668287307024,1.0766829252243042,0.0128260840137954,0.0703125,0.0,0.1015625,0.2109375,0.046875,0.015625,0.1328125,0.078125,0.1953125,0.1484375
470,UNO-S,S,46801.828125,1639.941650390625,0.25044846534729,0.0097049856558442,16451.873046875,-24413502.0,8076.35009765625,30684.38671875,-0.0985138863325119,1.0985138416290283,0.0079426250013057,0.0703125,0.0,0.1015625,0.21875,0.046875,0.015625,0.1328125,0.078125,0.1953125,0.140625
471,UNO-S,UNO,46511.828125,1637.6488037109375,0.2585262656211853,0.0027195161674171,16477.080078125,-8003885.5,5057.43408203125,30347.6328125,-0.0521489791572093,1.052148938179016,0.0131143750040791,0.0703125,0.0078125,0.1015625,0.21875,0.046875,0.015625,0.1328125,0.078125,0.1875,0.140625
472,UNO-S,S,46385.02734375,1636.2996826171875,0.264809638261795,0.0043502240441739,16476.978515625,12717334.0,6411.7568359375,30072.072265625,0.0659562274813652,0.9340437650680542,0.0079612499976065,0.0703125,0.0078125,0.1015625,0.2109375,0.046875,0.015625,0.1328125,0.078125,0.1953125,0.140625
473,UNO-S,UNO,46376.7421875,1634.66748046875,0.2676506638526916,0.0032131264451891,16469.837890625,12822904.0,7444.78857421875,30385.75390625,0.0566844455897808,0.94331556558609,0.0130449169955682,0.0703125,0.0,0.1015625,0.2109375,0.046875,0.0078125,0.140625,0.078125,0.203125,0.140625
474,UNO-S,S,46251.203125,1632.2471923828125,0.2696903944015503,2.8055152142769657e-05,16455.6171875,-1004680.625,6459.8515625,29362.904296875,-0.0052967113442718,1.0052967071533203,0.0082617080188356,0.0703125,0.0078125,0.1015625,0.2109375,0.046875,0.0078125,0.140625,0.078125,0.1953125,0.140625
475,UNO-S,UNO,46309.0390625,1630.627685546875,0.2682841122150421,0.0009127352386713,16465.607421875,-6995856.5,7491.232421875,30911.150390625,-0.0302115082740783,1.0302114486694336,0.0139191249909345,0.0703125,0.0078125,0.1015625,0.2109375,0.046875,0.0078125,0.140625,0.078125,0.1953125,0.140625
476,UNO-S,S,46323.66796875,1628.9595947265625,0.2629072070121765,0.0188224986195564,16413.763671875,-25032012.0,6078.142578125,30018.318359375,-0.1371951103210449,1.137195110321045,0.0081991250044666,0.0703125,0.0078125,0.1015625,0.2109375,0.046875,0.0078125,0.140625,0.078125,0.1953125,0.140625
477,UNO-S,UNO,46308.171875,1624.5975341796875,0.2600771486759186,0.0047507127746939,16467.24609375,-20850924.0,9584.7978515625,31561.888671875,-0.0689254105091095,1.068925380706787,0.0134933750086929,0.0703125,0.0,0.1015625,0.21875,0.046875,0.0078125,0.140625,0.078125,0.1953125,0.140625
478,UNO-S,S,46331.9453125,1620.9949951171875,0.2533520460128784,1.2014440926577663e-06,16473.359375,216243.8125,6130.30224609375,32181.82421875,0.0010961040388792,0.9989038705825806,0.0081887919805012,0.0703125,0.0,0.1015625,0.21875,0.046875,0.015625,0.1328125,0.078125,0.1953125,0.140625
479,UNO-S,UNO,46289.38671875,1619.6455078125,0.2474755048751831,0.0001909578131744,16429.130859375,2350113.5,5473.8154296875,31069.181640625,0.0138187482953071,0.9861812591552734,0.0136455419997219,0.0703125,0.0,0.1015625,0.21875,0.046875,0.015625,0.1328125,0.078125,0.1953125,0.140625
480,UNO-S,S,46408.0,1616.39990234375,0.245701402425766,0.0154044432565569,16472.013671875,35389104.0,8913.630859375,31988.3515625,0.1241146326065063,0.8758853673934937,0.0086150830029509,0.0703125,0.0,0.1015625,0.203125,0.046875,0.015625,0.1328125,0.078125,0.203125,0.1484375
481,UNO-S,UNO,46726.9453125,1614.7734375,0.2419449388980865,0.0027740094810724,16477.0625,9687028.0,5955.9521484375,30880.578125,0.0526688657701015,0.9473311305046082,0.0131619160238187,0.0703125,0.0,0.1015625,0.2109375,0.046875,0.015625,0.1328125,0.078125,0.1953125,0.1484375
482,UNO-S,S,46867.4609375,1614.656982421875,0.2447094023227691,0.0056472760625183,16451.638671875,18453454.0,7714.90234375,31829.345703125,0.0751483589410781,0.924851655960083,0.0083300840051379,0.0703125,0.0,0.1015625,0.2109375,0.046875,0.015625,0.1328125,0.078125,0.1953125,0.1484375
483,UNO-S,UNO,47099.109375,1614.5870361328125,0.2472066879272461,0.0106230955570936,16447.5859375,-25672754.0,7934.90380859375,31391.013671875,-0.103068396449089,1.1030683517456057,0.0142315829871222,0.0703125,0.0,0.1015625,0.2109375,0.046875,0.015625,0.1328125,0.078125,0.1953125,0.1484375
484,UNO-S,S,47156.4296875,1616.384765625,0.2496255487203598,0.0033535284455865,16424.5859375,11443462.0,6246.9921875,31632.642578125,0.0579096563160419,0.9420903325080872,0.009219291008776,0.0703125,0.0,0.1015625,0.2109375,0.046875,0.015625,0.1328125,0.078125,0.1953125,0.1484375
485,UNO-S,UNO,47133.53515625,1618.845947265625,0.2524153590202331,0.0041766366921365,16401.388671875,11623482.0,5821.5419921875,30894.76171875,0.0646269023418426,0.935373067855835,0.0159951249952428,0.0703125,0.0,0.1015625,0.21875,0.046875,0.015625,0.1328125,0.078125,0.1953125,0.140625
486,UNO-S,S,47290.01953125,1618.614990234375,0.2573268115520477,1.9966507807112066e-06,16438.15625,-228928.1875,5500.83251953125,29452.423828125,-0.0014130289200693,1.0014129877090454,0.0084957500221207,0.0703125,0.0078125,0.1015625,0.21875,0.046875,0.015625,0.1328125,0.078125,0.1875,0.140625
487,UNO-S,UNO,46781.484375,1618.964599609375,0.2626503705978393,0.0019362088060006,16430.572265625,-9296483.0,6944.2529296875,30424.048828125,-0.0440023727715015,1.0440024137496948,0.0166433749836869,0.0703125,0.0078125,0.1015625,0.21875,0.046875,0.015625,0.1328125,0.078125,0.1875,0.140625
488,UNO-S,S,46924.22265625,1620.417236328125,0.2640253901481628,0.0168798081576824,16441.7265625,-29166852.0,7343.38525390625,30570.994140625,-0.1299223154783249,1.1299222707748413,0.0084077080246061,0.0703125,0.0078125,0.1015625,0.2109375,0.046875,0.0078125,0.140625,0.078125,0.1953125,0.140625
489,UNO-S,UNO,46369.2265625,1623.201904296875,0.2678378224372864,0.0001056615510606,16436.1640625,1699596.25,5394.99853515625,30647.525390625,0.0102791804820299,0.9897208213806152,0.0152630000084172,0.0703125,0.0078125,0.1015625,0.2109375,0.046875,0.0078125,0.140625,0.078125,0.1953125,0.140625
490,UNO-S,S,46471.0390625,1626.0950927734375,0.2671727240085602,0.0085937259718775,16417.49609375,17553636.0,6463.99365234375,29293.775390625,0.0927023515105247,0.907297670841217,0.0089295000070706,0.0703125,0.0078125,0.1015625,0.2109375,0.046875,0.015625,0.1328125,0.078125,0.1953125,0.140625
491,UNO-S,UNO,46620.18359375,1626.83447265625,0.2581758499145508,0.0326744727790355,16453.994140625,53355120.0,9709.376953125,30400.482421875,0.1807608157396316,0.8192391991615295,0.0154583749826997,0.0703125,0.0,0.1015625,0.2109375,0.046875,0.015625,0.1328125,0.078125,0.203125,0.140625
492,UNO-S,S,46602.296875,1624.857177734375,0.2503832280635834,0.0020316981244832,16392.8046875,-10075156.0,7290.3623046875,30660.06640625,-0.0450743623077869,1.0450743436813354,0.0090903330128639,0.0703125,0.0,0.1015625,0.2109375,0.046875,0.015625,0.1328125,0.078125,0.203125,0.140625
493,UNO-S,UNO,46618.08984375,1622.74853515625,0.2469664067029953,0.0248656570911407,16435.146484375,-40885236.0,8299.7001953125,31239.5,-0.157688483595848,1.1576884984970093,0.0141184160020202,0.0703125,0.0,0.1015625,0.21875,0.046875,0.015625,0.1328125,0.078125,0.1953125,0.140625
494,UNO-S,S,46954.2890625,1620.8660888671875,0.2431638538837433,0.0032393638975918,16473.447265625,-19438042.0,10721.486328125,31854.267578125,-0.0569154098629951,1.0569154024124146,0.0083699999959208,0.0703125,0.0,0.1015625,0.2109375,0.046875,0.015625,0.1328125,0.078125,0.1953125,0.1484375
495,UNO-S,UNO,46694.8984375,1621.938720703125,0.2467038780450821,0.0215125828981399,16463.689453125,-40314240.0,7754.626953125,35444.69921875,-0.1466716825962066,1.1466716527938845,0.0146122500009369,0.0703125,0.0,0.1015625,0.2109375,0.046875,0.015625,0.1328125,0.078125,0.1953125,0.1484375
496,UNO-S,S,46990.53515625,1626.6065673828125,0.2480237782001495,0.0348652452230453,16410.689453125,51282632.0,6964.224609375,39436.75390625,0.1867223680019378,0.8132776021957397,0.0086553329892922,0.0703125,0.0,0.1015625,0.203125,0.046875,0.015625,0.1328125,0.078125,0.203125,0.1484375
497,UNO-S,UNO,47380.78125,1631.4796142578125,0.247728481888771,0.0335601791739463,16486.140625,83712080.0,10882.041015625,41991.921875,0.1831943690776825,0.8168056011199951,0.0145772910036612,0.0703125,0.0,0.1015625,0.203125,0.046875,0.015625,0.1328125,0.078125,0.203125,0.1484375
498,UNO-S,S,47444.0,1633.73779296875,0.2519099116325378,0.0173693504184484,16439.0703125,41254460.0,8048.1181640625,38894.1953125,0.1317928284406662,0.8682071566581726,0.0085427919984795,0.0703125,0.0078125,0.1015625,0.2109375,0.046875,0.015625,0.1328125,0.078125,0.1875,0.1484375
499,UNO-S,UNO,47852.9921875,1636.668701171875,0.252343475818634,0.0005517043173313,16427.65234375,8537382.0,8826.52734375,41179.5546875,0.0234883874654769,0.9765115976333618,0.0127762909978628,0.0703125,0.0078125,0.1015625,0.2109375,0.0546875,0.015625,0.1328125,0.078125,0.1875,0.140625
500,UNO-S,S,47976.08984375,1638.6160888671875,0.2518815994262695,0.0134573187679052,16395.94140625,-30475380.0,6683.72216796875,39305.328125,-0.1160056814551353,1.1160056591033936,0.0084476670017465,0.0703125,0.0078125,0.1015625,0.2109375,0.046875,0.015625,0.1328125,0.078125,0.1875,0.1484375
