Step,Update,Next Update Number,Next Update,Method,Reconstruction Loss,KL Loss,Uniformity Loss,Orthogonality Loss,Total Loss,Gradient Dot Product,Retain Gradient Norm,Forget Gradient Norm,Cosine Similarity,Mean 1 Probability,1 - Mean 1 Probability,Time,0 Fraction,1 Fraction,2 Fraction,3 Fraction,4 Fraction,5 Fraction,6 Fraction,7 Fraction,8 Fraction,9 Fraction,1 - Fraction
0,None (initial state),1.0,UNO,UNO,46600.5625,1469.882080078125,0.7663294076919556,0.0019161048112437,24286.611328125,79781264.0,19648.888671875,92758.421875,0.0437733344733715,0.0458831973373889,0.9541168212890624,0.028341500001261,0.078125,0.0625,0.1015625,0.1328125,0.09375,0.015625,0.125,0.0703125,0.2109375,0.109375,0.9375
1,UNO,2.0,UNO,UNO,46956.1171875,1485.852294921875,0.8803945779800415,0.0507768429815769,75717.484375,-737947264.0,74654.6171875,43866.78515625,-0.2253371775150299,0.0545065589249134,0.945493459701538,0.0235575830156449,0.078125,0.0625,0.1015625,0.140625,0.109375,0.015625,0.125,0.0703125,0.203125,0.09375,0.9375
2,UNO,3.0,UNO,UNO,55623.5625,1486.004150390625,0.964205265045166,0.1962984502315521,225186.828125,7025496064.0,103163.5390625,153706.546875,0.4430558085441589,0.0603141486644744,0.9396858215332032,0.0214831249904818,0.0859375,0.0625,0.1015625,0.1484375,0.125,0.0234375,0.1171875,0.0625,0.171875,0.1015625,0.9375
3,UNO,4.0,UNO,UNO,64986.5234375,1495.214599609375,1.0374672412872314,0.1515182852745056,183399.109375,7316529664.0,115108.3203125,163292.390625,0.3892534971237182,0.0647854432463646,0.9352145791053772,0.0210762499773409,0.09375,0.0625,0.1015625,0.1484375,0.125,0.0234375,0.1015625,0.0625,0.1796875,0.1015625,0.9375
4,UNO,5.0,UNO,UNO,71633.09375,1509.9862060546875,1.105331301689148,0.1860830038785934,220580.375,6592465408.0,110607.890625,138168.296875,0.4313733875751495,0.0686896815896034,0.9313102960586548,0.0205669169954489,0.09375,0.0703125,0.1015625,0.1484375,0.1328125,0.0234375,0.09375,0.0546875,0.1796875,0.1015625,0.9296875
5,UNO,6.0,UNO,UNO,75888.515625,1529.2763671875,1.1626259088516235,0.2108698189258575,246814.65625,6404261888.0,110687.5703125,125997.796875,0.4592056274414062,0.0718255490064621,0.9281744360923768,0.0198678750020917,0.09375,0.078125,0.09375,0.1484375,0.1328125,0.015625,0.1015625,0.0546875,0.1796875,0.1015625,0.921875
6,UNO,7.0,UNO,UNO,79010.25,1553.3756103515625,1.2060095071792605,0.2211621850728988,258749.5625,5576176640.0,103135.6875,114966.7109375,0.4702788293361664,0.0740812048316001,0.9259188175201416,0.0168989580124616,0.09375,0.0703125,0.09375,0.1484375,0.1328125,0.015625,0.1015625,0.0546875,0.1875,0.1015625,0.9296875
7,UNO,8.0,UNO,UNO,80258.1171875,1578.2642822265625,1.2302660942077637,0.2045272141695022,243281.828125,5296779776.0,100758.390625,116239.90625,0.4522468447685241,0.0751956477761268,0.9248043298721312,0.0162126670184079,0.1015625,0.0703125,0.09375,0.15625,0.1328125,0.0,0.0859375,0.0546875,0.203125,0.1015625,0.9296875
8,UNO,9.0,UNO,UNO,80997.53125,1605.44189453125,1.2381832599639893,0.1627000719308853,202602.28125,4541743104.0,97851.953125,115069.2265625,0.4033609628677368,0.0753763020038604,0.924623727798462,0.0156598330067936,0.1015625,0.0703125,0.09375,0.1484375,0.1328125,0.0,0.078125,0.0546875,0.21875,0.1015625,0.9296875
9,UNO,10.0,UNO,UNO,82123.4375,1633.064453125,1.237260103225708,0.1082154661417007,149168.03125,3603572480.0,97220.4296875,112675.9296875,0.3289611935615539,0.0750327706336975,0.9249672293663024,0.0158960420230869,0.09375,0.0703125,0.09375,0.1484375,0.1328125,0.0,0.0859375,0.0625,0.21875,0.09375,0.9296875
10,UNO,11.0,UNO,UNO,82850.4453125,1661.6568603515625,1.2345216274261477,0.090787686407566,132817.546875,2940865280.0,94488.53125,103295.7734375,0.3013099431991577,0.0746130049228668,0.9253870248794556,0.0153821669809985,0.09375,0.0703125,0.09375,0.140625,0.1328125,0.0,0.0859375,0.0625,0.2265625,0.09375,0.9296875
11,UNO,12.0,UNO,UNO,83559.0859375,1689.432861328125,1.2348872423171997,0.0675865337252616,110554.375,2284608256.0,89426.3203125,98268.953125,0.2599740922451019,0.0744087398052215,0.925591230392456,0.0147221669903956,0.0859375,0.0625,0.09375,0.125,0.1328125,0.0,0.0859375,0.0546875,0.2578125,0.1015625,0.9375
12,UNO,13.0,UNO,UNO,84370.5390625,1715.1649169921875,1.240334153175354,0.0484391115605831,92499.375,1719018368.0,87600.3359375,89161.3515625,0.2200888693332672,0.0745543837547302,0.9254456162452698,0.0336508339969441,0.0859375,0.0625,0.09375,0.125,0.1328125,0.0,0.0859375,0.0546875,0.2578125,0.1015625,0.9375
13,UNO,14.0,UNO,UNO,85191.6640625,1740.02392578125,1.2495579719543457,0.0341798104345798,79249.8359375,1235284992.0,84348.5859375,79214.4765625,0.1848778277635574,0.0749840065836906,0.9250159859657288,0.0160923330113291,0.0859375,0.0625,0.09375,0.109375,0.1328125,0.0,0.078125,0.0546875,0.28125,0.1015625,0.9375
14,UNO,15.0,UNO,UNO,85849.75,1764.5048828125,1.2646549940109253,0.0215947069227695,67661.515625,817191296.0,80944.0234375,68701.34375,0.1469513773918151,0.0758440420031547,0.9241559505462646,0.0173780830227769,0.0859375,0.0703125,0.09375,0.109375,0.140625,0.0,0.078125,0.0546875,0.2734375,0.09375,0.9296875
15,UNO,16.0,UNO,UNO,87051.6171875,1788.899169921875,1.2821627855300903,0.0189132988452911,66093.65625,675297920.0,77684.5859375,63208.703125,0.1375256329774856,0.0769042372703552,0.9230957627296448,0.0153248749847989,0.0859375,0.0859375,0.09375,0.109375,0.15625,0.0,0.078125,0.0546875,0.2578125,0.078125,0.9140625
16,UNO,17.0,UNO,UNO,87841.8125,1812.24609375,1.2981246709823608,0.0127582177519798,60762.30078125,486205120.0,77620.421875,55456.0,0.1129522770643234,0.0779074504971504,0.9220925569534302,0.0150844169838819,0.0859375,0.09375,0.09375,0.1015625,0.15625,0.0,0.0859375,0.0546875,0.25,0.078125,0.90625
17,UNO,18.0,UNO,UNO,88727.625,1834.5892333984375,1.308503270149231,0.014998672530055,63890.8203125,473931616.0,76155.5859375,50814.49609375,0.1224690675735473,0.0785758644342422,0.921424150466919,0.0157940829813014,0.0703125,0.0859375,0.09375,0.1015625,0.1484375,0.0,0.1015625,0.0546875,0.265625,0.078125,0.9140625
18,UNO,19.0,UNO,UNO,89425.046875,1856.440185546875,1.314170479774475,0.0090076429769396,58558.9140625,354280640.0,79301.8203125,47071.5703125,0.0949086025357246,0.0789568200707435,0.9210431575775146,0.0151540410006418,0.0703125,0.078125,0.09375,0.1015625,0.1484375,0.0,0.09375,0.0546875,0.2734375,0.0859375,0.921875
19,UNO,20.0,UNO,UNO,90567.234375,1877.0205078125,1.3151118755340576,0.0067279771901667,57096.578125,288899264.0,79318.453125,44404.80078125,0.0820242464542388,0.0790387690067291,0.9209612607955932,0.0144612919830251,0.0703125,0.0703125,0.09375,0.109375,0.1484375,0.0,0.0859375,0.0546875,0.2890625,0.078125,0.9296875
20,UNO,21.0,UNO,UNO,91459.1015625,1896.885498046875,1.314435601234436,0.0035941158421337,54710.41796875,202343456.0,78746.6953125,42860.85546875,0.0599509440362453,0.0790269151329994,0.9209730625152588,0.016433999990113,0.0703125,0.0703125,0.09375,0.109375,0.1484375,0.0,0.0859375,0.0546875,0.2890625,0.078125,0.9296875
21,UNO,22.0,UNO,UNO,92470.609375,1915.8607177734375,1.3069329261779783,0.0006142359343357,52377.13671875,86937440.0,81660.78125,42956.18359375,0.0247837826609611,0.0785702764987945,0.9214297533035278,0.0150850000209175,0.0703125,0.078125,0.1015625,0.1171875,0.1484375,0.0,0.078125,0.0546875,0.2734375,0.078125,0.921875
22,UNO,23.0,UNO,UNO,93184.3984375,1933.82958984375,1.2977092266082764,0.0001528522843727,52403.4921875,44043968.0,83428.7109375,42700.69921875,0.0123633444309234,0.0779854208230972,0.922014594078064,0.014290749997599,0.0703125,0.0625,0.1015625,0.125,0.1484375,0.0,0.078125,0.0546875,0.28125,0.078125,0.9375
23,UNO,24.0,UNO,UNO,94322.9453125,1950.7265625,1.287260890007019,7.605963764945045e-05,52930.24609375,31723216.0,82649.1796875,44011.04296875,0.0087212175130844,0.0773075148463249,0.9226924777030944,0.0145169170282315,0.0703125,0.0625,0.1015625,0.140625,0.1484375,0.0078125,0.078125,0.0625,0.2734375,0.0546875,0.9375
24,UNO,25.0,UNO,UNO,94701.1484375,1966.5263671875,1.2780189514160156,0.0008755620219744,53731.2265625,108718728.0,84368.796875,43549.09765625,0.0295898970216512,0.0766931846737861,0.9233068227767944,0.0143171249947045,0.0703125,0.0625,0.109375,0.1328125,0.1484375,0.0078125,0.078125,0.0625,0.2734375,0.0546875,0.9375
25,UNO,26.0,UNO,UNO,95537.421875,1981.18408203125,1.2685478925704956,1.181628158519743e-05,53297.23046875,13157632.0,84528.5,45282.9609375,0.0034374818205833,0.0760442316532135,0.9239557981491088,0.0145437089959159,0.0703125,0.0546875,0.1171875,0.140625,0.1484375,0.0078125,0.0703125,0.078125,0.2734375,0.0390625,0.9453125
26,UNO,27.0,UNO,UNO,95940.4375,1994.751953125,1.259319305419922,4.957945566275157e-05,53413.2578125,27737136.0,84444.46875,46648.7109375,0.0070412680506706,0.0753962695598602,0.9246037006378174,0.0174498750129714,0.0625,0.0546875,0.1171875,0.140625,0.140625,0.0234375,0.0703125,0.078125,0.2734375,0.0390625,0.9453125
27,UNO,28.0,UNO,UNO,96517.375,2007.2578125,1.2513549327850342,1.9263412468717434e-05,53536.77734375,-18233072.0,86106.8125,48245.265625,-0.0043890103697776,0.0748127847909927,0.9251872301101683,0.0147921250027138,0.0625,0.0546875,0.125,0.1484375,0.140625,0.0234375,0.0625,0.078125,0.265625,0.0390625,0.9453125
28,UNO,29.0,UNO,UNO,96973.5703125,2018.8065185546875,1.2440483570098877,7.420421025017276e-05,53607.34765625,35852096.0,86897.90625,47895.07421875,0.0086141861975193,0.0742596089839935,0.925740361213684,0.0148743750178255,0.0625,0.0546875,0.125,0.1484375,0.140625,0.0234375,0.0625,0.078125,0.265625,0.0390625,0.9453125
29,UNO,30.0,UNO,UNO,97519.046875,2029.4459228515625,1.2372130155563354,0.0002075787488138,53909.5546875,61567024.0,87949.2734375,48587.5234375,0.0144075937569141,0.0737276747822761,0.9262723326683044,0.0145920840150211,0.0625,0.0546875,0.125,0.15625,0.140625,0.0234375,0.0625,0.078125,0.2578125,0.0390625,0.9453125
30,UNO,31.0,UNO,UNO,97444.875,2039.2872314453125,1.2314587831497192,0.0003152639546897,53509.453125,77594720.0,88368.28125,49453.72265625,0.0177556741982698,0.0732575803995132,0.926742434501648,0.0153288329893257,0.0625,0.0546875,0.125,0.15625,0.140625,0.0234375,0.0625,0.078125,0.2578125,0.0390625,0.9453125
31,UNO,32.0,UNO,UNO,97410.953125,2048.177001953125,1.2260770797729492,6.430639768950641e-05,53040.49609375,34458624.0,86078.6640625,49920.02734375,0.0080191269516944,0.0728096216917038,0.927190363407135,0.0176096659852191,0.0546875,0.0546875,0.125,0.15625,0.140625,0.0234375,0.0625,0.0859375,0.2578125,0.0390625,0.9453125
32,UNO,33.0,UNO,UNO,97265.109375,2056.203369140625,1.2207975387573242,0.0002214796404587,52768.60546875,64329984.0,85790.390625,50385.75390625,0.0148821920156478,0.0723685920238494,0.927631378173828,0.0182822920032776,0.0546875,0.0546875,0.125,0.1640625,0.140625,0.0234375,0.0625,0.0859375,0.25,0.0390625,0.9453125
33,UNO,34.0,UNO,UNO,97269.515625,2063.38232421875,1.2156087160110474,1.864655246208713e-06,52594.21875,-5984224.0,85189.2578125,51442.046875,-0.0013655237853527,0.0719359740614891,0.9280640482902528,0.0163892910059075,0.0546875,0.0546875,0.125,0.1640625,0.140625,0.015625,0.0625,0.0859375,0.2578125,0.0390625,0.9453125
34,UNO,35.0,UNO,UNO,96789.015625,2070.05859375,1.2099645137786863,0.000215023785131,52088.0078125,59892528.0,79957.15625,51082.4609375,0.0146636888384819,0.0714743882417678,0.9285256266593932,0.0170481250097509,0.0546875,0.0546875,0.125,0.1640625,0.140625,0.015625,0.0625,0.0859375,0.2578125,0.0390625,0.9453125
35,UNO,36.0,UNO,UNO,96634.2421875,2076.038330078125,1.2038373947143557,1.4986641872383188e-05,51666.22265625,15735664.0,78379.734375,51859.58984375,0.0038712583482265,0.0709844231605529,0.929015576839447,0.0177836669899988,0.0546875,0.0546875,0.125,0.1640625,0.140625,0.015625,0.0625,0.0859375,0.2578125,0.0390625,0.9453125
36,UNO,37.0,UNO,UNO,96072.0625,2081.48681640625,1.1967260837554932,3.5362172638997436e-05,51112.6484375,-23234288.0,75616.234375,51670.7421875,-0.005946610122919,0.0704311355948448,0.929568886756897,0.0170314169954508,0.0546875,0.0546875,0.125,0.1640625,0.1328125,0.015625,0.0625,0.0859375,0.2578125,0.046875,0.9453125
37,UNO,38.0,UNO,UNO,95483.5234375,2086.4677734375,1.188778281211853,0.0002008156734518,50658.55078125,54325392.0,73769.3515625,51967.05078125,0.0141709446907043,0.0698245912790298,0.9301754236221312,0.0196328750171232,0.0546875,0.0546875,0.125,0.1640625,0.1328125,0.015625,0.0625,0.0859375,0.2578125,0.046875,0.9453125
38,UNO,39.0,UNO,UNO,94517.09375,2090.973388671875,1.1800163984298706,9.34599302127026e-05,49676.4140625,35109888.0,70557.2890625,51472.4765625,0.0096674673259258,0.0691704452037811,0.9308295249938964,0.0190420419967267,0.0546875,0.0546875,0.1328125,0.1640625,0.1328125,0.015625,0.0546875,0.0859375,0.2578125,0.046875,0.9453125
39,UNO,40.0,UNO,UNO,94474.71875,2094.884033203125,1.170211911201477,6.398604455171153e-05,49619.4375,28782592.0,69640.4765625,51668.453125,0.0079991277307271,0.0684544146060943,0.931545615196228,0.0181589999992866,0.0546875,0.0546875,0.1328125,0.1640625,0.1328125,0.015625,0.0546875,0.0859375,0.265625,0.0390625,0.9453125
40,UNO,41.0,UNO,UNO,93786.359375,2098.39306640625,1.159168004989624,0.0001105460105463,49075.33203125,36751200.0,67268.7578125,51962.1015625,0.01051408611238,0.0676637589931488,0.9323362112045288,0.0184931250114459,0.0546875,0.0546875,0.1328125,0.1484375,0.125,0.015625,0.0546875,0.0859375,0.28125,0.046875,0.9453125
41,UNO,42.0,UNO,UNO,92948.7109375,2101.544189453125,1.1471717357635498,5.719087312172633e-06,48125.4921875,-8018584.0,64574.41015625,51924.80859375,-0.0023914612829685,0.0668154507875442,0.9331845641136168,0.0180979160068091,0.0546875,0.0546875,0.1328125,0.1484375,0.125,0.015625,0.0546875,0.0859375,0.28125,0.046875,0.9453125
42,UNO,43.0,UNO,UNO,92201.59375,2104.34423828125,1.134567379951477,0.0001195621080114,47800.50390625,-36583376.0,63440.140625,52737.93359375,-0.0109344460070133,0.0659264847636222,0.9340735077857972,0.0181794579839333,0.0546875,0.0546875,0.1328125,0.1484375,0.125,0.015625,0.0546875,0.0859375,0.28125,0.046875,0.9453125
43,UNO,44.0,UNO,UNO,91691.3125,2106.90869140625,1.1213005781173706,2.2322210497804917e-05,47271.25390625,14787184.0,59639.7265625,52478.4921875,0.0047246385365724,0.0649900436401367,0.9350099563598632,0.0379503339936491,0.0546875,0.0546875,0.125,0.1484375,0.125,0.015625,0.0625,0.0859375,0.28125,0.046875,0.9453125
44,UNO,45.0,UNO,UNO,90599.1796875,2109.172119140625,1.1071834564208984,7.439604087267071e-05,46463.9765625,26362264.0,59126.26171875,51692.53125,0.0086253136396408,0.0640007406473159,0.9359992742538452,0.0182405420055147,0.0546875,0.0546875,0.125,0.140625,0.125,0.015625,0.0625,0.0859375,0.2890625,0.046875,0.9453125
45,UNO,46.0,UNO,UNO,90090.328125,2111.094482421875,1.0923463106155396,0.0003501785977277,46286.0078125,55474160.0,57284.36328125,51749.9609375,0.0187130589038133,0.0629715919494628,0.9370284080505372,0.0169190840097144,0.0546875,0.0546875,0.125,0.140625,0.125,0.015625,0.0625,0.0859375,0.2890625,0.046875,0.9453125
46,UNO,47.0,UNO,UNO,89200.046875,2112.6171875,1.0765773057937622,3.3157296002173098e-06,45350.34765625,5310384.0,55844.2578125,52222.48828125,0.0018209144473075,0.0618930421769619,0.9381069540977478,0.0182982909900601,0.0546875,0.046875,0.125,0.140625,0.125,0.015625,0.0625,0.0859375,0.296875,0.046875,0.953125
47,UNO,48.0,UNO,UNO,88771.5390625,2113.9296875,1.059762716293335,0.0003627546539064,45317.97265625,50150392.0,50394.8984375,52249.390625,0.0190461184829473,0.0607455410063266,0.9392544627189636,0.0172540830099023,0.0625,0.046875,0.125,0.140625,0.125,0.015625,0.0625,0.0859375,0.296875,0.0390625,0.953125
48,UNO,49.0,UNO,UNO,87483.453125,2114.8232421875,1.0423976182937622,6.861420764892045e-09,44036.05859375,-219472.0,50665.359375,52291.3359375,-8.283369243144989e-05,0.0595589354634285,0.940441071987152,0.0169298329856246,0.0625,0.046875,0.125,0.140625,0.125,0.015625,0.0625,0.078125,0.296875,0.046875,0.953125
49,UNO,50.0,UNO,UNO,86760.515625,2115.546875,1.0247889757156372,0.0001055002503562,43660.59765625,26547408.0,49133.4453125,52603.88671875,0.010271331295371,0.0583588480949401,0.9416411519050598,0.0167189580097328,0.0625,0.046875,0.1171875,0.1328125,0.125,0.015625,0.0703125,0.0703125,0.3046875,0.0546875,0.953125
50,UNO,51.0,UNO,UNO,85883.140625,2116.1025390625,1.006890058517456,5.864914783160202e-05,43041.37890625,-18250016.0,46541.109375,51203.078125,-0.0076582729816436,0.0571503564715385,0.9428496360778807,0.0180641250044573,0.0625,0.046875,0.1171875,0.125,0.125,0.015625,0.0703125,0.0703125,0.3125,0.0546875,0.953125
51,UNO,52.0,UNO,UNO,85499.9453125,2116.513427734375,0.989556074142456,3.892796485160943e-07,42704.3125,1485664.0,45938.04296875,51833.60546875,0.0006239227950572,0.0559850931167602,0.9440149068832396,0.0173099579988047,0.0625,0.046875,0.1171875,0.1171875,0.125,0.015625,0.0703125,0.0703125,0.3203125,0.0546875,0.953125
52,UNO,53.0,UNO,UNO,84493.890625,2116.83203125,0.9728220105171204,0.0001156392754637,42089.48046875,-24818228.0,43936.72265625,52527.95703125,-0.0107535701245069,0.0548628643155097,0.9451371431350708,0.016929582983721,0.0625,0.0390625,0.1171875,0.1171875,0.125,0.015625,0.0703125,0.0703125,0.328125,0.0546875,0.9609375
53,UNO,54.0,UNO,UNO,83837.8515625,2117.244873046875,0.9565523862838744,8.896930376067758e-05,41620.14453125,21399092.0,43257.1953125,52446.515625,0.0094323540106415,0.053769078105688,0.946230947971344,0.016800332989078,0.0625,0.0390625,0.109375,0.125,0.125,0.015625,0.0703125,0.0703125,0.328125,0.0546875,0.9609375
54,UNO,55.0,UNO,UNO,83077.53125,2117.47802734375,0.940381109714508,1.335910610578139e-06,41154.94921875,2633476.0,43888.95703125,51913.96484375,0.0011558160185813,0.0526956543326377,0.947304368019104,0.0146445839782245,0.0625,0.03125,0.109375,0.1328125,0.125,0.015625,0.0703125,0.0703125,0.3203125,0.0625,0.96875
55,UNO,56.0,UNO,UNO,82551.4765625,2117.626953125,0.9246422052383424,6.241111987037584e-05,40836.34765625,-17099000.0,41295.4140625,52412.91796875,-0.0079000703990459,0.0516578815877437,0.9483421444892884,0.0143846669816412,0.0703125,0.0390625,0.109375,0.1171875,0.125,0.015625,0.0703125,0.0703125,0.3203125,0.0625,0.9609375
56,UNO,57.0,UNO,UNO,81676.671875,2117.81689453125,0.9095486402511596,7.863064820412546e-05,40235.3203125,-16501400.0,36146.765625,51482.00390625,-0.0088673923164606,0.0506598204374313,0.9493401646614076,0.0155684170022141,0.0703125,0.0390625,0.109375,0.1171875,0.125,0.015625,0.0703125,0.0703125,0.3203125,0.0625,0.9609375
57,UNO,58.0,UNO,UNO,80828.6796875,2118.13916015625,0.8949956893920898,1.6342279195669107e-05,39471.6328125,-7742212.0,37160.015625,51538.5703125,-0.0040425583720207,0.0496946908533573,0.9503052830696106,0.0145871249842457,0.0703125,0.0390625,0.109375,0.1171875,0.125,0.015625,0.0703125,0.0703125,0.3203125,0.0625,0.9609375
58,UNO,59.0,UNO,UNO,80624.4609375,2118.2841796875,0.8810327649116516,0.0001721934822853,39556.07421875,-24432544.0,36141.34765625,51517.64453125,-0.0131222512573003,0.0487684682011604,0.9512315392494202,0.0143635420245118,0.0703125,0.0390625,0.109375,0.109375,0.125,0.015625,0.0703125,0.0703125,0.328125,0.0625,0.9609375
59,UNO,60.0,UNO,UNO,80052.9453125,2118.44384765625,0.8674596548080444,4.084252577740699e-05,38927.7578125,11977704.0,36913.765625,50772.51953125,0.0063908156007528,0.0478680059313774,0.952131986618042,0.0142712079978082,0.0703125,0.0390625,0.109375,0.109375,0.125,0.015625,0.0703125,0.0625,0.328125,0.0703125,0.9609375
60,UNO,61.0,UNO,UNO,79330.1875,2118.390625,0.8540099859237671,5.9875226725125685e-05,38414.51171875,13339184.0,33638.1171875,51247.6171875,0.0077379085123538,0.0469802841544151,0.9530197381973268,0.0171655840240418,0.0703125,0.046875,0.109375,0.109375,0.1328125,0.015625,0.0703125,0.0625,0.3125,0.0703125,0.953125
61,UNO,62.0,UNO,UNO,78761.75,2118.06591796875,0.841020405292511,0.0001751598902046,38106.3515625,22421198.0,33244.78125,50958.671875,0.0132347978651523,0.0461257323622703,0.9538742899894714,0.0190512920089531,0.0703125,0.046875,0.109375,0.109375,0.1328125,0.0078125,0.0703125,0.0546875,0.3125,0.0859375,0.953125
62,UNO,63.0,UNO,UNO,78355.46875,2117.54248046875,0.8286134004592896,4.186055946320266e-08,37694.26953125,-345868.0,33338.2890625,50705.95703125,-0.0002045985311269,0.0453122854232788,0.9546877145767212,0.0194599170063156,0.0703125,0.0390625,0.109375,0.109375,0.1328125,0.0078125,0.0703125,0.0546875,0.3125,0.09375,0.9609375
63,UNO,64.0,UNO,UNO,77716.203125,2116.9755859375,0.8168241381645203,0.0003982945927418,37805.453125,-33968168.0,33458.4453125,50870.26171875,-0.0199573189020156,0.0445374473929405,0.9554625749588012,0.0189342920202761,0.0703125,0.0390625,0.109375,0.109375,0.1328125,0.0078125,0.0625,0.0546875,0.3203125,0.09375,0.9609375
64,UNO,65.0,UNO,UNO,77243.171875,2116.796630859375,0.8055539131164551,0.0004135154304094,37407.51171875,33351784.0,32155.5234375,51005.5859375,0.0203350782394409,0.0437913686037063,0.9562086462974548,0.0179642089933622,0.0703125,0.0390625,0.109375,0.1015625,0.1328125,0.0078125,0.0625,0.0546875,0.328125,0.09375,0.9609375
65,UNO,66.0,UNO,UNO,76582.0625,2115.945556640625,0.7946100234985352,1.2490759218053429e-06,36589.65625,-1688068.0,29406.720703125,51362.6015625,-0.0011176206171512,0.0430698432028293,0.9569301605224608,0.0170626670005731,0.0703125,0.0390625,0.109375,0.1015625,0.140625,0.0078125,0.0625,0.0546875,0.3203125,0.09375,0.9609375
66,UNO,67.0,UNO,UNO,76146.875,2115.108154296875,0.7842639088630676,0.0003915178240276,36667.90234375,30180534.0,30093.353515625,50685.14453125,0.0197868086397647,0.0423913486301898,0.9576086401939392,0.0198550409986637,0.078125,0.0390625,0.1015625,0.1015625,0.140625,0.0078125,0.0625,0.0546875,0.3203125,0.09375,0.9609375
67,UNO,68.0,UNO,UNO,75759.3125,2113.9619140625,0.7747176885604858,0.0002561370201874,36286.4609375,24600606.0,30023.890625,51196.78515625,0.0160042811185121,0.041761077940464,0.9582388997077942,0.0183388750010635,0.0859375,0.0390625,0.1015625,0.1015625,0.140625,0.015625,0.0546875,0.046875,0.3125,0.1015625,0.9609375
68,UNO,69.0,UNO,UNO,75306.03125,2112.8720703125,0.7653635740280151,0.001297291717492,37088.03125,-55344288.0,30428.517578125,50497.90234375,-0.0360179357230663,0.0411450564861297,0.958854913711548,0.0192710840201471,0.0859375,0.0390625,0.1015625,0.109375,0.1328125,0.015625,0.0546875,0.046875,0.3046875,0.109375,0.9609375
69,UNO,70.0,UNO,UNO,74838.96875,2111.918701171875,0.7563452124595642,0.0002981808793265,35786.80859375,-24967024.0,28810.400390625,50185.42578125,-0.0172679144889116,0.0405462048947811,0.959453821182251,0.0184271659818477,0.0859375,0.0390625,0.1015625,0.109375,0.1328125,0.015625,0.0625,0.046875,0.296875,0.109375,0.9609375
70,UNO,71.0,UNO,UNO,74622.828125,2111.08984375,0.7474892139434814,0.001249186694622,36489.90234375,-51083508.0,28696.84375,50365.47265625,-0.0353438332676887,0.0399562120437622,0.9600437879562378,0.0177007079764734,0.0859375,0.0390625,0.1015625,0.109375,0.1328125,0.015625,0.0625,0.0390625,0.296875,0.1171875,0.9609375
71,UNO,72.0,UNO,UNO,74217.328125,2110.9580078125,0.7388284802436829,0.0017074756324291,36620.6015625,59511056.0,28384.00390625,50739.55859375,0.041321612894535,0.0393818393349647,0.9606181383132936,0.0160928329860325,0.0859375,0.0390625,0.1015625,0.109375,0.1328125,0.015625,0.0546875,0.0390625,0.3046875,0.1171875,0.9609375
72,UNO,73.0,UNO,UNO,74123.109375,2112.398193359375,0.7314867973327637,0.0005238068988546,35272.69921875,31248206.0,26414.71875,51688.4609375,0.0228868275880813,0.0388846024870872,0.9611154198646544,0.0174707089900039,0.0859375,0.0390625,0.1015625,0.109375,0.1328125,0.015625,0.0546875,0.0390625,0.3046875,0.1171875,0.9609375
73,UNO,74.0,UNO,UNO,73642.3515625,2113.46923828125,0.7249325513839722,0.0002035226789303,34706.74609375,19917890.0,27797.517578125,50226.28125,0.0142661370337009,0.0384402871131897,0.9615597128868104,0.0174628339882474,0.0859375,0.0234375,0.1015625,0.109375,0.1328125,0.015625,0.0546875,0.0390625,0.3203125,0.1171875,0.9765625
74,UNO,75.0,UNO,UNO,73192.28125,2114.34130859375,0.7190176844596863,2.8403709606550365e-08,34342.30859375,-235112.0,27657.798828125,50440.6328125,-0.0001685339957475,0.0380379445850849,0.9619620442390442,0.0180152080138213,0.0859375,0.0234375,0.1015625,0.109375,0.1328125,0.015625,0.0625,0.0390625,0.3125,0.1171875,0.9765625
75,UNO,76.0,UNO,UNO,72907.375,2115.10498046875,0.7133966088294983,0.0002560712746344,34390.828125,-21806470.0,27617.607421875,49342.23046875,-0.0160022266209125,0.0376555807888507,0.9623444080352784,0.0160900840128306,0.0859375,0.03125,0.1015625,0.109375,0.1328125,0.015625,0.0625,0.0390625,0.3046875,0.1171875,0.96875
76,UNO,77.0,UNO,UNO,72872.5390625,2115.86474609375,0.708153247833252,0.000723943056073,34769.953125,-37785080.0,27975.314453125,50198.7578125,-0.0269061885774135,0.0372959896922111,0.9627040028572084,0.0163670409820042,0.0859375,0.03125,0.1015625,0.109375,0.1328125,0.015625,0.0625,0.0390625,0.3046875,0.1171875,0.96875
77,UNO,78.0,UNO,UNO,72556.171875,2116.816650390625,0.7029014825820923,0.0007291600923053,34496.890625,-36509984.0,27012.705078125,50053.2265625,-0.027002964168787,0.036932572722435,0.9630674123764038,0.0168609580141492,0.0859375,0.03125,0.1015625,0.109375,0.1328125,0.015625,0.0625,0.0390625,0.3046875,0.1171875,0.96875
78,UNO,79.0,UNO,UNO,72245.6171875,2117.7451171875,0.6978755593299866,5.359998976928182e-05,33574.12109375,-9951330.0,26655.58984375,50993.05078125,-0.0073212012648582,0.0365806445479393,0.9634193778038024,0.016860000003362,0.0859375,0.03125,0.1015625,0.109375,0.1328125,0.015625,0.0546875,0.0390625,0.3125,0.1171875,0.96875
79,UNO,80.0,UNO,UNO,72264.671875,2118.521728515625,0.6928454637527466,0.0001672333310125,33582.2109375,18164702.0,27624.263671875,50848.26171875,0.0129318721592426,0.036228634417057,0.9637713432312012,0.0149532500072382,0.0859375,0.03125,0.1015625,0.109375,0.1328125,0.015625,0.0546875,0.0390625,0.3125,0.1171875,0.96875
80,UNO,81.0,UNO,UNO,72113.546875,2118.99462890625,0.6884109973907471,0.0022962447255849,35544.3984375,64620864.0,26846.31640625,50231.83203125,0.0479191467165946,0.0359231047332286,0.9640768766403198,0.0164065409917384,0.0859375,0.03125,0.109375,0.09375,0.1328125,0.015625,0.0546875,0.0390625,0.3203125,0.1171875,0.96875
81,UNO,82.0,UNO,UNO,71754.6171875,2119.67626953125,0.6857854127883911,0.0031038038432598,36133.80859375,75959648.0,27001.01953125,50495.84765625,0.0557117909193038,0.0357447974383831,0.9642552137374878,0.0155750000267289,0.0859375,0.03125,0.109375,0.09375,0.1328125,0.015625,0.0546875,0.0390625,0.3203125,0.1171875,0.96875
82,UNO,83.0,UNO,UNO,71266.390625,2121.741455078125,0.6851736307144165,0.0001283197052543,33009.88671875,-14550974.0,25472.009765625,50429.2265625,-0.0113278282806277,0.0357126593589782,0.9642873406410216,0.0153775840008165,0.0859375,0.0390625,0.109375,0.09375,0.125,0.015625,0.0546875,0.0390625,0.3125,0.125,0.9609375
83,UNO,84.0,UNO,UNO,70921.1328125,2123.59765625,0.6842629313468933,0.0022640766110271,35171.98828125,-63935204.0,26998.662109375,49768.23046875,-0.0475823134183883,0.035659160465002,0.96434086561203,0.0155185000039637,0.0859375,0.0390625,0.1015625,0.1015625,0.125,0.015625,0.0625,0.0390625,0.3046875,0.125,0.9609375
84,UNO,85.0,UNO,UNO,70994.609375,2125.349609375,0.6841272115707397,0.0021640225313603,34995.015625,-66402888.0,28317.77734375,50407.73046875,-0.0465190522372722,0.0356404222548007,0.9643595814704896,0.0154890420089941,0.0859375,0.0390625,0.109375,0.09375,0.125,0.015625,0.0625,0.0390625,0.3046875,0.125,0.9609375
85,UNO,86.0,UNO,UNO,70671.6015625,2126.41064453125,0.6839590072631836,0.0011685312492772,33765.50390625,-45143872.0,26199.779296875,50405.8515625,-0.0341837853193283,0.0356108695268631,0.964389145374298,0.0164372080180328,0.0859375,0.0390625,0.109375,0.09375,0.125,0.015625,0.0546875,0.046875,0.3125,0.1171875,0.9609375
86,UNO,87.0,UNO,UNO,70749.5,2127.65625,0.6828687787055969,0.0002010468597291,32737.521484375,-19169852.0,26195.263671875,51611.58203125,-0.0141790993511676,0.0355057716369628,0.9644942283630372,0.0174517910054419,0.0859375,0.0390625,0.109375,0.09375,0.125,0.015625,0.0546875,0.046875,0.3046875,0.125,0.9609375
87,UNO,88.0,UNO,UNO,70974.9921875,2128.84375,0.6811720728874207,0.0004347258654888,32956.0390625,29077318.0,26671.984375,52286.703125,0.0208500809967517,0.0353556312620639,0.9646443724632264,0.0163370420050341,0.0859375,0.0390625,0.109375,0.09375,0.125,0.015625,0.0546875,0.046875,0.3046875,0.125,0.9609375
88,UNO,89.0,UNO,UNO,71091.6875,2129.0478515625,0.679789662361145,0.0004697900731116,33001.7578125,30952856.0,27031.8359375,52829.125,0.0216746404767036,0.0352458767592906,0.9647541046142578,0.0159429160121362,0.0859375,0.03125,0.109375,0.09375,0.125,0.015625,0.0546875,0.046875,0.3125,0.125,0.96875
89,UNO,90.0,UNO,UNO,70909.578125,2129.231689453125,0.678696870803833,0.0019346695626154,34282.359375,60240124.0,25857.564453125,52965.71484375,0.0439848788082599,0.0351746007800102,0.9648253917694092,0.0161889170121867,0.0859375,0.03125,0.109375,0.09375,0.125,0.015625,0.0546875,0.0546875,0.3125,0.1171875,0.96875
90,UNO,91.0,UNO,UNO,70771.5859375,2128.69384765625,0.6788234114646912,0.0002851275494322,32701.017578125,25442042.0,28212.390625,53406.2734375,0.016885720193386,0.0352267809212207,0.9647732377052308,0.0161905839922837,0.0859375,0.03125,0.109375,0.09375,0.125,0.015625,0.0546875,0.0546875,0.3125,0.1171875,0.96875
91,UNO,92.0,UNO,UNO,70318.796875,2128.435791015625,0.6793413162231445,0.0008081397390924,32943.265625,39166200.0,26224.998046875,52535.4765625,0.0284277983009815,0.0353155359625816,0.9646844863891602,0.0159040830039884,0.0859375,0.03125,0.109375,0.09375,0.125,0.015625,0.0546875,0.0546875,0.3125,0.1171875,0.96875
92,UNO,93.0,UNO,UNO,70113.84375,2127.94580078125,0.6797634959220886,0.0001176483710878,32163.458984375,14678230.0,25796.046875,52459.94140625,0.0108465831726789,0.035416767001152,0.9645832180976868,0.0158868750149849,0.0859375,0.03125,0.109375,0.09375,0.125,0.015625,0.0546875,0.046875,0.3125,0.125,0.96875
93,UNO,94.0,UNO,UNO,69841.2578125,2127.25439453125,0.6803014278411865,0.0003251045418437,32443.689453125,-26293268.0,27991.783203125,52095.77734375,-0.0180306546390056,0.0355249978601932,0.9644749760627748,0.0154805839993059,0.0859375,0.03125,0.109375,0.09375,0.125,0.015625,0.0546875,0.046875,0.3125,0.125,0.96875
94,UNO,95.0,UNO,UNO,69766.4921875,2126.6826171875,0.6811153888702393,0.0002918498357757,32497.498046875,-27543208.0,30857.564453125,52248.4140625,-0.0170836132019758,0.0356346927583217,0.964365303516388,0.0159473340027034,0.0859375,0.03125,0.109375,0.09375,0.125,0.015625,0.0546875,0.046875,0.3125,0.125,0.96875
95,UNO,96.0,UNO,UNO,69580.828125,2126.35205078125,0.6822614073753357,0.0022192907053977,34215.51171875,-72625768.0,29788.921875,51752.20703125,-0.0471093468368053,0.0357566028833389,0.9642434120178224,0.0162586249934975,0.0859375,0.03125,0.109375,0.09375,0.125,0.015625,0.0546875,0.046875,0.3125,0.125,0.96875
96,UNO,97.0,UNO,UNO,69337.2421875,2126.260009765625,0.6834461092948914,0.0006393100484274,32624.390625,-37450288.0,28578.0703125,51828.2421875,-0.0252845808863639,0.0358529612421989,0.9641470313072203,0.0157718750124331,0.0859375,0.03125,0.109375,0.09375,0.125,0.015625,0.0546875,0.046875,0.3125,0.125,0.96875
97,UNO,98.0,UNO,UNO,69518.296875,2126.121826171875,0.684523344039917,1.0264191132591804e-06,32108.482421875,-1514038.0,28566.990234375,52313.09765625,-0.0010131234303116,0.0359325148165226,0.9640674591064452,0.0162414580117911,0.0859375,0.03125,0.109375,0.09375,0.125,0.015625,0.0546875,0.0546875,0.3125,0.1171875,0.96875
98,UNO,99.0,UNO,UNO,69489.3515625,2125.985107421875,0.6858518123626709,0.0001645131269469,32178.11328125,20763696.0,30696.134765625,52737.63671875,0.0128262666985392,0.0360291190445423,0.9639708995819092,0.0165384169958997,0.09375,0.03125,0.109375,0.09375,0.125,0.015625,0.046875,0.0625,0.3125,0.109375,0.96875
99,UNO,100.0,UNO,UNO,69341.21875,2125.82373046875,0.6873545050621033,6.389612826751545e-05,31809.228515625,11368398.0,26709.37890625,53247.37890625,0.0079935053363442,0.0361398011445999,0.9638602137565612,0.016352916980395,0.09375,0.03125,0.109375,0.09375,0.125,0.015625,0.046875,0.0625,0.3125,0.109375,0.96875
100,UNO,101.0,UNO,UNO,69144.9375,2125.349609375,0.6888341903686523,2.9588986194539757e-07,31614.828125,838960.0,28802.896484375,53547.68359375,0.0005439575761556,0.0362523570656776,0.9637476205825806,0.0169689170143101,0.1015625,0.03125,0.109375,0.09375,0.125,0.0078125,0.046875,0.0625,0.3125,0.109375,0.96875
101,UNO,102.0,UNO,UNO,69379.421875,2124.723388671875,0.690449595451355,5.794654862256721e-05,31903.966796875,12999478.0,32019.591796875,53333.01953125,0.0076122628524899,0.0363763198256492,0.9636237025260924,0.0167466669809073,0.1015625,0.03125,0.109375,0.09375,0.125,0.0078125,0.046875,0.0625,0.3125,0.109375,0.96875
102,UNO,103.0,UNO,UNO,69352.21875,2124.030517578125,0.6920056343078613,0.0001172942866105,31862.306640625,18741636.0,31918.76171875,54215.45703125,0.0108302487060427,0.0365027822554111,0.9634972214698792,0.0159090000088326,0.1015625,0.03125,0.109375,0.09375,0.125,0.0078125,0.046875,0.0625,0.3125,0.109375,0.96875
103,UNO,104.0,UNO,UNO,68877.40625,2123.3603515625,0.6934753060340881,0.0003765319706872,31799.7734375,28405444.0,27213.529296875,53791.75390625,0.0194044318050146,0.0366267152130603,0.9633733034133912,0.0331624579848721,0.1015625,0.03125,0.109375,0.09375,0.125,0.0078125,0.046875,0.0625,0.3125,0.109375,0.96875
104,UNO,105.0,UNO,UNO,68507.78125,2122.87646484375,0.6947981119155884,0.0006374314543791,31883.71484375,34366056.0,25357.341796875,53679.60546875,0.0252474043518304,0.0367518663406372,0.9632481336593628,0.0183702910144347,0.1015625,0.03125,0.109375,0.09375,0.125,0.0078125,0.046875,0.0625,0.3125,0.109375,0.96875
105,UNO,106.0,UNO,UNO,68511.078125,2122.957763671875,0.695642352104187,0.0002219239831902,31560.69140625,-24983034.0,31301.5078125,53576.9296875,-0.0148971127346158,0.0368481501936912,0.9631518721580504,0.017299750004895,0.1015625,0.0390625,0.109375,0.1015625,0.1171875,0.0078125,0.046875,0.0546875,0.296875,0.125,0.9609375
106,UNO,107.0,UNO,UNO,68189.078125,2122.988037109375,0.6961483359336853,0.0002132564841303,31452.72265625,21850142.0,28037.419921875,53366.05078125,0.0146033037453889,0.0369185209274292,0.9630814790725708,0.0177385419956408,0.1015625,0.0390625,0.1171875,0.09375,0.1171875,0.0078125,0.046875,0.0546875,0.296875,0.125,0.9609375
107,UNO,108.0,UNO,UNO,68068.0546875,2122.95263671875,0.6964933276176453,0.0015138335293158,32820.96875,-62398584.0,30536.59765625,52518.82421875,-0.0389080122113227,0.0369770377874374,0.9630229473114014,0.0173111660114955,0.1015625,0.0390625,0.1171875,0.09375,0.1171875,0.0078125,0.046875,0.046875,0.296875,0.1328125,0.9609375
108,UNO,109.0,UNO,UNO,67782.8828125,2123.4462890625,0.6951490640640259,0.0001380782487103,31278.359375,-16888310.0,27535.068359375,52196.015625,-0.0117506701499223,0.0369193889200687,0.9630805850028992,0.0166239170066546,0.1015625,0.0390625,0.1171875,0.09375,0.1171875,0.0078125,0.046875,0.046875,0.296875,0.1328125,0.9609375
109,UNO,110.0,UNO,UNO,67589.90625,2123.7158203125,0.6939167976379395,0.000551541801542,31547.6484375,-35113212.0,28684.8984375,52122.83203125,-0.0234849266707897,0.036866120994091,0.9631338715553284,0.0171160830068402,0.1015625,0.0390625,0.1171875,0.09375,0.1171875,0.0078125,0.046875,0.046875,0.296875,0.1328125,0.9609375
110,UNO,111.0,UNO,UNO,67518.828125,2123.50146484375,0.692186713218689,0.000262252491666,31150.337890625,-24424368.0,28551.888671875,52823.67578125,-0.0161942113190889,0.0367848202586174,0.963215172290802,0.0167342920030932,0.109375,0.0390625,0.1171875,0.09375,0.1171875,0.0078125,0.0390625,0.046875,0.296875,0.1328125,0.9609375
111,UNO,112.0,UNO,UNO,67581.421875,2123.30615234375,0.6902607679367065,2.6955049747812154e-07,30826.890625,-762458.0,27731.619140625,52956.86328125,-0.0005191825330257,0.0366941280663013,0.96330589056015,0.0154844999779015,0.109375,0.0390625,0.1171875,0.09375,0.1171875,0.0078125,0.0390625,0.0546875,0.296875,0.125,0.9609375
112,UNO,113.0,UNO,UNO,67618.9375,2123.029296875,0.6884837746620178,0.001417095423676,32180.705078125,52540072.0,26224.9921875,53220.109375,0.0376443266868591,0.0366116575896739,0.9633883237838744,0.0163701249985024,0.109375,0.0390625,0.1171875,0.09375,0.1171875,0.0078125,0.046875,0.0625,0.2890625,0.1171875,0.9609375
113,UNO,114.0,UNO,UNO,67605.3984375,2123.88134765625,0.687525749206543,0.0022329562343657,33025.91015625,68928000.0,27047.4375,53929.8828125,0.047254167497158,0.0365731865167617,0.9634268283843994,0.0166096669854596,0.109375,0.0390625,0.1171875,0.09375,0.1171875,0.0078125,0.046875,0.0625,0.2890625,0.1171875,0.9609375
114,UNO,115.0,UNO,UNO,67195.2109375,2125.528564453125,0.6869227886199951,0.0002099158155033,30809.296875,-19525584.0,25491.80859375,52866.50390625,-0.0144884716719388,0.0365360453724861,0.9634639620780944,0.0154679589904844,0.109375,0.0390625,0.1171875,0.09375,0.1171875,0.0078125,0.046875,0.0546875,0.2890625,0.125,0.9609375
115,UNO,116.0,UNO,UNO,67175.46875,2127.142578125,0.6853153705596924,0.0007832801202312,31450.9453125,-44734176.0,30014.296875,53254.06640625,-0.027987141162157,0.0364299118518829,0.9635701179504396,0.0161842920060735,0.109375,0.0390625,0.1171875,0.09375,0.1171875,0.0078125,0.046875,0.046875,0.2890625,0.1328125,0.9609375
116,UNO,117.0,UNO,UNO,67084.7265625,2128.84521484375,0.6828593015670776,0.0006017768755555,31304.57421875,-39285804.0,30499.427734375,52508.08203125,-0.0245311409235,0.0362674966454505,0.9637324810028076,0.0166808750072959,0.109375,0.0390625,0.1171875,0.09375,0.1171875,0.0078125,0.046875,0.046875,0.2890625,0.1328125,0.9609375
117,UNO,118.0,UNO,UNO,67004.15625,2130.120849609375,0.6800851225852966,0.0003790485206991,31136.392578125,-31798212.0,31176.490234375,52387.5390625,-0.0194691680371761,0.0360904298722744,0.9639095664024352,0.0142924170067999,0.109375,0.0390625,0.1171875,0.09375,0.1171875,0.0078125,0.046875,0.046875,0.2890625,0.1328125,0.9609375
118,UNO,119.0,UNO,UNO,66977.6875,2131.57275390625,0.6769475936889648,9.432157821720466e-05,30697.173828125,16132592.0,31381.515625,52932.7734375,0.0097119295969605,0.0358930677175521,0.9641069173812866,0.0145130419987253,0.109375,0.0390625,0.1171875,0.09375,0.1171875,0.0078125,0.046875,0.046875,0.2890625,0.1328125,0.9609375
119,UNO,120.0,UNO,UNO,66939.546875,2132.874267578125,0.6746889352798462,4.023509245598689e-05,30545.310546875,10557637.0,30908.830078125,53849.51953125,0.0063431137241423,0.0357560403645038,0.9642439484596252,0.0144719169766176,0.109375,0.0390625,0.1171875,0.09375,0.1171875,0.0078125,0.046875,0.0546875,0.2890625,0.125,0.9609375
120,UNO,121.0,UNO,UNO,66812.1796875,2133.855712890625,0.6732896566390991,1.25097776617622e-05,30460.068359375,-5985764.0,31549.70703125,53641.35546875,-0.0035369163379073,0.035678744316101,0.9643212556838988,0.0145876670139841,0.109375,0.0390625,0.1171875,0.09375,0.1171875,0.0078125,0.046875,0.0546875,0.2890625,0.125,0.9609375
121,UNO,122.0,UNO,UNO,66935.625,2134.701904296875,0.6722928285598755,2.2378580979420803e-05,30367.087890625,8109995.0,31607.09375,54240.0390625,0.0047306003980338,0.035631887614727,0.9643681049346924,0.0142056249896995,0.109375,0.0390625,0.1171875,0.09375,0.1171875,0.0078125,0.046875,0.0546875,0.2890625,0.125,0.9609375
122,UNO,123.0,UNO,UNO,66597.765625,2135.3251953125,0.6719412207603455,0.0001890051935333,30480.580078125,23034896.0,31434.88671875,53301.265625,0.0137479156255722,0.0356288328766822,0.964371144771576,0.0149847080174367,0.109375,0.0390625,0.1171875,0.09375,0.1171875,0.0078125,0.046875,0.0546875,0.2890625,0.125,0.9609375
123,UNO,124.0,UNO,UNO,66571.15625,2135.58447265625,0.672460675239563,3.858623642827297e-07,30153.69921875,-1029144.0,30820.955078125,53754.80078125,-0.0006211781874299,0.0356809012591838,0.964319109916687,0.0140815420018043,0.109375,0.0390625,0.1171875,0.09375,0.1171875,0.0078125,0.046875,0.0546875,0.2890625,0.125,0.9609375
124,UNO,125.0,UNO,UNO,66414.796875,2135.67822265625,0.6734291315078735,0.0007664338918402,30737.138671875,46501808.0,31175.025390625,53879.765625,0.0276845414191484,0.0357659980654716,0.9642339944839478,0.0143454580102115,0.109375,0.0390625,0.1171875,0.09375,0.1171875,0.0078125,0.046875,0.0546875,0.2890625,0.125,0.9609375
125,UNO,126.0,UNO,UNO,66394.15625,2135.528076171875,0.6755639910697937,0.0003671320446301,30419.921875,28269140.0,27657.037109375,53345.26171875,0.0191606897860765,0.0359196923673152,0.9640803337097168,0.015898458979791,0.109375,0.0390625,0.1171875,0.09375,0.1171875,0.0078125,0.046875,0.046875,0.2890625,0.1328125,0.9609375
126,UNO,127.0,UNO,UNO,66041.5625,2135.380615234375,0.6789682507514954,6.432492227759212e-05,29996.865234375,12474587.0,29498.330078125,52727.71484375,0.008020281791687,0.0361486412584781,0.9638513326644896,0.0158702500048093,0.109375,0.0390625,0.1171875,0.09375,0.1015625,0.0078125,0.046875,0.046875,0.2890625,0.1484375,0.9609375
127,UNO,128.0,UNO,UNO,65815.4453125,2135.0634765625,0.6826654672622681,0.00107667746488,30872.416015625,-48749856.0,28164.615234375,52750.5234375,-0.032812763005495,0.0363950207829475,0.9636049866676332,0.0160461660125292,0.109375,0.0390625,0.1171875,0.09375,0.1015625,0.0078125,0.046875,0.046875,0.2890625,0.1484375,0.9609375
128,UNO,129.0,UNO,UNO,65635.40625,2135.4189453125,0.6850714087486267,0.0013320693979039,30993.36328125,-55001084.0,28561.318359375,52763.00390625,-0.0364975258708,0.0365682542324066,0.963431715965271,0.01743679199717,0.109375,0.0390625,0.1171875,0.09375,0.1015625,0.0078125,0.046875,0.046875,0.2890625,0.1484375,0.9609375
129,UNO,130.0,UNO,UNO,65725.859375,2136.731689453125,0.6864868998527527,0.0003768867754843,30045.65234375,-29535004.0,28428.279296875,53515.66796875,-0.0194135718047618,0.0366803333163261,0.9633196592330932,0.0157940000062808,0.109375,0.0390625,0.1171875,0.09375,0.1015625,0.0078125,0.046875,0.046875,0.2890625,0.1484375,0.9609375
130,UNO,131.0,UNO,UNO,65592.546875,2137.94580078125,0.6872565746307373,9.42497354117222e-05,29746.9609375,13784350.0,27118.05859375,52358.58203125,0.0097082303836941,0.0367538779973983,0.9632461071014404,0.0165980829915497,0.109375,0.0390625,0.1171875,0.09375,0.1015625,0.0078125,0.046875,0.046875,0.2890625,0.1484375,0.9609375
131,UNO,132.0,UNO,UNO,65637.5703125,2139.02880859375,0.688959002494812,0.0003783956635743,29910.068359375,26757594.0,25522.712890625,53894.81640625,0.0194523949176073,0.0368861965835094,0.9631137847900392,0.0157337919808924,0.109375,0.0390625,0.1171875,0.09375,0.1015625,0.0078125,0.046875,0.046875,0.2890625,0.1484375,0.9609375
132,UNO,133.0,UNO,UNO,65514.265625,2139.347900390625,0.6918833255767822,7.888744585216045e-05,29526.00390625,13091009.0,27805.462890625,53007.70703125,0.0088818604126572,0.0370898395776748,0.9629101753234864,0.0163983330130577,0.109375,0.0390625,0.1171875,0.09375,0.1015625,0.0078125,0.046875,0.046875,0.2890625,0.1484375,0.9609375
133,UNO,134.0,UNO,UNO,65406.234375,2139.48876953125,0.6952722072601318,2.332884650968481e-05,29313.638671875,6587467.0,25766.50390625,52931.75390625,0.0048299944028258,0.0373192727565765,0.9626806974411012,0.0158487090084236,0.109375,0.0390625,0.1171875,0.09375,0.1015625,0.0078125,0.046875,0.046875,0.2890625,0.1484375,0.9609375
134,UNO,135.0,UNO,UNO,65346.8984375,2139.4296875,0.69902104139328,0.0001039125054376,29479.111328125,14219976.0,26040.1328125,53570.0390625,0.0101937483996152,0.0375694707036018,0.9624305367469788,0.0190256659989245,0.109375,0.0390625,0.1171875,0.09375,0.1015625,0.0078125,0.046875,0.046875,0.2890625,0.1484375,0.9609375
135,UNO,136.0,UNO,UNO,65275.25390625,2139.2607421875,0.7033801078796387,2.5733030270203017e-05,29193.8984375,6829483.0,24966.2265625,53924.88671875,0.0050727734342217,0.0378551334142684,0.9621448516845704,0.0166441669862251,0.109375,0.0390625,0.1171875,0.09375,0.1015625,0.0078125,0.046875,0.046875,0.2890625,0.1484375,0.9609375
136,UNO,137.0,UNO,UNO,65113.0,2138.915771484375,0.707966685295105,0.0003307479200884,29513.03125,-25092844.0,26350.6484375,52361.26171875,-0.0181864760816097,0.0381537899374961,0.9618462324142456,0.0164199999999254,0.109375,0.0390625,0.1171875,0.09375,0.1015625,0.0078125,0.046875,0.046875,0.2890625,0.1484375,0.9609375
137,UNO,138.0,UNO,UNO,64950.76953125,2138.74462890625,0.7116925716400146,0.0003139335603918,29435.169921875,-25549648.0,27270.15625,52878.4140625,-0.01771816983819,0.0384102053940296,0.961589813232422,0.0166391249804291,0.109375,0.0390625,0.1171875,0.09375,0.1015625,0.0078125,0.046875,0.046875,0.2890625,0.1484375,0.9609375
138,UNO,139.0,UNO,UNO,64917.2890625,2138.88671875,0.7145851850509644,0.0005051073967479,29487.677734375,-28540084.0,23951.35546875,53019.21875,-0.0224745944142341,0.0386265739798545,0.9613734483718872,0.0146758749906439,0.109375,0.0390625,0.1171875,0.09375,0.1015625,0.0078125,0.046875,0.046875,0.2890625,0.1484375,0.9609375
139,UNO,140.0,UNO,UNO,64656.546875,2139.79443359375,0.7156779170036316,5.690538455382921e-05,28812.138671875,9203407.0,22938.59375,53186.96484375,0.0075435657054185,0.0387362465262413,0.9612637758255004,0.0144848749914672,0.109375,0.0390625,0.1171875,0.09375,0.1015625,0.0078125,0.046875,0.046875,0.2890625,0.1484375,0.9609375
140,UNO,141.0,UNO,UNO,64947.62109375,2140.515869140625,0.7175388932228088,0.0010645426809787,29994.521484375,41788040.0,24017.673828125,53326.07421875,0.0326273292303085,0.0388834998011589,0.9611164927482604,0.0155851669842377,0.109375,0.046875,0.1171875,0.09375,0.1015625,0.0078125,0.0390625,0.046875,0.2890625,0.1484375,0.953125
141,UNO,142.0,UNO,UNO,64668.80859375,2140.71630859375,0.7215939164161682,0.0013295819517225,30043.32421875,42054776.0,21505.99609375,53628.8125,0.0364634320139884,0.0391247682273387,0.9608752131462096,0.014859457995044,0.109375,0.046875,0.1171875,0.09375,0.1015625,0.0078125,0.0390625,0.046875,0.2890625,0.1484375,0.953125
142,UNO,143.0,UNO,UNO,64552.265625,2140.416748046875,0.7263191342353821,3.299959871583269e-06,28724.32421875,2179316.0,22463.57421875,53405.6796875,0.0018165791407227,0.0393836125731468,0.960616409778595,0.0149027500010561,0.109375,0.0390625,0.125,0.09375,0.1015625,0.0078125,0.0390625,0.046875,0.2890625,0.1484375,0.9609375
143,UNO,144.0,UNO,UNO,64392.40625,2140.08984375,0.7310807108879089,4.291180084692314e-05,28794.11328125,-7790023.0,22346.109375,53216.72265625,-0.0065507097169756,0.0396513864398002,0.9603486061096193,0.0190016250126063,0.109375,0.0390625,0.125,0.09375,0.09375,0.0078125,0.0390625,0.046875,0.2890625,0.15625,0.9609375
144,UNO,145.0,UNO,UNO,64146.6796875,2139.64453125,0.735517680644989,0.0020110243931412,30614.140625,-63705764.0,26813.611328125,52980.33203125,-0.0448444448411464,0.039908118546009,0.9600918889045716,0.0233660420053638,0.109375,0.0390625,0.125,0.09375,0.09375,0.0078125,0.0390625,0.046875,0.2890625,0.15625,0.9609375
145,UNO,146.0,UNO,UNO,64202.34375,2140.068359375,0.7378100156784058,0.0026319557800889,31237.73828125,-73191120.0,27086.623046875,52670.09765625,-0.0513025894761085,0.0400689914822578,0.9599310159683228,0.0160378750006202,0.109375,0.0390625,0.125,0.09375,0.09375,0.0078125,0.0390625,0.046875,0.2890625,0.15625,0.9609375
146,UNO,147.0,UNO,UNO,64552.9375,2141.36669921875,0.73831707239151,0.0007771376986056,29468.4609375,-40536412.0,26715.5703125,54429.1875,-0.0278771892189979,0.0401295460760593,0.959870457649231,0.016800040990347,0.109375,0.0390625,0.1328125,0.09375,0.1015625,0.0078125,0.0390625,0.046875,0.28125,0.1484375,0.9609375
147,UNO,148.0,UNO,UNO,64658.1484375,2142.88916015625,0.7391489744186401,4.6149718400556594e-05,28628.037109375,8864398.0,23468.90625,55599.609375,0.0067933583632111,0.0402121692895889,0.9597878456115724,0.0155640419980045,0.109375,0.0390625,0.140625,0.0859375,0.1015625,0.0078125,0.0390625,0.046875,0.28125,0.1484375,0.9609375
148,UNO,149.0,UNO,UNO,64772.01171875,2144.23095703125,0.7407234311103821,0.002015751088038,30585.5,58987816.0,23650.02734375,55553.59765625,0.0448971167206764,0.0403315834701061,0.9596683979034424,0.0152100000123027,0.109375,0.0390625,0.140625,0.0859375,0.109375,0.0078125,0.0390625,0.0546875,0.28125,0.1328125,0.9609375
149,UNO,150.0,UNO,UNO,64975.83984375,2146.1923828125,0.7446886301040649,0.003861527191475,32547.70703125,95956752.0,27398.404296875,56359.96875,0.0621411874890327,0.0405845530331134,0.9594154357910156,0.0154195419745519,0.109375,0.0390625,0.140625,0.0859375,0.1171875,0.0078125,0.0390625,0.0625,0.28125,0.1171875,0.9609375
150,UNO,,None (final state),UNO,64856.69921875,2148.09716796875,0.7484985589981079,0.0002542960864957,29085.212890625,27092122.0,30397.958984375,55889.30859375,0.0159466639161109,0.0407991223037242,0.9592008590698242,0.0081132499908562,0.109375,0.0390625,0.140625,0.0859375,0.1015625,0.0078125,0.0390625,0.0625,0.28125,0.1328125,0.9609375
0,None (initial state),1.0,UNO,UNO-S,46600.5625,1469.882080078125,0.7663294076919556,0.0019161048112437,24286.611328125,79781264.0,19648.888671875,92758.421875,0.0437733344733715,0.0458831973373889,0.9541168212890624,0.0251952499966137,0.078125,0.0625,0.1015625,0.1328125,0.09375,0.015625,0.125,0.0703125,0.2109375,0.109375,0.9375
1,UNO,2.0,S,UNO-S,46956.1171875,1485.852294921875,0.8803945779800415,0.0507768429815769,24940.642578125,-737947264.0,74654.6171875,43866.78515625,-0.2253371775150299,0.0545065589249134,0.945493459701538,0.0114914999867323,0.078125,0.0625,0.1015625,0.140625,0.109375,0.015625,0.125,0.0703125,0.203125,0.09375,0.9375
2,S,3.0,UNO,UNO-S,51028.3125,1503.8975830078125,0.954055666923523,0.0399593450129032,69013.09375,1131522304.0,109836.2109375,51535.73046875,0.1998983323574066,0.0594444572925567,0.9405555725097656,0.0219216670084279,0.078125,0.0625,0.1015625,0.140625,0.125,0.0234375,0.125,0.0625,0.1796875,0.1015625,0.9375
3,UNO,4.0,S,UNO-S,52367.23046875,1518.5118408203125,0.9497393369674684,0.2952910363674164,28842.03515625,-4423868416.0,103660.765625,78534.890625,-0.5434068441390991,0.0589170940220356,0.9410828948020936,0.0106517919921316,0.078125,0.0625,0.1015625,0.1484375,0.125,0.015625,0.125,0.0625,0.1796875,0.1015625,0.9375
4,S,5.0,UNO,UNO-S,56089.9140625,1536.12060546875,0.9423476457595824,0.2774073481559753,306192.5,-5597318144.0,96639.8515625,109967.625,-0.5266947150230408,0.058105856180191,0.9418941736221312,0.0195197080029174,0.078125,0.0625,0.1015625,0.140625,0.125,0.015625,0.125,0.0625,0.1875,0.1015625,0.9375
5,UNO,6.0,S,UNO-S,60116.38671875,1551.988037109375,0.933742880821228,0.160558745265007,29295.23828125,-4469493248.0,100894.25,110554.09375,-0.4006978273391723,0.057499561458826,0.9425004124641418,0.0119256250036414,0.078125,0.0625,0.1015625,0.140625,0.125,0.015625,0.125,0.0703125,0.1875,0.09375,0.9375
6,S,7.0,UNO,UNO-S,64179.65625,1569.830078125,0.9192434549331664,0.1210322529077529,151169.65625,-3437690880.0,97051.0859375,101815.9609375,-0.3478969037532806,0.0564135015010833,0.9435864686965942,0.0170750829856842,0.0859375,0.0625,0.1015625,0.140625,0.125,0.015625,0.1171875,0.0703125,0.1875,0.09375,0.9375
7,UNO,8.0,S,UNO-S,68813.4375,1591.33642578125,0.8891619443893433,0.0573910176753997,31539.919921875,-2637972992.0,108287.6640625,101687.9375,-0.2395642250776291,0.0541530102491378,0.9458469748497008,0.0121114170178771,0.0859375,0.0625,0.1015625,0.1171875,0.140625,0.0234375,0.1171875,0.0703125,0.203125,0.078125,0.9375
8,S,9.0,UNO,UNO-S,72934.359375,1613.56884765625,0.8575706481933594,0.0372484661638736,70014.109375,-1969498880.0,102970.734375,99103.21875,-0.1929986178874969,0.0516962856054306,0.9483036994934082,0.0197582910186611,0.0859375,0.0625,0.1015625,0.109375,0.1484375,0.0234375,0.1171875,0.0703125,0.2109375,0.0703125,0.9375
9,UNO,10.0,S,UNO-S,77595.6484375,1636.00439453125,0.8065655827522278,0.0207584016025066,34181.34375,-1416449920.0,107756.8828125,91234.5390625,-0.1440777629613876,0.0478022433817386,0.9521977305412292,0.0115883340185973,0.0859375,0.0625,0.1015625,0.1015625,0.1484375,0.0234375,0.1171875,0.0703125,0.21875,0.0703125,0.9375
10,S,11.0,UNO,UNO-S,82180.890625,1658.451904296875,0.7615399360656738,0.0137123670428991,49300.41796875,-1067547712.0,103356.453125,88205.0546875,-0.1170998141169548,0.0441921800374984,0.9558078050613404,0.0346302090038079,0.0859375,0.0625,0.1015625,0.09375,0.1484375,0.0234375,0.1171875,0.0703125,0.2265625,0.0703125,0.9375
11,UNO,12.0,S,UNO-S,85343.640625,1680.92138671875,0.7157077789306641,0.002931251656264,36932.421875,-482069504.0,103630.96875,85919.859375,-0.0541410334408283,0.0403707772493362,0.959629237651825,0.0107926669879816,0.078125,0.0625,0.1015625,0.0859375,0.15625,0.015625,0.125,0.0703125,0.2421875,0.0625,0.9375
12,S,13.0,UNO,UNO-S,88889.109375,1702.937744140625,0.679923415184021,0.0023842451628297,40853.515625,-457877088.0,105654.046875,88753.875,-0.0488287322223186,0.0371556803584098,0.9628443121910096,0.0159520840097684,0.078125,0.0625,0.1015625,0.078125,0.15625,0.015625,0.125,0.0703125,0.25,0.0625,0.9375
13,UNO,14.0,S,UNO-S,91886.34375,1723.935302734375,0.6459977626800537,0.0028109720442444,39528.16015625,467652768.0,103485.5625,85234.5234375,0.0530185997486114,0.0340392142534256,0.9659608006477356,0.0094710830016992,0.078125,0.046875,0.1015625,0.0546875,0.171875,0.015625,0.125,0.0703125,0.28125,0.0546875,0.953125
14,S,15.0,UNO,UNO-S,94581.7109375,1744.146484375,0.6182674169540405,0.0029014279134571,43481.91796875,517028160.0,107305.625,89451.1328125,0.0538649037480354,0.0313551798462867,0.9686447978019714,0.0162510410009417,0.078125,0.0390625,0.1015625,0.046875,0.171875,0.015625,0.125,0.0703125,0.2890625,0.0625,0.9609375
15,UNO,16.0,S,UNO-S,96858.78125,1763.355224609375,0.6021454334259033,0.0002232934784842,42152.93359375,144055072.0,108053.546875,89217.7734375,0.0149430073797702,0.0295682959258556,0.9704316854476928,0.0102884160005487,0.078125,0.03125,0.1015625,0.046875,0.1796875,0.015625,0.125,0.0703125,0.296875,0.0546875,0.96875
16,S,17.0,UNO,UNO-S,99269.359375,1781.5330810546875,0.5898952484130859,0.0025383736938238,45362.5078125,466682336.0,107848.2734375,85887.5859375,0.050382275134325,0.0281112492084503,0.971888780593872,0.0179758750018663,0.078125,0.03125,0.1015625,0.03125,0.1796875,0.015625,0.125,0.0703125,0.3125,0.0546875,0.96875
17,UNO,18.0,S,UNO-S,100872.453125,1798.723388671875,0.582809329032898,0.0018180730985477,43732.80078125,410959680.0,105990.5,90934.0703125,0.0426388680934906,0.0271463114768266,0.972853660583496,0.0111364579934161,0.078125,0.03125,0.1015625,0.03125,0.171875,0.015625,0.125,0.0703125,0.3203125,0.0546875,0.96875
18,S,19.0,UNO,UNO-S,101124.671875,1814.831298828125,0.5768595337867737,0.002692658919841,46535.7109375,481564352.0,102606.8828125,90445.5390625,0.0518908351659774,0.0263366904109716,0.973663330078125,0.0174937910051085,0.078125,0.03125,0.1015625,0.015625,0.171875,0.0078125,0.125,0.0703125,0.34375,0.0546875,0.96875
19,UNO,20.0,S,UNO-S,102733.15625,1831.2835693359375,0.5753201246261597,0.0006763704586774,44466.72265625,-253340096.0,102238.4296875,95279.0390625,-0.0260071232914924,0.0259676054120063,0.9740324020385742,0.0106572080112528,0.078125,0.03125,0.1015625,0.015625,0.171875,0.0078125,0.125,0.0703125,0.34375,0.0546875,0.96875
20,S,21.0,UNO,UNO-S,103259.4375,1846.51904296875,0.5738599300384521,2.847404539352283e-05,44549.078125,50570528.0,99966.4453125,94802.28125,0.0053361076861619,0.0256687030196189,0.9743313193321228,0.0177892919746227,0.078125,0.03125,0.1015625,0.015625,0.1640625,0.0078125,0.125,0.0703125,0.34375,0.0625,0.96875
21,UNO,22.0,S,UNO-S,103524.515625,1860.617919921875,0.573535144329071,6.211598520167172e-05,44449.265625,75278016.0,98432.8515625,97034.578125,0.0078813694417476,0.0255004353821277,0.9744995832443236,0.0100981670257169,0.078125,0.03125,0.1015625,0.015625,0.1640625,0.0078125,0.125,0.0703125,0.34375,0.0625,0.96875
22,S,23.0,UNO,UNO-S,103881.0078125,1873.50341796875,0.5736508369445801,0.0003473874239716,44782.296875,-181435008.0,98750.0625,98577.1953125,-0.0186383314430713,0.0253905095160007,0.9746094942092896,0.017565916001331,0.078125,0.03125,0.1015625,0.015625,0.1640625,0.0078125,0.125,0.0703125,0.34375,0.0625,0.96875
23,UNO,24.0,S,UNO-S,103574.421875,1884.9298095703125,0.5717092156410217,3.709600059664808e-05,44350.171875,57176672.0,96601.6484375,97178.5390625,0.0060906484723091,0.0251476056873798,0.9748523831367492,0.0089637920027598,0.078125,0.03125,0.1015625,0.015625,0.1640625,0.0078125,0.125,0.0703125,0.34375,0.0625,0.96875
24,S,25.0,UNO,UNO-S,103679.765625,1895.3587646484375,0.5694869756698608,0.0023846421390771,46455.37890625,-468212416.0,94477.8828125,101484.859375,-0.0488327965140342,0.0249270796775817,0.9750729203224182,0.0169574159954208,0.078125,0.03125,0.1015625,0.015625,0.1640625,0.0078125,0.125,0.0703125,0.34375,0.0625,0.96875
25,UNO,26.0,S,UNO-S,103725.8671875,1904.41943359375,0.5598957538604736,0.0003779057587962,43879.35546875,-179421536.0,91155.8125,101250.7578125,-0.019439797848463,0.0241813175380229,0.975818693637848,0.010967125010211,0.078125,0.0234375,0.1015625,0.015625,0.1640625,0.0078125,0.125,0.0703125,0.3515625,0.0625,0.9765625
26,S,27.0,UNO,UNO-S,103874.953125,1912.6510009765625,0.5510096549987793,0.0002810076111927,43965.234375,-153411648.0,89642.3359375,102090.75,-0.0167632810771465,0.0235200021415948,0.9764800071716307,0.0161884580156765,0.078125,0.015625,0.1015625,0.015625,0.1640625,0.0078125,0.125,0.0703125,0.359375,0.0625,0.984375
27,UNO,28.0,S,UNO-S,103123.390625,1920.155029296875,0.5405438542366028,9.462773959967308e-06,43171.50390625,28674048.0,93047.0546875,100179.3125,0.0030761621892452,0.0227596648037433,0.9772403240203856,0.0099445000232663,0.078125,0.015625,0.1015625,0.015625,0.1640625,0.0078125,0.125,0.0703125,0.359375,0.0625,0.984375
28,S,29.0,UNO,UNO-S,103635.9375,1926.94775390625,0.5308184623718262,7.99692134023644e-06,43174.87890625,27245504.0,92463.7421875,104198.8671875,0.0028278827667236,0.0220828112214803,0.9779171943664552,0.0160097920161206,0.078125,0.015625,0.1015625,0.015625,0.1640625,0.0078125,0.125,0.0703125,0.359375,0.0625,0.984375
29,UNO,30.0,S,UNO-S,102342.59375,1933.2318115234375,0.5217963457107544,0.0008141886792145,42366.5,252129248.0,88199.8046875,100182.765625,0.0285339914262294,0.0214919038116931,0.9785081148147584,0.0103243330086115,0.078125,0.015625,0.1015625,0.015625,0.1640625,0.0078125,0.125,0.0703125,0.359375,0.0625,0.984375
30,S,31.0,UNO,UNO-S,102128.5078125,1938.86865234375,0.513312578201294,0.0009704562253318,42939.15234375,268611200.0,88834.375,97063.296875,0.0311521459370851,0.020960995927453,0.9790390133857728,0.0160176249919459,0.078125,0.015625,0.1015625,0.015625,0.1640625,0.0078125,0.125,0.0703125,0.359375,0.0625,0.984375
31,UNO,32.0,S,UNO-S,101452.7421875,1943.9564208984375,0.5092599987983704,0.003297614865005,41488.75,491559552.0,84266.09375,101583.515625,0.0574248619377613,0.0208084844052791,0.9791915416717528,0.0103325410163961,0.078125,0.015625,0.1015625,0.015625,0.1640625,0.0078125,0.125,0.0703125,0.359375,0.0625,0.984375
32,S,33.0,UNO,UNO-S,100909.609375,1948.5440673828125,0.5053690671920776,0.0004756719281431,41417.56640625,177290880.0,83309.9375,97574.3828125,0.0218099039047956,0.0206888597458601,0.9793111681938172,0.0166366670164279,0.078125,0.015625,0.1015625,0.015625,0.1640625,0.0078125,0.125,0.0703125,0.359375,0.0625,0.984375
33,UNO,34.0,S,UNO-S,99821.90625,1952.69091796875,0.5049214959144592,0.0005170690710656,40343.96484375,196455344.0,84246.8203125,102550.1328125,0.02273915335536,0.020861193537712,0.9791387915611268,0.0097686249937396,0.078125,0.015625,0.1015625,0.0234375,0.1640625,0.0078125,0.125,0.0703125,0.359375,0.0546875,0.984375
34,S,35.0,UNO,UNO-S,99154.984375,1956.43212890625,0.5044955611228943,0.000409069325542,40249.98046875,170476992.0,82979.96875,101576.7421875,0.0202254615724086,0.0210513304919004,0.9789486527442932,0.0166232920018956,0.078125,0.015625,0.1015625,0.03125,0.1640625,0.0078125,0.125,0.0703125,0.3515625,0.0546875,0.984375
35,UNO,36.0,S,UNO-S,97842.640625,1959.6396484375,0.5062400102615356,0.000879393715877,39251.08984375,246340768.0,81055.7890625,102485.0859375,0.029654573649168,0.0214489474892616,0.9785510301589966,0.0096284999744966,0.078125,0.015625,0.1015625,0.03125,0.1640625,0.0078125,0.125,0.0703125,0.3515625,0.0546875,0.984375
36,S,37.0,UNO,UNO-S,97080.625,1962.512939453125,0.5064435601234436,0.0018475033575668,40409.14453125,341393440.0,76451.2890625,103890.9453125,0.042982593178749,0.0217353291809558,0.9782646894454956,0.0151017919997684,0.078125,0.015625,0.1015625,0.03125,0.1640625,0.0078125,0.125,0.0703125,0.3515625,0.0546875,0.984375
37,UNO,38.0,S,UNO-S,96197.125,1964.777099609375,0.5127960443496704,0.0003528630768414,38033.37890625,-143765472.0,74586.7421875,102610.046875,-0.018784649670124,0.0225042290985584,0.9774957895278932,0.0099425000080373,0.078125,0.015625,0.1015625,0.0390625,0.1484375,0.0078125,0.125,0.0703125,0.34375,0.0703125,0.984375
38,S,39.0,UNO,UNO-S,95035.625,1966.757568359375,0.5180475115776062,7.035775070107775e-06,37605.46484375,-20179808.0,73689.6953125,103241.515625,-0.0026525035500526,0.0231795590370893,0.976820468902588,0.0160910839913412,0.078125,0.015625,0.1015625,0.0390625,0.1484375,0.0078125,0.125,0.0703125,0.34375,0.0703125,0.984375
39,UNO,40.0,S,UNO-S,94182.0546875,1968.560302734375,0.5215581059455872,0.0005215482669882,37027.43359375,-166251968.0,71814.5234375,101369.453125,-0.0228374302387237,0.0237219110131263,0.9762780666351318,0.0191137499932665,0.078125,0.0234375,0.1015625,0.046875,0.1484375,0.0078125,0.125,0.0703125,0.328125,0.0703125,0.9765625
40,S,41.0,UNO,UNO-S,92997.9921875,1970.129638671875,0.5246230363845825,0.0012356761144474,37710.8984375,-259163760.0,70988.6484375,103856.34375,-0.0351521857082843,0.0242160372436046,0.9757839441299438,0.0152442500111646,0.078125,0.0234375,0.1015625,0.0546875,0.1484375,0.0078125,0.125,0.0703125,0.3203125,0.0703125,0.9765625
41,UNO,42.0,S,UNO-S,92002.9375,1971.0810546875,0.5199568867683411,0.0006581701454706,35907.09765625,-177971392.0,66984.640625,103563.2890625,-0.0256548263132572,0.0240996293723583,0.9759003520011902,0.0088203330233227,0.078125,0.0234375,0.1015625,0.0703125,0.1484375,0.0078125,0.125,0.0703125,0.3046875,0.0703125,0.9765625
42,S,43.0,UNO,UNO-S,91104.875,1971.8612060546875,0.5151923894882202,0.0012343944981694,36610.84375,-240224256.0,66538.390625,102758.4609375,-0.0351339504122734,0.0239638462662696,0.9760361313819884,0.0143698749889153,0.078125,0.0234375,0.1015625,0.0703125,0.140625,0.0078125,0.125,0.0703125,0.3046875,0.078125,0.9765625
43,UNO,44.0,S,UNO-S,90661.8515625,1972.1187744140625,0.5041599869728088,0.0014723694184795,35003.89453125,-255555168.0,65339.72265625,101929.25,-0.0383714661002159,0.0233405400067567,0.9766594767570496,0.0200798329897224,0.078125,0.015625,0.1015625,0.078125,0.1328125,0.0,0.125,0.0703125,0.3125,0.0859375,0.984375
44,S,45.0,UNO,UNO-S,89936.421875,1972.3328857421875,0.494428813457489,0.0007649441249668,35303.08984375,-184629680.0,65496.53125,101922.125,-0.0276576224714517,0.0228073000907897,0.9771926999092102,0.0192763340019155,0.078125,0.015625,0.1015625,0.078125,0.1328125,0.0,0.125,0.0703125,0.3125,0.0859375,0.984375
45,UNO,46.0,S,UNO-S,89222.53125,1972.7933349609375,0.4806442260742187,0.0006001503206789,33839.3203125,154714016.0,62650.71875,100803.0390625,0.0244979653507471,0.0219684764742851,0.9780315160751344,0.0093104580009821,0.078125,0.015625,0.1015625,0.078125,0.1328125,0.0,0.125,0.0703125,0.3125,0.0859375,0.984375
46,S,47.0,UNO,UNO-S,88975.9140625,1973.110107421875,0.4683436155319214,0.001444962224923,35002.3359375,236416992.0,60766.43359375,102349.7578125,0.0380126573145389,0.0212387442588806,0.9787612557411194,0.0159942500176839,0.078125,0.0078125,0.1015625,0.078125,0.125,0.0,0.125,0.0703125,0.328125,0.0859375,0.9921875
47,UNO,48.0,S,UNO-S,88053.671875,1973.3616943359375,0.4640723466873169,0.0024116181302815,33224.171875,294731456.0,60427.1640625,99320.796875,0.0491082295775413,0.0210985727608203,0.9789014458656312,0.0106370830035302,0.078125,0.0078125,0.1015625,0.0859375,0.125,0.0,0.125,0.0703125,0.3203125,0.0859375,0.9921875
48,S,49.0,UNO,UNO-S,86979.453125,1973.6417236328125,0.4598743915557861,0.0039434419013559,36610.1328125,366216448.0,58423.13671875,99819.46875,0.0627968311309814,0.0209491252899169,0.979050874710083,0.0163120419892948,0.078125,0.0078125,0.1015625,0.0859375,0.125,0.0,0.125,0.0703125,0.3203125,0.0859375,0.9921875
49,UNO,50.0,S,UNO-S,86080.359375,1974.3760986328125,0.4674188792705536,0.00031119005871,32197.81640625,97504696.0,54650.29296875,101139.3125,0.0176405794918537,0.0216653868556022,0.9783346056938172,0.0099020000197924,0.078125,0.0078125,0.1015625,0.09375,0.125,0.0,0.125,0.0703125,0.3125,0.0859375,0.9921875
50,S,51.0,UNO,UNO-S,85403.375,1974.9534912109375,0.4749038219451904,0.0003448115021456,32356.591796875,101439408.0,54125.96875,100927.6171875,0.0185691006481647,0.0223447363823652,0.977655291557312,0.0179862910008523,0.078125,0.015625,0.1015625,0.1015625,0.125,0.0078125,0.125,0.0703125,0.2890625,0.0859375,0.984375
51,UNO,52.0,S,UNO-S,84705.140625,1975.59033203125,0.4870911836624145,0.0004699415585491,31767.634765625,-112414744.0,52257.6015625,99231.9765625,-0.0216781347990036,0.0233372636139392,0.9766627550125122,0.0096363750053569,0.0859375,0.015625,0.1015625,0.1015625,0.125,0.0078125,0.1171875,0.0703125,0.2890625,0.0859375,0.984375
52,S,53.0,UNO,UNO-S,83247.890625,1976.231689453125,0.4982638955116272,0.0033154324628412,34720.14453125,-292896512.0,50844.03125,100047.0390625,-0.057579793035984,0.024241778999567,0.9757581949234008,0.0173747919907327,0.0859375,0.015625,0.1015625,0.1015625,0.125,0.0078125,0.1171875,0.0703125,0.2890625,0.0859375,0.984375
53,UNO,54.0,S,UNO-S,82590.203125,1977.7208251953125,0.4957385957241058,0.001586027094163,30867.3828125,-198442400.0,49792.12890625,100073.34375,-0.0398249551653862,0.0241371281445026,0.9758628606796264,0.0105126249836757,0.0859375,0.015625,0.1015625,0.1015625,0.125,0.0078125,0.1171875,0.0703125,0.2890625,0.0859375,0.984375
54,S,55.0,UNO,UNO-S,82094.1875,1978.91845703125,0.4936939179897308,0.0002134447131538,30882.837890625,-70798848.0,49655.21484375,97593.0703125,-0.0146097466349601,0.0240581296384334,0.9759418964385986,0.0169671670009847,0.0859375,0.015625,0.1015625,0.109375,0.1328125,0.0078125,0.109375,0.0703125,0.28125,0.0859375,0.984375
55,UNO,56.0,S,UNO-S,82012.421875,1979.8668212890625,0.488774299621582,0.00167529261671,30413.236328125,-201810496.0,49089.3125,100441.125,-0.040930338203907,0.0237662978470325,0.976233720779419,0.0098269160080235,0.078125,0.015625,0.1015625,0.109375,0.1328125,0.0078125,0.1171875,0.0703125,0.28125,0.0859375,0.984375
56,S,57.0,UNO,UNO-S,81750.578125,1980.6756591796875,0.484382152557373,0.0008234189590439,30953.24609375,-135117040.0,47849.01953125,98407.140625,-0.0286952778697013,0.0235090106725692,0.9764909744262696,0.0160136669874191,0.0703125,0.015625,0.1015625,0.109375,0.1328125,0.0078125,0.125,0.0703125,0.28125,0.0859375,0.984375
57,UNO,58.0,S,UNO-S,80686.0859375,1981.4205322265625,0.4748766422271728,1.549582157167606e-05,29701.68359375,17977752.0,45721.61328125,99886.65625,0.0039364732801914,0.0228557083755731,0.9771443009376526,0.0104899580182973,0.0703125,0.0078125,0.1015625,0.109375,0.1328125,0.0078125,0.125,0.0703125,0.2890625,0.0859375,0.9921875
58,S,59.0,UNO,UNO-S,80474.25,1981.9920654296875,0.4665848016738891,0.0024061035364866,31966.064453125,219032896.0,45896.78515625,97290.375,0.0490520484745502,0.022283911705017,0.9777160882949828,0.0159213329898193,0.0703125,0.0078125,0.1015625,0.109375,0.1328125,0.0078125,0.125,0.0703125,0.2890625,0.0859375,0.9921875
59,UNO,60.0,S,UNO-S,79754.765625,1983.5452880859375,0.4698737263679504,0.0019921138882637,29121.26953125,186405536.0,42941.0859375,97258.75,0.0446331016719341,0.0225652139633893,0.9774348139762878,0.0095331249758601,0.0703125,0.0078125,0.1015625,0.109375,0.1328125,0.0078125,0.125,0.0703125,0.2890625,0.0859375,0.9921875
60,S,61.0,UNO,UNO-S,79433.875,1984.7645263671875,0.4733591079711914,0.0006185190868563,29608.4921875,101808720.0,41590.66015625,98426.6328125,0.0248700436204671,0.0228583067655563,0.9771416783332824,0.0185467500123195,0.0703125,0.015625,0.1015625,0.109375,0.140625,0.0078125,0.1171875,0.0703125,0.28125,0.0859375,0.984375
61,UNO,62.0,S,UNO-S,78337.34375,1985.446044921875,0.4836655855178833,0.0010695559903979,28726.66015625,129070824.0,40959.0390625,96355.515625,0.0327040664851665,0.0236500836908817,0.9763498902320862,0.0108504579984582,0.0625,0.0234375,0.1015625,0.109375,0.140625,0.0078125,0.1171875,0.0703125,0.2734375,0.09375,0.9765625
62,S,63.0,UNO,UNO-S,78105.7734375,1985.930419921875,0.4938222169876098,0.0001412638666806,28678.185546875,-46618056.0,39967.92578125,98135.6875,-0.0118854474276304,0.0244196541607379,0.9755803346633912,0.0159205000090878,0.0625,0.0234375,0.1015625,0.1171875,0.140625,0.0078125,0.1171875,0.0703125,0.265625,0.09375,0.9765625
63,UNO,64.0,S,UNO-S,77841.6875,1986.24951171875,0.4996275901794433,0.0006088023656047,28227.771484375,-92744416.0,38040.296875,98811.0859375,-0.0246739201247692,0.0248611085116863,0.9751389026641846,0.0093354159907903,0.0625,0.0234375,0.1015625,0.125,0.1328125,0.0078125,0.1171875,0.0703125,0.265625,0.09375,0.9765625
64,S,65.0,UNO,UNO-S,77271.171875,1986.3238525390625,0.5052133202552795,4.581331813824363e-05,28364.7890625,-26776332.0,40358.3515625,98021.6875,-0.0067685535177588,0.0252806805074214,0.9747193455696106,0.0155161249858792,0.0625,0.0234375,0.1015625,0.125,0.140625,0.0078125,0.1171875,0.0703125,0.265625,0.0859375,0.9765625
65,UNO,66.0,S,UNO-S,77140.296875,1986.2593994140625,0.508357048034668,0.0006542011979036,28112.166015625,-92509152.0,37153.06640625,97349.625,-0.0255773570388555,0.0255185104906559,0.974481463432312,0.0098432500089984,0.0625,0.0234375,0.1015625,0.125,0.140625,0.0078125,0.1171875,0.0703125,0.265625,0.0859375,0.9765625
66,S,67.0,UNO,UNO-S,76585.265625,1986.123779296875,0.5112325549125671,0.0011699711903929,29113.173828125,-121942336.0,36734.75,97048.75,-0.0342048406600952,0.0257343612611293,0.9742656350135804,0.0147877499985042,0.0625,0.0234375,0.1015625,0.125,0.140625,0.0078125,0.1171875,0.0703125,0.265625,0.0859375,0.9765625
67,UNO,68.0,S,UNO-S,76347.2734375,1986.2620849609375,0.5016593933105469,0.0002339006168767,27690.029296875,53017600.0,36063.74609375,96124.4140625,0.0152938095852732,0.0250397622585296,0.974960207939148,0.0100583749881479,0.0625,0.0234375,0.1015625,0.125,0.140625,0.0078125,0.1171875,0.0703125,0.265625,0.0859375,0.9765625
68,S,69.0,UNO,UNO-S,76124.1640625,1986.296142578125,0.4929360151290893,0.0006786879966966,28304.2890625,91104464.0,36212.640625,96570.453125,0.026051640510559,0.0244041606783866,0.9755958318710328,0.0143032500054687,0.0625,0.0234375,0.1015625,0.125,0.140625,0.0078125,0.1171875,0.0703125,0.2734375,0.078125,0.9765625
69,UNO,70.0,S,UNO-S,75909.0,1986.267333984375,0.4934746623039245,0.0008885112474672,27313.40625,103956888.0,35277.54296875,98860.65625,0.0298079047352075,0.0244551096111536,0.9755448698997498,0.0092268339940346,0.0625,0.0234375,0.1015625,0.125,0.140625,0.0078125,0.1171875,0.0703125,0.2734375,0.078125,0.9765625
70,S,71.0,UNO,UNO-S,75289.34375,1986.131103515625,0.4939755797386169,0.0005758687038905,27786.142578125,75498616.0,32583.390625,96556.375,0.023997263982892,0.0245014242827892,0.9754985570907592,0.0157628750021103,0.0625,0.0234375,0.1015625,0.125,0.140625,0.0078125,0.1171875,0.0703125,0.2734375,0.078125,0.9765625
71,UNO,72.0,S,UNO-S,75323.328125,1986.033935546875,0.5032404661178589,2.5920531697920524e-05,27109.4921875,-16294374.0,32864.07421875,97385.3828125,-0.0050912210717797,0.025201441720128,0.9747985601425172,0.0098812500073108,0.0625,0.0234375,0.1015625,0.1328125,0.140625,0.0078125,0.1171875,0.0703125,0.265625,0.078125,0.9765625
72,S,73.0,UNO,UNO-S,74670.2421875,1985.900146484375,0.511581540107727,0.0004628580645658,27392.9765625,-66514264.0,31648.80859375,97686.2734375,-0.0215141363441944,0.0258300304412841,0.9741699695587158,0.0151328329811804,0.0625,0.03125,0.1015625,0.1328125,0.140625,0.0078125,0.1171875,0.0703125,0.2578125,0.078125,0.96875
73,UNO,74.0,S,UNO-S,74387.90625,1985.4295654296875,0.5098439455032349,0.0007555502816103,26837.486328125,-83516456.0,31504.384765625,96442.703125,-0.0274872742593288,0.02571452409029,0.9742854833602904,0.009128999983659,0.0625,0.0234375,0.1015625,0.1328125,0.140625,0.0078125,0.1171875,0.0703125,0.265625,0.078125,0.9765625
74,S,75.0,UNO,UNO-S,74293.71875,1984.92333984375,0.508069634437561,1.9801012967946008e-05,26634.603515625,12969934.0,30216.50390625,96460.5703125,0.0044498327188193,0.0255931727588176,0.9744068384170532,0.0153992499981541,0.0625,0.0234375,0.1015625,0.1328125,0.140625,0.0078125,0.1171875,0.0703125,0.265625,0.078125,0.9765625
75,UNO,76.0,S,UNO-S,73957.078125,1984.404541015625,0.5078386664390564,9.397069516126066e-05,26528.94921875,-27127794.0,29212.51953125,95796.4140625,-0.0096938479691743,0.0255853757262229,0.9744146466255188,0.010458208998898,0.0625,0.0234375,0.1015625,0.1328125,0.140625,0.0078125,0.1171875,0.0703125,0.265625,0.078125,0.9765625
76,S,77.0,UNO,UNO-S,73745.6484375,1983.811767578125,0.5073567032814026,5.6265314924530685e-05,26427.974609375,-21552914.0,29674.05859375,96829.7734375,-0.007501021027565,0.025556743144989,0.974443256855011,0.0386210830183699,0.0625,0.0234375,0.1015625,0.140625,0.140625,0.0078125,0.1171875,0.0703125,0.2578125,0.078125,0.9765625
77,UNO,78.0,S,UNO-S,73432.328125,1983.068359375,0.5036593079566956,0.0001688152988208,26283.357421875,-37095224.0,28838.005859375,99002.6328125,-0.0129928942769765,0.0252847000956535,0.974715292453766,0.0103976670070551,0.0625,0.0234375,0.1015625,0.140625,0.1484375,0.0078125,0.1171875,0.0703125,0.2578125,0.0703125,0.9765625
78,S,79.0,UNO,UNO-S,73469.2265625,1982.306640625,0.5002036690711975,2.7657315513351932e-05,26123.5546875,-13858632.0,26901.32421875,97958.4609375,-0.005259022116661,0.0250275284051895,0.9749724864959716,0.0170746659860014,0.0625,0.0234375,0.1015625,0.15625,0.1484375,0.0078125,0.1171875,0.0703125,0.2421875,0.0703125,0.9765625
79,UNO,80.0,S,UNO-S,73426.1953125,1981.587158203125,0.4948121905326843,0.0013650311157107,26019.84375,95020608.0,26219.224609375,98090.453125,0.0369463264942169,0.0246219895780086,0.9753780364990234,0.0096392080013174,0.0546875,0.0234375,0.1015625,0.15625,0.1484375,0.0078125,0.125,0.0703125,0.2421875,0.0703125,0.9765625
80,S,81.0,UNO,UNO-S,73382.796875,1980.8111572265625,0.4898565709590912,0.000870530726388,26830.916015625,72341768.0,25110.53125,97643.0,0.029504757374525,0.024244787171483,0.975755214691162,0.0189784169779159,0.0546875,0.0234375,0.1015625,0.15625,0.1484375,0.0078125,0.125,0.0703125,0.2421875,0.0703125,0.9765625
81,UNO,82.0,S,UNO-S,73019.2578125,1980.310546875,0.4978827238082886,0.0011617940617725,25853.673828125,-85942416.0,25814.705078125,97673.28125,-0.0340850986540317,0.0248374510556459,0.9751625657081604,0.0097704999789129,0.0546875,0.0234375,0.1015625,0.15625,0.1484375,0.0078125,0.125,0.0703125,0.2421875,0.0703125,0.9765625
82,S,83.0,UNO,UNO-S,72665.8125,1979.773193359375,0.5042343735694885,0.0024528158828616,28101.38671875,-124665256.0,25281.361328125,99566.34375,-0.0495259091258049,0.0253031142055988,0.9746968746185304,0.0184792499931063,0.0546875,0.0234375,0.1015625,0.1640625,0.1484375,0.0078125,0.125,0.0703125,0.234375,0.0703125,0.9765625
83,UNO,84.0,S,UNO-S,72816.9296875,1979.1885986328125,0.4917612075805664,0.0005836026393808,25755.025390625,-60324756.0,25237.15625,98945.625,-0.0241578686982393,0.0243226438760757,0.9756773710250854,0.0093721669982187,0.0546875,0.0234375,0.1015625,0.1640625,0.1484375,0.0078125,0.125,0.0703125,0.234375,0.0703125,0.9765625
84,S,85.0,UNO,UNO-S,72590.578125,1978.6783447265625,0.4801636636257171,0.0046313507482409,30228.8671875,161526224.0,24568.0546875,96609.203125,0.0680540278553962,0.0234033335000276,0.9765966534614564,0.017316874989774,0.0546875,0.0234375,0.1015625,0.1640625,0.1484375,0.0078125,0.125,0.0703125,0.234375,0.0703125,0.9765625
85,UNO,86.0,S,UNO-S,72065.359375,1975.52294921875,0.4969486594200134,0.0009567661327309,25490.919921875,-76217544.0,25104.99609375,98150.3359375,-0.0309316366910934,0.024633452296257,0.9753665328025818,0.0097051250049844,0.0546875,0.0234375,0.1015625,0.1640625,0.15625,0.0078125,0.125,0.0703125,0.2265625,0.0703125,0.9765625
86,S,87.0,UNO,UNO-S,71393.40625,1972.591796875,0.5116583108901978,0.004410836379975,29828.787109375,-153546400.0,24081.103515625,96006.96875,-0.0664141252636909,0.0257024653255939,0.9742975234985352,0.0156417500111274,0.0546875,0.0234375,0.1015625,0.1640625,0.15625,0.0078125,0.125,0.0703125,0.2265625,0.0703125,0.9765625
87,UNO,88.0,S,UNO-S,71909.015625,1967.6507568359375,0.5039620995521545,0.001816296367906,25635.23828125,-113864560.0,27716.26953125,96396.2890625,-0.042618028819561,0.0250434540212154,0.9749565720558168,0.010000750015024,0.0546875,0.0234375,0.1015625,0.1640625,0.15625,0.0078125,0.125,0.0703125,0.2265625,0.0703125,0.9765625
88,S,89.0,UNO,UNO-S,71569.21875,1963.2413330078125,0.4963363111019134,7.321943121496588e-05,25538.0078125,21404480.0,25962.375,96348.953125,0.0085568353533744,0.0243890471756458,0.9756109714508056,0.0156238749914336,0.0546875,0.0234375,0.1015625,0.1640625,0.15625,0.0078125,0.125,0.0703125,0.2265625,0.0703125,0.9765625
89,UNO,90.0,S,UNO-S,72157.5390625,1959.185546875,0.4920347929000854,2.0908213627990335e-05,25459.390625,11919009.0,26998.18359375,96548.78125,0.0045725498348474,0.0239941403269767,0.9760058522224426,0.0101040840090718,0.0546875,0.0234375,0.1015625,0.1640625,0.15625,0.0078125,0.125,0.0703125,0.2265625,0.0703125,0.9765625
90,S,91.0,UNO,UNO-S,71750.578125,1955.452392578125,0.4881741404533386,0.0057916059158742,31228.8046875,205676656.0,28106.849609375,96155.3125,0.0761025995016098,0.0236376468092203,0.9763623476028442,0.0142555409984197,0.0546875,0.0234375,0.1015625,0.15625,0.15625,0.0078125,0.125,0.0703125,0.234375,0.0703125,0.9765625
91,UNO,92.0,S,UNO-S,71129.9296875,1952.7122802734375,0.5074010491371155,0.0001252359797945,25367.625,-29931466.0,27898.234375,95870.8671875,-0.0111908875405788,0.0250807590782642,0.9749192595481871,0.0087482089875265,0.0625,0.0234375,0.1015625,0.1640625,0.15625,0.0078125,0.1171875,0.0703125,0.2265625,0.0703125,0.9765625
92,S,93.0,UNO,UNO-S,71011.28125,1950.178466796875,0.5246562957763672,0.0056168944574892,31117.90234375,-220392432.0,31077.48046875,94624.328125,-0.0749459415674209,0.0263615697622299,0.9736384153366088,0.0152509160107001,0.0625,0.0234375,0.1015625,0.1640625,0.15625,0.0078125,0.1171875,0.0546875,0.2265625,0.0859375,0.9765625
93,UNO,94.0,S,UNO-S,70874.9765625,1947.2911376953125,0.5236050486564636,0.0030369251035153,25487.40234375,-153369376.0,30366.244140625,91649.59375,-0.0551083013415336,0.0261839665472507,0.9738160371780396,0.009668042010162,0.0625,0.0234375,0.1015625,0.1640625,0.15625,0.0078125,0.1171875,0.0546875,0.2265625,0.0859375,0.9765625
94,S,95.0,UNO,UNO-S,70650.546875,1944.573974609375,0.5223314762115479,0.0007131383754312,26235.64453125,-83900008.0,33263.8671875,94450.1015625,-0.0267046503722667,0.026002824306488,0.973997175693512,0.0155052920163143,0.0625,0.0234375,0.1015625,0.1640625,0.15625,0.0078125,0.1171875,0.0546875,0.2265625,0.0859375,0.9765625
95,UNO,96.0,S,UNO-S,71457.140625,1941.5572509765625,0.5152053236961365,0.0001931955048348,25677.30078125,-48033316.0,36670.2890625,94238.765625,-0.0138994781300425,0.0253660269081592,0.9746339917182922,0.009768999996595,0.0625,0.0234375,0.1015625,0.15625,0.15625,0.0078125,0.1171875,0.0546875,0.234375,0.0859375,0.9765625
96,S,97.0,UNO,UNO-S,71061.2109375,1938.8475341796875,0.508265495300293,0.0007016616291366,26258.310546875,89709760.0,35911.4765625,94306.6953125,0.026488896459341,0.0247545503079891,0.975245475769043,0.0162886670150328,0.0625,0.03125,0.1015625,0.15625,0.15625,0.0078125,0.1171875,0.046875,0.2265625,0.09375,0.96875
97,UNO,98.0,S,UNO-S,71403.875,1936.4559326171875,0.5069745779037476,3.134537837468088e-05,25649.685546875,19924236.0,37154.29296875,95782.4765625,0.0055986940860748,0.0246055573225021,0.9753944277763368,0.0103043330018408,0.0625,0.03125,0.1015625,0.15625,0.15625,0.0078125,0.1171875,0.046875,0.2265625,0.09375,0.96875
98,S,99.0,UNO,UNO-S,71125.484375,1934.2135009765625,0.5053068399429321,0.0009757914231158,26710.830078125,110635624.0,38087.6484375,92989.15625,0.0312376599758863,0.0244418624788522,0.9755581617355348,0.0155850419832859,0.0625,0.03125,0.1015625,0.15625,0.15625,0.0078125,0.1171875,0.046875,0.2265625,0.09375,0.96875
99,UNO,100.0,S,UNO-S,70790.90625,1931.9769287109375,0.5101076364517212,0.0003682268143165,25458.556640625,66589264.0,36842.1328125,94189.328125,0.0191892366856336,0.024793803691864,0.975206196308136,0.0096475829777773,0.0625,0.03125,0.1015625,0.15625,0.15625,0.0078125,0.1171875,0.0390625,0.2265625,0.1015625,0.96875
100,S,101.0,UNO,UNO-S,71179.6484375,1929.7197265625,0.5139318704605103,0.0002407548454357,25789.0234375,-54324288.0,37037.09375,94530.0,-0.0155162764713168,0.0250825732946395,0.9749174118041992,0.0151705839962232,0.0625,0.03125,0.1015625,0.15625,0.15625,0.0078125,0.1171875,0.0390625,0.2265625,0.1015625,0.96875
101,UNO,102.0,S,UNO-S,70748.3203125,1928.129150390625,0.5145441889762878,1.8961323803523555e-05,25651.4375,-15427029.0,37788.1328125,93754.5625,-0.0043544601649045,0.0251152254641056,0.9748847484588624,0.00934975000564,0.0625,0.03125,0.1015625,0.15625,0.15625,0.0078125,0.1171875,0.0390625,0.2265625,0.1015625,0.96875
102,S,103.0,UNO,UNO-S,71105.859375,1926.60205078125,0.5146728754043579,6.196200956765097e-07,25714.921875,2920156.25,39471.80078125,93984.3671875,0.0007871594862081,0.0251217372715473,0.9748782515525818,0.0161540419794619,0.0625,0.0234375,0.1015625,0.15625,0.15625,0.0078125,0.1171875,0.0390625,0.234375,0.1015625,0.9765625
103,UNO,104.0,S,UNO-S,70718.9765625,1925.21533203125,0.5144734382629395,0.0001886191748781,25533.666015625,-51657692.0,39442.625,95362.203125,-0.0137338694185018,0.0251150634139776,0.9748849272727966,0.0096552500035613,0.0625,0.0234375,0.1015625,0.15625,0.1640625,0.0078125,0.109375,0.0390625,0.234375,0.1015625,0.9765625
104,S,105.0,UNO,UNO-S,70715.5546875,1923.82666015625,0.5140585899353027,0.0002418080839561,25853.53515625,-56976192.0,38944.125,94084.0234375,-0.0155501794070005,0.025098443031311,0.974901556968689,0.0170975000073667,0.0625,0.0234375,0.1015625,0.15625,0.1640625,0.0078125,0.109375,0.0390625,0.234375,0.1015625,0.9765625
105,UNO,106.0,S,UNO-S,70410.578125,1922.910888671875,0.510729193687439,0.0009236927726306,25493.55078125,113232480.0,38909.4765625,95752.8984375,0.030392313376069,0.0248539485037326,0.9751460552215576,0.011746750009479,0.0625,0.0234375,0.1015625,0.15625,0.1640625,0.0078125,0.109375,0.0390625,0.234375,0.1015625,0.9765625
106,S,107.0,UNO,UNO-S,70067.5,1922.0609130859375,0.5071755647659302,0.0008668271475471,26186.33203125,102800936.0,37361.96875,93454.6953125,0.0294419284909963,0.0246026702225208,0.9753973484039308,0.0156161670165602,0.0625,0.0234375,0.1015625,0.1640625,0.1640625,0.0078125,0.109375,0.0390625,0.2265625,0.1015625,0.9765625
107,UNO,108.0,S,UNO-S,70536.46875,1921.7366943359375,0.5092177987098694,0.0001031078354571,25336.505859375,37539096.0,38370.703125,96347.0390625,0.0101542025804519,0.0248064920306205,0.9751935005187988,0.009385832992848,0.0625,0.0234375,0.1015625,0.1640625,0.1640625,0.0078125,0.109375,0.0390625,0.2265625,0.1015625,0.9765625
108,S,109.0,UNO,UNO-S,69980.0625,1921.4068603515625,0.510481595993042,6.3513275563309435e-06,25292.52734375,8590113.0,36459.30078125,93488.390625,0.0025201840326189,0.0249560512602329,0.9750439524650574,0.016054207982961,0.0625,0.0234375,0.1015625,0.171875,0.1640625,0.0078125,0.109375,0.0390625,0.21875,0.1015625,0.9765625
109,UNO,110.0,S,UNO-S,69794.3515625,1921.0992431640625,0.5115354657173157,0.0002082915016217,25051.3125,-48228864.0,35427.92578125,94324.703125,-0.0144323073327541,0.0250936765223741,0.974906325340271,0.0104152919957414,0.0625,0.0234375,0.1015625,0.1796875,0.1640625,0.0078125,0.109375,0.0390625,0.2109375,0.1015625,0.9765625
110,S,111.0,UNO,UNO-S,69837.7578125,1920.693359375,0.5118111968040466,0.0004561319656204,25482.05859375,-72238016.0,34885.98046875,96954.8671875,-0.0213572457432746,0.0251743867993354,0.9748256206512452,0.0162535830168053,0.0625,0.0234375,0.1015625,0.1796875,0.1640625,0.0078125,0.109375,0.046875,0.2109375,0.09375,0.9765625
111,UNO,112.0,S,UNO-S,69696.2421875,1920.13427734375,0.5080550312995911,0.0003275798808317,24841.826171875,-56118660.0,32849.22265625,94389.4609375,-0.0180991683155298,0.0249250624328851,0.9750749468803406,0.0118233330140355,0.0625,0.0234375,0.1015625,0.1796875,0.1640625,0.0078125,0.109375,0.0546875,0.2109375,0.0859375,0.9765625
112,S,113.0,UNO,UNO-S,69605.0,1919.48974609375,0.5042520761489868,0.000158097667736,25034.22265625,-41517732.0,33868.07421875,97494.5703125,-0.0125736892223358,0.0246742870658636,0.9753257036209106,0.0167522080009803,0.0625,0.0234375,0.1015625,0.1875,0.1640625,0.0078125,0.109375,0.0546875,0.203125,0.0859375,0.9765625
113,UNO,114.0,S,UNO-S,69520.6875,1918.957763671875,0.498022198677063,0.0007977136992849,24749.18359375,83113184.0,30957.375,95056.578125,0.0282438248395919,0.024223631247878,0.9757763743400574,0.0105777500139083,0.0625,0.0234375,0.1015625,0.1875,0.15625,0.0078125,0.109375,0.0546875,0.2109375,0.0859375,0.9765625
114,S,115.0,UNO,UNO-S,69814.2265625,1918.3887939453125,0.4920026063919067,4.235263304508408e-07,24691.599609375,-2139296.25,33258.52734375,98840.0078125,-0.0006507890066131,0.0237924959510564,0.9762074947357178,0.0354514170030597,0.0625,0.0234375,0.1015625,0.1875,0.15625,0.0078125,0.109375,0.0546875,0.2109375,0.0859375,0.9765625
115,UNO,116.0,S,UNO-S,69514.125,1917.822265625,0.4862082898616791,0.000723959354218,24609.23828125,83461200.0,31880.69140625,97297.0625,0.0269064921885728,0.0233789943158626,0.9766210317611694,0.0123049999820068,0.0546875,0.0234375,0.1015625,0.1875,0.1640625,0.0078125,0.109375,0.0546875,0.2109375,0.0859375,0.9765625
116,S,117.0,UNO,UNO-S,69385.9453125,1917.267822265625,0.4806161522865295,0.0018203614745289,26186.138671875,110053312.0,27083.0234375,95241.7109375,0.0426656939089298,0.0229829233139753,0.977017104625702,0.0157322910090442,0.0546875,0.0234375,0.1015625,0.1875,0.15625,0.0078125,0.109375,0.0546875,0.2109375,0.09375,0.9765625
117,UNO,118.0,S,UNO-S,69144.109375,1915.58935546875,0.4873323440551758,0.0002893067139666,24414.17578125,45632640.0,28074.3828125,95562.234375,0.0170090179890394,0.0235351845622062,0.9764648079872132,0.009163582988549,0.0625,0.0234375,0.1015625,0.1953125,0.15625,0.0078125,0.1015625,0.0546875,0.203125,0.09375,0.9765625
118,S,119.0,UNO,UNO-S,68844.15625,1913.9903564453125,0.4928687810897827,0.0048842537216842,29171.77734375,-188848320.0,28523.080078125,94736.5625,-0.0698874369263649,0.0239998921751976,0.9760001301765442,0.0161537079839035,0.0703125,0.0234375,0.1015625,0.1953125,0.15625,0.0078125,0.09375,0.0546875,0.203125,0.09375,0.9765625
119,UNO,120.0,S,UNO-S,69102.953125,1916.5975341796875,0.4848083257675171,0.001038524438627,24361.00390625,89504464.0,28451.26171875,97619.0859375,0.0322261452674865,0.0233149416744709,0.9766850471496582,0.0092017920105718,0.0546875,0.0234375,0.1015625,0.1953125,0.1640625,0.0078125,0.1015625,0.0546875,0.203125,0.09375,0.9765625
120,S,121.0,UNO,UNO-S,69338.8984375,1918.9239501953125,0.4767450094223022,0.0051057618111371,29472.625,206033376.0,29276.259765625,98489.8984375,0.0714546144008636,0.0226375628262758,0.9773624539375304,0.0160317500121891,0.0546875,0.0234375,0.1015625,0.1875,0.1640625,0.0078125,0.1015625,0.0546875,0.2109375,0.09375,0.9765625
121,UNO,122.0,S,UNO-S,69401.5859375,1921.306640625,0.4869711697101593,0.0006432484369724,24372.236328125,74215056.0,30992.73828125,94415.3515625,0.025362342596054,0.0233800038695335,0.9766200184822084,0.0091853339981753,0.0625,0.0234375,0.1015625,0.1875,0.1640625,0.0078125,0.09375,0.0546875,0.2109375,0.09375,0.9765625
122,S,123.0,UNO,UNO-S,68917.0625,1923.439453125,0.4957740306854248,8.73001481522806e-05,24301.427734375,25439158.0,27921.171875,97512.8046875,0.0093434546142816,0.024020679295063,0.9759793281555176,0.0160753329982981,0.0703125,0.0234375,0.1015625,0.1875,0.15625,0.0078125,0.09375,0.0546875,0.2109375,0.09375,0.9765625
123,UNO,124.0,S,UNO-S,68533.5,1925.45654296875,0.5056453943252563,0.0021421825513243,24392.369140625,-131452352.0,29595.15234375,95966.4765625,-0.0462837181985378,0.0247584134340286,0.9752416014671326,0.0092425000038929,0.0703125,0.0234375,0.1015625,0.1875,0.15625,0.0078125,0.0859375,0.0546875,0.2109375,0.1015625,0.9765625
124,S,125.0,UNO,UNO-S,68129.4609375,1927.276123046875,0.5142799019813538,0.0055951080285012,29978.966796875,-209414400.0,29599.85546875,94582.9296875,-0.0748004540801048,0.0253975428640842,0.974602460861206,0.0159080419980455,0.0703125,0.0234375,0.1015625,0.1875,0.15625,0.0078125,0.0859375,0.046875,0.2109375,0.109375,0.9765625
125,UNO,126.0,S,UNO-S,68001.171875,1927.248046875,0.5074316263198853,0.0025790426880121,24219.068359375,-128210368.0,27385.357421875,92188.234375,-0.0507842749357223,0.0247223414480686,0.9752776622772216,0.0107488330104388,0.0703125,0.0234375,0.1015625,0.1875,0.15625,0.0078125,0.0859375,0.046875,0.2109375,0.109375,0.9765625
126,S,127.0,UNO,UNO-S,68602.9375,1927.052001953125,0.5004211664199829,0.0001578815717948,24497.119140625,-38045224.0,31696.3828125,95526.6484375,-0.0125650931149721,0.0240485928952693,0.9759514331817628,0.0194691669894382,0.0703125,0.0234375,0.1015625,0.1796875,0.1640625,0.0078125,0.0859375,0.0390625,0.21875,0.109375,0.9765625
127,UNO,128.0,S,UNO-S,68694.4296875,1926.8804931640625,0.4904965460300445,0.0017650898080319,24471.296875,136489664.0,33906.79296875,95814.15625,0.0420129708945751,0.0231483206152915,0.9768517017364502,0.0107548329979181,0.0625,0.0234375,0.1015625,0.1640625,0.171875,0.0078125,0.0859375,0.0390625,0.234375,0.109375,0.9765625
128,S,129.0,UNO,UNO-S,69239.953125,1926.68017578125,0.4808899462223053,0.0055270846933126,30043.69921875,263269632.0,36730.72265625,96410.234375,0.0743443667888641,0.0222868788987398,0.977713108062744,0.0184466250066179,0.0625,0.0234375,0.1015625,0.15625,0.171875,0.0078125,0.0859375,0.0390625,0.2421875,0.109375,0.9765625
129,UNO,130.0,S,UNO-S,69235.7734375,1926.871826171875,0.4871079921722412,0.0018593110144138,24673.80078125,150337952.0,36655.109375,95116.9765625,0.043119728565216,0.0227134265005588,0.9772865772247314,0.0099677909747697,0.0625,0.0234375,0.1015625,0.15625,0.171875,0.0078125,0.0859375,0.0390625,0.2421875,0.109375,0.9765625
130,S,131.0,UNO,UNO-S,69088.6875,1927.0428466796875,0.491890013217926,0.0015095769194886,26123.38671875,136373424.0,36858.8203125,95227.1484375,0.0388532727956771,0.0230487752705812,0.9769512414932252,0.01613020899822,0.0625,0.0234375,0.1015625,0.1640625,0.171875,0.0078125,0.0859375,0.0390625,0.234375,0.109375,0.9765625
131,UNO,132.0,S,UNO-S,68567.671875,1926.64208984375,0.5027011632919312,0.0001589167222846,24725.23046875,-46362800.0,39207.8828125,93801.84375,-0.0126062175258994,0.0239016134291887,0.976098358631134,0.0105497089971322,0.0703125,0.0234375,0.1015625,0.171875,0.1640625,0.0078125,0.0859375,0.0390625,0.2265625,0.109375,0.9765625
132,S,133.0,UNO,UNO-S,68051.03125,1926.30615234375,0.5119194984436035,0.0009821213316172,25567.373046875,-105618776.0,36216.8984375,93056.625,-0.0313388146460056,0.0246376767754554,0.9753623008728028,0.016947042022366,0.0703125,0.0234375,0.1015625,0.1875,0.1640625,0.0078125,0.0859375,0.0390625,0.2109375,0.109375,0.9765625
133,UNO,134.0,S,UNO-S,68423.5546875,1925.759033203125,0.5149180293083191,0.0032320404425263,24904.849609375,-203166000.0,38446.88671875,92950.453125,-0.0568510368466377,0.0248488672077655,0.9751511216163636,0.0097167500061914,0.0703125,0.0234375,0.1015625,0.1875,0.1640625,0.0078125,0.0859375,0.0390625,0.2109375,0.109375,0.9765625
134,S,135.0,UNO,UNO-S,68104.5234375,1925.31982421875,0.5172568559646606,0.0055970274843275,30335.86328125,-255468512.0,38314.25,89124.7578125,-0.0748132839798927,0.0250171050429344,0.9749829173088074,0.0156549169914796,0.0703125,0.0234375,0.1015625,0.1875,0.1640625,0.0078125,0.0859375,0.0390625,0.2109375,0.109375,0.9765625
135,UNO,136.0,S,UNO-S,68372.265625,1925.61865234375,0.5092843174934387,0.0010019179899245,24712.189453125,-114610528.0,38898.9140625,93083.1015625,-0.0316530875861644,0.0242608822882175,0.9757391214370728,0.0099645419977605,0.0703125,0.0234375,0.1015625,0.1796875,0.1640625,0.0078125,0.0859375,0.0390625,0.21875,0.109375,0.9765625
136,S,137.0,UNO,UNO-S,68634.109375,1925.7664794921875,0.5012643337249756,1.267137486138381e-05,24840.552734375,13066044.0,40477.078125,90682.3671875,0.0035596874076873,0.0235235132277011,0.9764764904975892,0.0151972080057021,0.0703125,0.0234375,0.1015625,0.1640625,0.1640625,0.0078125,0.0859375,0.0390625,0.234375,0.109375,0.9765625
137,UNO,138.0,S,UNO-S,68770.390625,1925.8077392578125,0.4942365884780884,0.0020337980240583,24816.392578125,160235728.0,38867.7890625,91414.609375,0.0450976490974426,0.022888334468007,0.9771116375923156,0.0102327920030802,0.0703125,0.0234375,0.1015625,0.15625,0.1640625,0.0078125,0.0859375,0.0390625,0.2421875,0.109375,0.9765625
138,S,139.0,UNO,UNO-S,68615.8359375,1925.74609375,0.4871325194835663,0.0030106951016932,27685.345703125,190883296.0,37279.9609375,93316.6328125,0.0548698008060455,0.0222686678171157,0.9777313470840454,0.0154851659899577,0.0703125,0.0234375,0.1015625,0.1484375,0.1640625,0.0078125,0.0859375,0.0390625,0.25,0.109375,0.9765625
139,UNO,140.0,S,UNO-S,69198.9375,1926.01806640625,0.4901626110076904,3.128360185655765e-05,24939.650390625,21663558.0,41590.7421875,93126.8359375,0.0055931746028363,0.0225101690739393,0.9774898290634156,0.0107615829911082,0.0703125,0.0234375,0.1015625,0.15625,0.1640625,0.0078125,0.0859375,0.0390625,0.2421875,0.109375,0.9765625
140,S,141.0,UNO,UNO-S,68559.84375,1926.2685546875,0.4922707080841064,0.0003721219545695,25203.365234375,65966152.0,37190.21484375,91949.578125,0.0192904621362686,0.0226952843368053,0.9773046970367432,0.01503045798745,0.0703125,0.0234375,0.1015625,0.15625,0.1640625,0.0078125,0.0859375,0.0390625,0.2421875,0.109375,0.9765625
141,UNO,142.0,S,UNO-S,67989.5703125,1926.31103515625,0.4965659379959106,0.0004163011035416,24496.798828125,69365352.0,37211.27734375,91361.6953125,0.0204034578055143,0.023086616769433,0.9769133925437928,0.0095096250006463,0.0703125,0.0234375,0.1015625,0.171875,0.1640625,0.0078125,0.0859375,0.0390625,0.2265625,0.109375,0.9765625
142,S,143.0,UNO,UNO-S,68526.390625,1926.0238037109375,0.4998566210269928,8.664566848892719e-06,24830.685546875,-10290249.0,37765.5859375,92566.9609375,-0.0029435635078698,0.0234106220304965,0.9765893816947936,0.0139210839988663,0.0703125,0.0234375,0.1015625,0.1796875,0.171875,0.0078125,0.078125,0.0390625,0.21875,0.109375,0.9765625
143,UNO,144.0,S,UNO-S,68078.046875,1925.7266845703125,0.5017480850219727,0.0009813798824325,24651.326171875,-114094320.0,40025.8203125,90992.4140625,-0.0313269831240177,0.0236287210136652,0.9763712882995604,0.0086317499808501,0.0703125,0.0234375,0.1015625,0.1875,0.171875,0.0078125,0.078125,0.0390625,0.2109375,0.109375,0.9765625
144,S,145.0,UNO,UNO-S,67938.234375,1925.2772216796875,0.5028257369995117,0.0024148942902684,26925.078125,-164669824.0,36801.22265625,91054.7734375,-0.0491415746510028,0.023788034915924,0.976211965084076,0.0135520409967284,0.0703125,0.0234375,0.1015625,0.1875,0.171875,0.0078125,0.078125,0.0390625,0.2109375,0.109375,0.9765625
145,UNO,146.0,S,UNO-S,67926.59375,1924.7679443359375,0.4973377585411072,3.886489139404148e-06,24590.388671875,-6979879.0,39250.953125,90202.7109375,-0.0019714180380105,0.0233396515250206,0.9766603708267212,0.0084553339984267,0.0703125,0.0234375,0.1015625,0.1875,0.171875,0.0078125,0.078125,0.0390625,0.2109375,0.109375,0.9765625
146,S,147.0,UNO,UNO-S,67979.0078125,1924.1826171875,0.4917502105236053,2.7239906557952057e-05,24510.927734375,18881508.0,38347.046875,94341.3203125,0.0052191861905157,0.0228984430432319,0.9771015644073486,0.0134342079982161,0.0703125,0.0234375,0.1015625,0.1875,0.171875,0.0078125,0.078125,0.0390625,0.2109375,0.109375,0.9765625
147,UNO,148.0,S,UNO-S,68464.96875,1923.6904296875,0.4870901703834533,0.0002786216791719,24490.9296875,57584032.0,37097.1953125,92993.7109375,0.0166919641196727,0.0225473903119564,0.9774526357650756,0.0094620419840794,0.0703125,0.0234375,0.1015625,0.1875,0.171875,0.0078125,0.078125,0.0390625,0.2109375,0.109375,0.9765625
148,S,149.0,UNO,UNO-S,67400.2421875,1923.1295166015625,0.4825316369533539,2.39141645579366e-05,24357.072265625,16329492.0,36606.609375,91219.15625,0.0048902109265327,0.0222159475088119,0.9777840375900269,0.01344395900378,0.0703125,0.0234375,0.1015625,0.171875,0.171875,0.0078125,0.078125,0.0390625,0.2265625,0.109375,0.9765625
149,UNO,150.0,S,UNO-S,68370.578125,1922.2880859375,0.4788658916950226,5.750748823629692e-05,24488.89453125,26520464.0,37071.3125,94336.71875,0.0075833690352737,0.0219693630933761,0.9780306220054626,0.0106600830040406,0.0703125,0.0234375,0.1015625,0.1796875,0.171875,0.0078125,0.078125,0.0390625,0.21875,0.109375,0.9765625
150,S,,None (final state),UNO-S,68346.0625,1921.5367431640625,0.4752712845802307,0.0012675842735916,25585.318359375,121442040.0,35892.30078125,95034.0546875,0.0356031507253646,0.021736241877079,0.9782637357711792,0.015828584000701,0.0703125,0.0234375,0.1015625,0.1796875,0.171875,0.0078125,0.078125,0.0390625,0.21875,0.109375,0.9765625
0,None (initial state),1.0,Retraining,Retraining,46600.5625,1469.882080078125,0.7663294076919556,0.0019161048112437,22370.505859375,79781264.0,19648.888671875,92758.421875,0.0437733344733715,0.0458831973373889,0.9541168212890624,0.0119079580181278,0.078125,0.0625,0.1015625,0.1328125,0.09375,0.015625,0.125,0.0703125,0.2109375,0.109375,0.9375
1,Retraining,2.0,Retraining,Retraining,46588.2265625,1458.130126953125,0.6784965395927429,0.034415628761053,21722.619140625,-587423488.0,38404.48828125,82450.15625,-0.1855144947767257,0.0404270589351654,0.9595729112625122,0.0092602079967036,0.0703125,0.0546875,0.1015625,0.1328125,0.109375,0.0234375,0.1328125,0.0703125,0.2109375,0.09375,0.9453125
2,Retraining,3.0,Retraining,Retraining,47508.1171875,1460.173828125,0.6420260071754456,0.0729990601539611,20902.3671875,500199232.0,20049.392578125,92338.59375,0.2701833844184875,0.0383571535348892,0.961642861366272,0.0085858329839538,0.0703125,0.0546875,0.1015625,0.125,0.109375,0.0234375,0.1328125,0.0703125,0.2109375,0.1015625,0.9453125
3,Retraining,4.0,Retraining,Retraining,47468.26171875,1467.436279296875,0.6020659804344177,0.1115530356764793,20504.3671875,567007296.0,19058.83984375,89074.125,0.3339955508708954,0.036022700369358,0.9639772772789,0.008896083018044,0.0703125,0.046875,0.1015625,0.140625,0.1015625,0.015625,0.1328125,0.0703125,0.203125,0.1171875,0.953125
4,Retraining,5.0,Retraining,Retraining,47558.109375,1471.9501953125,0.5536355972290039,0.0004302720190025,20372.625,-28562100.0,17591.92578125,78271.78125,-0.0207429993897676,0.0328284874558448,0.9671714901924132,0.0088971669902093,0.0859375,0.046875,0.1015625,0.140625,0.09375,0.0078125,0.125,0.0703125,0.203125,0.125,0.953125
5,Retraining,6.0,Retraining,Retraining,47509.1328125,1477.8526611328125,0.515500009059906,0.0164308585226535,20142.623046875,-128483240.0,13416.392578125,74710.328125,-0.128182902932167,0.0301000326871871,0.9698999524116516,0.0095348330214619,0.09375,0.046875,0.1015625,0.140625,0.078125,0.0078125,0.1171875,0.0703125,0.203125,0.140625,0.953125
6,Retraining,7.0,Retraining,Retraining,46876.609375,1486.1544189453125,0.5036982297897339,0.0763792395591735,19960.025390625,-288859392.0,13409.30078125,77945.7734375,-0.2763679325580597,0.029104545712471,0.9708954691886902,0.0096522080129943,0.0859375,0.046875,0.1015625,0.1640625,0.078125,0.015625,0.1171875,0.0703125,0.1796875,0.140625,0.953125
7,Retraining,8.0,Retraining,Retraining,47469.125,1492.20458984375,0.5145245790481567,0.0510032027959823,19811.95703125,-233980848.0,12558.37890625,82498.8671875,-0.2258388847112655,0.0296581238508224,0.9703418612480164,0.008963375003077,0.0703125,0.046875,0.1015625,0.1640625,0.078125,0.015625,0.1328125,0.0703125,0.1796875,0.140625,0.953125
8,Retraining,9.0,Retraining,Retraining,47296.4140625,1497.439208984375,0.5475384593009949,0.0128859244287014,19688.626953125,80488800.0,8350.783203125,84908.3671875,0.1135161817073822,0.0317398495972156,0.9682601690292358,0.0088435409998055,0.0703125,0.046875,0.1015625,0.1640625,0.078125,0.015625,0.1328125,0.0703125,0.1796875,0.140625,0.953125
9,Retraining,10.0,Retraining,Retraining,46967.79296875,1502.341796875,0.5888983607292175,0.0510881170630455,19656.130859375,298048704.0,15322.912109375,86056.953125,0.2260268032550811,0.0344704762101173,0.9655295014381408,0.0110029169882182,0.0625,0.046875,0.1015625,0.1640625,0.0703125,0.015625,0.140625,0.0703125,0.1796875,0.1484375,0.953125
10,Retraining,11.0,Retraining,Retraining,47242.296875,1506.8135986328125,0.6153863072395325,0.0978632867336273,19598.23046875,364562912.0,12956.7822265625,89942.59375,0.3128310739994049,0.0362260714173316,0.9637739062309264,0.0109207920031622,0.0625,0.046875,0.1015625,0.1640625,0.0703125,0.015625,0.140625,0.0703125,0.1796875,0.1484375,0.953125
11,Retraining,12.0,Retraining,Retraining,46968.02734375,1511.14501953125,0.6254749298095703,0.0285580791532993,19442.322265625,148312896.0,9379.26953125,93571.890625,0.168991357088089,0.0368610583245754,0.9631389379501344,0.0111047920072451,0.078125,0.046875,0.1015625,0.1640625,0.0703125,0.015625,0.125,0.0703125,0.1796875,0.1484375,0.953125
12,Retraining,13.0,Retraining,Retraining,46749.92578125,1514.74267578125,0.6153542399406433,0.0557016283273696,19327.693359375,-170904064.0,8178.65185546875,88539.421875,-0.2360119223594665,0.03609499335289,0.9639049768447876,0.0104329170135315,0.078125,0.0546875,0.1015625,0.1640625,0.0703125,0.015625,0.125,0.0703125,0.171875,0.1484375,0.9453125
13,Retraining,14.0,Retraining,Retraining,46723.875,1517.4952392578125,0.5973847508430481,0.0103958109393715,19280.849609375,-95608464.0,11109.1669921875,84408.390625,-0.1019598469138145,0.0346996784210205,0.9653003215789796,0.0116984999913256,0.0859375,0.046875,0.1015625,0.1640625,0.0703125,0.015625,0.1171875,0.0703125,0.1796875,0.1484375,0.953125
14,Retraining,15.0,Retraining,Retraining,46510.96875,1519.9888916015625,0.5799485445022583,0.0388310514390468,19157.41796875,-113060248.0,7118.1708984375,80603.1484375,-0.1970559507608413,0.0332739204168319,0.9667260646820068,0.0125924999883864,0.0859375,0.046875,0.1015625,0.1640625,0.0703125,0.015625,0.1171875,0.0703125,0.1796875,0.1484375,0.953125
15,Retraining,16.0,Retraining,Retraining,46546.80078125,1519.439208984375,0.5736240744590759,0.1090656518936157,19130.400390625,-203365248.0,7284.4453125,84534.921875,-0.3302508890628814,0.0325630120933055,0.9674369692802428,0.0148581250105053,0.09375,0.046875,0.1015625,0.1640625,0.0625,0.015625,0.109375,0.0703125,0.1875,0.1484375,0.953125
16,Retraining,17.0,Retraining,Retraining,46331.9296875,1517.8330078125,0.5755636692047119,0.0096898283809423,19043.828125,-47177964.0,5865.41357421875,81711.3671875,-0.0984369218349456,0.03247045353055,0.9675295352935792,0.0134374580229632,0.09375,0.046875,0.1015625,0.1640625,0.0546875,0.015625,0.109375,0.0703125,0.1875,0.15625,0.953125
17,Retraining,18.0,Retraining,Retraining,46619.9453125,1513.7890625,0.5860888957977295,0.0058707506395876,19025.556640625,-37234344.0,5840.556640625,83203.703125,-0.0766208246350288,0.033030018210411,0.9669699668884276,0.0122463330044411,0.078125,0.0546875,0.1015625,0.1640625,0.0546875,0.015625,0.125,0.0625,0.1796875,0.1640625,0.9453125
18,Retraining,19.0,Retraining,Retraining,46950.6171875,1510.5018310546875,0.5912274122238159,0.0459103807806968,18972.0703125,158379360.0,7832.6484375,94370.109375,0.2142670750617981,0.0333205088973045,0.9666795134544371,0.0146523329894989,0.078125,0.0546875,0.1015625,0.1640625,0.0546875,0.015625,0.125,0.0625,0.1796875,0.1640625,0.9453125
19,Retraining,20.0,Retraining,Retraining,47122.11328125,1507.068603515625,0.5906866788864136,0.023882046341896,18951.98828125,100389000.0,7103.82421875,91444.6328125,0.1545381695032119,0.0333282873034477,0.9666717052459716,0.0167659170110709,0.078125,0.0546875,0.1015625,0.1640625,0.0546875,0.015625,0.125,0.0625,0.1796875,0.1640625,0.9453125
20,Retraining,21.0,Retraining,Retraining,47176.62890625,1505.171142578125,0.5789440870285034,0.0873933136463165,18884.2890625,181792464.0,6317.8544921875,97334.578125,0.2956236004829407,0.0326818786561489,0.9673181176185608,0.0233787499892059,0.078125,0.0546875,0.1015625,0.1640625,0.0546875,0.015625,0.125,0.0625,0.1796875,0.1640625,0.9453125
21,Retraining,22.0,Retraining,Retraining,46928.859375,1502.671875,0.5619204044342041,0.0021965152118355,18834.892578125,-28321520.0,6565.81982421875,92036.5625,-0.0468669943511486,0.0316741056740284,0.9683259129524232,0.0169789170031435,0.078125,0.0546875,0.1015625,0.1640625,0.0546875,0.015625,0.125,0.0625,0.1796875,0.1640625,0.9453125
22,Retraining,23.0,Retraining,Retraining,46811.2890625,1500.2767333984375,0.5435882210731506,0.0004876061284448,18795.84765625,10673760.0,5169.9873046875,93496.0703125,0.0220818053930997,0.0305426362901926,0.9694573879241944,0.0123700829863082,0.078125,0.046875,0.1015625,0.1640625,0.0546875,0.015625,0.125,0.0625,0.1875,0.1640625,0.953125
23,Retraining,24.0,Retraining,Retraining,46737.859375,1499.1566162109375,0.525944709777832,0.0198393929749727,18765.3515625,-57067616.0,4926.31689453125,82243.796875,-0.1408523768186569,0.0293614733964204,0.9706385135650636,0.0128131250094156,0.078125,0.046875,0.1015625,0.1640625,0.0625,0.015625,0.125,0.0625,0.1875,0.15625,0.953125
24,Retraining,25.0,Retraining,Retraining,46556.171875,1498.3184814453125,0.5097024440765381,0.0935164093971252,18723.013671875,-144780720.0,4799.26904296875,98648.78125,-0.3058045208454132,0.0282005928456783,0.9717994332313538,0.0116253749874886,0.078125,0.046875,0.1015625,0.1640625,0.0625,0.015625,0.125,0.0625,0.1953125,0.1484375,0.953125
25,Retraining,26.0,Retraining,Retraining,46929.4140625,1497.311767578125,0.4969104826450348,0.0427049323916435,18737.40625,-97921760.0,5528.697265625,85707.21875,-0.2066517174243927,0.027221743017435,0.9727782607078552,0.0116987499932292,0.078125,0.046875,0.1015625,0.1640625,0.0625,0.015625,0.125,0.0625,0.1953125,0.1484375,0.953125
26,Retraining,27.0,Retraining,Retraining,46779.0703125,1498.1976318359375,0.4894227683544159,0.041623830795288,18693.7578125,-126924488.0,6204.16162109375,100274.6875,-0.2040191888809204,0.0265199393033981,0.9734800457954408,0.0122536249982658,0.078125,0.0390625,0.1015625,0.1640625,0.0625,0.015625,0.125,0.0625,0.203125,0.1484375,0.9609375
27,Retraining,28.0,Retraining,Retraining,46971.140625,1498.4287109375,0.4940793216228485,0.0395893082022666,18685.5625,128936392.0,6716.87890625,96475.9453125,0.1989706158638,0.0266759507358074,0.9733240604400636,0.0109747920068912,0.078125,0.0390625,0.1015625,0.1640625,0.0546875,0.015625,0.125,0.0625,0.203125,0.15625,0.9609375
28,Retraining,29.0,Retraining,Retraining,47051.08203125,1499.124267578125,0.5072164535522461,0.1975887566804886,18672.9140625,321630944.0,6932.86181640625,104367.25,0.4445095658302307,0.0274458155035972,0.9725542068481444,0.0109140830172691,0.078125,0.0390625,0.1015625,0.1640625,0.046875,0.015625,0.125,0.0703125,0.203125,0.15625,0.9609375
29,Retraining,30.0,Retraining,Retraining,46978.015625,1500.208251953125,0.5238727927207947,0.0174668617546558,18603.2890625,69083480.0,5338.7353515625,97910.2734375,0.132162258028984,0.0284765698015689,0.9715234041213988,0.0111160000087693,0.078125,0.0390625,0.1015625,0.1640625,0.046875,0.015625,0.125,0.0703125,0.203125,0.15625,0.9609375
30,Retraining,31.0,Retraining,Retraining,46607.078125,1500.12158203125,0.5399568676948547,0.0113206142559647,18599.478515625,73114368.0,6748.845703125,101821.1953125,0.1063983738422393,0.0294972136616706,0.97050279378891,0.0111628749873489,0.09375,0.0546875,0.1015625,0.1640625,0.046875,0.015625,0.109375,0.0703125,0.1875,0.15625,0.9453125
31,Retraining,32.0,Retraining,Retraining,46489.0390625,1500.6279296875,0.5452013611793518,0.0012170700356364,18624.20703125,-28243976.0,8095.7744140625,100002.203125,-0.0348865315318107,0.0297411121428012,0.970258891582489,0.0109251250105444,0.09375,0.0546875,0.1015625,0.1640625,0.046875,0.015625,0.109375,0.0703125,0.1875,0.15625,0.9453125
32,Retraining,33.0,Retraining,Retraining,46614.4375,1503.880615234375,0.5398663282394409,0.1168919801712036,18553.001953125,-176827088.0,5721.53662109375,90394.859375,-0.3418946862220764,0.0292480904608964,0.9707518815994264,0.0101343330170493,0.09375,0.0390625,0.1015625,0.1640625,0.046875,0.015625,0.109375,0.0703125,0.203125,0.15625,0.9609375
33,Retraining,34.0,Retraining,Retraining,46207.1953125,1507.0245361328125,0.5257818102836609,0.1480976939201355,18556.982421875,-227133088.0,6648.791015625,88769.46875,-0.3848346173763275,0.0281751155853271,0.9718248844146729,0.0107397499959915,0.09375,0.0390625,0.1015625,0.1640625,0.046875,0.0078125,0.1171875,0.0703125,0.203125,0.15625,0.9609375
34,Retraining,35.0,Retraining,Retraining,46563.9765625,1511.63623046875,0.5097661018371582,0.0128736430779099,18539.767578125,-68681024.0,6867.2548828125,88146.046875,-0.1134620755910873,0.0270431339740753,0.9729568958282472,0.0112987500033341,0.09375,0.0390625,0.1015625,0.171875,0.046875,0.0078125,0.1171875,0.0703125,0.1953125,0.15625,0.9609375
35,Retraining,36.0,Retraining,Retraining,47111.5078125,1516.919921875,0.5041056275367737,0.008019302971661,18548.134765625,63779620.0,7637.654296875,93251.015625,0.0895505622029304,0.0266721285879611,0.9733278751373292,0.0091887910093646,0.0859375,0.0390625,0.1015625,0.171875,0.046875,0.0078125,0.125,0.0703125,0.1953125,0.15625,0.9609375
36,Retraining,37.0,Retraining,Retraining,46758.53515625,1521.78955078125,0.5035600066184998,0.1157373040914535,18504.64453125,212466832.0,6528.591796875,95661.0078125,0.3402018547058105,0.0266899392008781,0.9733100533485411,0.008923917019274,0.0859375,0.0390625,0.1015625,0.171875,0.046875,0.0078125,0.125,0.0703125,0.1953125,0.15625,0.9609375
37,Retraining,38.0,Retraining,Retraining,46860.75,1525.0302734375,0.5044077038764954,0.1169918179512023,18440.376953125,164027952.0,4675.57666015625,102566.375,0.3420406579971313,0.0268235430121421,0.9731764793395996,0.0087833339930512,0.0859375,0.0390625,0.1015625,0.171875,0.046875,0.0078125,0.125,0.0703125,0.1953125,0.15625,0.9609375
38,Retraining,39.0,Retraining,Retraining,46565.109375,1525.848388671875,0.5030961632728577,0.0010953720193356,18451.158203125,18098360.0,6030.83154296875,90673.6640625,0.0330964028835296,0.0268264524638652,0.9731735587120056,0.0086799579730723,0.078125,0.0390625,0.1015625,0.171875,0.046875,0.0078125,0.1328125,0.0703125,0.1953125,0.15625,0.9609375
39,Retraining,40.0,Retraining,Retraining,46737.25,1525.985595703125,0.4998049736022949,0.0658269226551055,18442.89453125,-181598784.0,7348.22119140625,96322.7578125,-0.2565675675868988,0.0266749039292335,0.9733250737190248,0.0086257910006679,0.078125,0.0390625,0.1015625,0.171875,0.046875,0.0078125,0.1328125,0.0703125,0.1953125,0.15625,0.9609375
40,Retraining,41.0,Retraining,Retraining,46740.515625,1526.279296875,0.493137001991272,0.0410812273621559,18399.607421875,-98444536.0,5256.58740234375,92398.75,-0.2026850432157516,0.0262551344931125,0.9737448692321776,0.0085382089891936,0.0859375,0.0390625,0.1015625,0.171875,0.046875,0.0078125,0.125,0.0703125,0.1953125,0.15625,0.9609375
41,Retraining,42.0,Retraining,Retraining,46446.0546875,1526.001708984375,0.4885252714157104,0.0012818106915801,18379.62109375,16405211.0,4956.15966796875,92453.765625,0.0358023829758167,0.0258635468780994,0.974136471748352,0.0086244579870253,0.0859375,0.0390625,0.1015625,0.171875,0.046875,0.0078125,0.125,0.0703125,0.1953125,0.15625,0.9609375
42,Retraining,43.0,Retraining,Retraining,46623.3671875,1523.89111328125,0.4865811169147491,0.0027988937217742,18387.927734375,-26407556.0,5206.65576171875,95868.53125,-0.0529045723378658,0.0256704520434141,0.9743295311927797,0.0086890000093262,0.1015625,0.0390625,0.1015625,0.171875,0.046875,0.0078125,0.109375,0.0703125,0.1953125,0.15625,0.9609375
43,Retraining,44.0,Retraining,Retraining,46541.37109375,1521.86962890625,0.4868333637714386,0.0285210851579904,18392.9765625,97351672.0,6353.45751953125,90729.890625,0.1688818633556366,0.0256619211286306,0.9743380546569824,0.0095186670077964,0.1015625,0.0390625,0.1015625,0.171875,0.046875,0.015625,0.1015625,0.0703125,0.1953125,0.15625,0.9609375
44,Retraining,45.0,Retraining,Retraining,47068.33984375,1519.26123046875,0.4921613931655884,0.0330630987882614,18340.068359375,100271760.0,5030.775390625,109615.5078125,0.1818326115608215,0.0260118544101715,0.9739881753921508,0.0084980420069769,0.09375,0.0390625,0.1015625,0.171875,0.046875,0.0234375,0.109375,0.0703125,0.1875,0.15625,0.9609375
45,Retraining,46.0,Retraining,Retraining,46605.2265625,1515.5213623046875,0.4957066774368286,0.0293063968420028,18383.484375,112812528.0,6685.07275390625,98575.7109375,0.1711911112070083,0.0262387506663799,0.973761260509491,0.0086162500083446,0.09375,0.0390625,0.1015625,0.171875,0.046875,0.0234375,0.109375,0.0703125,0.1875,0.15625,0.9609375
46,Retraining,47.0,Retraining,Retraining,46670.2265625,1513.109130859375,0.4987569451332092,0.006891522090882,18342.560546875,-46215528.0,5534.6279296875,100587.0078125,-0.0830151885747909,0.0264243297278881,0.9735756516456604,0.008543792006094,0.09375,0.0390625,0.1015625,0.171875,0.046875,0.0234375,0.109375,0.0703125,0.1875,0.15625,0.9609375
47,Retraining,48.0,Retraining,Retraining,46632.62890625,1511.27392578125,0.4957780539989471,0.0559589155018329,18319.712890625,-124253320.0,5201.9228515625,100973.96875,-0.2365563660860061,0.0262169353663921,0.9737830758094788,0.0086214159964583,0.1015625,0.0390625,0.1015625,0.171875,0.046875,0.015625,0.109375,0.0703125,0.1875,0.15625,0.9609375
48,Retraining,49.0,Retraining,Retraining,46626.62890625,1510.2860107421875,0.491919606924057,0.0047258776612579,18303.4453125,-33234096.0,5072.89404296875,95298.6796875,-0.0687450170516967,0.0259342528879642,0.9740657210350036,0.0085437079833354,0.1015625,0.0390625,0.1015625,0.171875,0.046875,0.015625,0.109375,0.0703125,0.1875,0.15625,0.9609375
49,Retraining,50.0,Retraining,Retraining,46549.7890625,1508.77587890625,0.4846038520336151,0.054526150226593,18296.1796875,-133383472.0,5942.07080078125,96130.625,-0.2335083484649658,0.0253703631460666,0.9746296405792236,0.0086987500253599,0.1015625,0.0390625,0.1015625,0.171875,0.046875,0.0078125,0.109375,0.0703125,0.1953125,0.15625,0.9609375
50,Retraining,51.0,Retraining,Retraining,46728.2109375,1507.2762451171875,0.4751170575618744,0.005409169010818,18263.685546875,34363216.0,4890.01904296875,95547.1953125,0.0735470503568649,0.0246627032756805,0.9753372669219972,0.0085717499896418,0.09375,0.0390625,0.1015625,0.171875,0.046875,0.0078125,0.1171875,0.0703125,0.1953125,0.15625,0.9609375
51,Retraining,52.0,Retraining,Retraining,46732.61328125,1505.17041015625,0.4688121378421783,6.499123992398381e-05,18246.5390625,3996955.0,5083.1513671875,97536.7734375,0.0080617144703865,0.0242030993103981,0.97579687833786,0.0086301669944077,0.0859375,0.0390625,0.1015625,0.171875,0.046875,0.015625,0.125,0.0703125,0.1875,0.15625,0.9609375
52,Retraining,53.0,Retraining,Retraining,46496.4140625,1502.4541015625,0.4684831500053406,0.0229658242315053,18259.08984375,63844456.0,4895.55419921875,86055.828125,0.1515447944402694,0.0242072939872741,0.9757927060127258,0.0085403329867403,0.0859375,0.0390625,0.1015625,0.171875,0.046875,0.015625,0.125,0.0703125,0.1875,0.15625,0.9609375
53,Retraining,54.0,Retraining,Retraining,46561.58984375,1500.711181640625,0.4688604176044464,0.0734430029988288,18269.763671875,144245600.0,5549.04150390625,95920.0625,0.2710036933422088,0.0242764092981815,0.9757235646247864,0.0177852920023724,0.0859375,0.0390625,0.1015625,0.171875,0.046875,0.015625,0.125,0.0703125,0.1875,0.15625,0.9609375
54,Retraining,55.0,Retraining,Retraining,46520.94921875,1499.7100830078125,0.4736008048057556,0.0010000629117712,18213.732421875,-12767558.0,4799.35791015625,84122.2734375,-0.0316237695515155,0.0246789120137691,0.9753211140632628,0.0163159999938216,0.09375,0.0390625,0.1015625,0.171875,0.046875,0.015625,0.1171875,0.0703125,0.1875,0.15625,0.9609375
55,Retraining,56.0,Retraining,Retraining,46403.6640625,1498.38330078125,0.4791406393051147,0.0002242460323031,18218.341796875,8601263.0,6162.39111328125,93207.4453125,0.0149748465046286,0.0251641999930143,0.9748358130455016,0.011589833011385,0.09375,0.0390625,0.1015625,0.171875,0.046875,0.015625,0.1171875,0.0703125,0.1875,0.15625,0.9609375
56,Retraining,57.0,Retraining,Retraining,46528.90625,1498.04638671875,0.4793231785297394,0.0526299513876438,18171.81640625,126805128.0,5142.2392578125,107490.0,0.2294121831655502,0.025277767330408,0.9747222065925598,0.0082949160132557,0.09375,0.0390625,0.1015625,0.171875,0.046875,0.015625,0.1171875,0.0703125,0.1875,0.15625,0.9609375
57,Retraining,58.0,Retraining,Retraining,46132.75,1497.720947265625,0.478048712015152,0.0209275670349597,18207.685546875,-67618816.0,5068.86181640625,92214.1875,-0.1446636319160461,0.0252446290105581,0.9747553467750548,0.0083259170060046,0.09375,0.0390625,0.1015625,0.171875,0.046875,0.015625,0.1171875,0.0703125,0.1875,0.15625,0.9609375
58,Retraining,59.0,Retraining,Retraining,46576.09375,1498.0482177734375,0.4741387367248535,0.0537263862788677,18244.8125,-110366120.0,5513.041015625,86367.5703125,-0.2317895293235778,0.0250109694898128,0.9749890565872192,0.008457250020001,0.1015625,0.0390625,0.1015625,0.171875,0.046875,0.015625,0.109375,0.0703125,0.1875,0.15625,0.9609375
59,Retraining,60.0,Retraining,Retraining,46418.890625,1501.12939453125,0.4728735387325287,0.1117209568619728,18186.669921875,-195596048.0,6182.748046875,94647.953125,-0.3342468440532684,0.0248835012316703,0.975116491317749,0.0084212920046411,0.1015625,0.0390625,0.1015625,0.171875,0.046875,0.015625,0.109375,0.0703125,0.1875,0.15625,0.9609375
60,Retraining,61.0,Retraining,Retraining,46384.6328125,1503.8873291015625,0.4725258946418762,0.0141494739800691,18166.466796875,-71220552.0,5809.8369140625,103055.5234375,-0.1189515590667724,0.0248045194894075,0.9751954674720764,0.0085455829976126,0.1015625,0.0390625,0.1015625,0.171875,0.046875,0.015625,0.109375,0.0703125,0.1875,0.15625,0.9609375
61,Retraining,62.0,Retraining,Retraining,46978.796875,1506.640625,0.4667549729347229,0.151588037610054,18162.486328125,244793168.0,6332.025390625,99294.2734375,0.3893430829048157,0.0242914482951164,0.975708544254303,0.0083005829947069,0.1015625,0.0390625,0.1015625,0.171875,0.046875,0.015625,0.109375,0.0703125,0.1875,0.15625,0.9609375
62,Retraining,63.0,Retraining,Retraining,46993.578125,1509.13720703125,0.4595004320144653,0.0447502546012401,18140.990234375,133973136.0,5965.20654296875,106168.21875,0.2115425616502761,0.0236292798072099,0.9763706922531128,0.0093552909966092,0.1015625,0.03125,0.1015625,0.171875,0.046875,0.015625,0.109375,0.0703125,0.1953125,0.15625,0.96875
63,Retraining,64.0,Retraining,Retraining,47038.6171875,1509.8262939453125,0.4495870172977447,0.0217536240816116,18174.69140625,123560432.0,8323.998046875,100642.546875,0.1474910974502563,0.0228174775838851,0.9771825075149536,0.0085202920017763,0.1015625,0.03125,0.1015625,0.171875,0.046875,0.015625,0.109375,0.0703125,0.1953125,0.15625,0.96875
64,Retraining,65.0,Retraining,Retraining,46564.421875,1510.1114501953125,0.4430588185787201,6.59594516037032e-05,18126.619140625,-4431955.0,5390.14111328125,101241.0625,-0.0081215426325798,0.0222921669483184,0.977707862854004,0.0083294590003788,0.1015625,0.03125,0.1015625,0.171875,0.046875,0.015625,0.109375,0.0703125,0.1953125,0.15625,0.96875
65,Retraining,66.0,Retraining,Retraining,46386.28125,1510.0499267578125,0.4391528069972992,0.0385861508548259,18108.025390625,-91039280.0,5087.24462890625,91102.5546875,-0.1964335739612579,0.0220012329518795,0.9779987931251526,0.0080662919790484,0.1015625,0.03125,0.1015625,0.171875,0.046875,0.015625,0.109375,0.0703125,0.1953125,0.15625,0.96875
66,Retraining,67.0,Retraining,Retraining,46125.00390625,1509.775390625,0.4381553828716278,0.2039468884468078,18116.177734375,-224926160.0,5443.908203125,91489.3515625,-0.4516047835350036,0.0219725929200649,0.9780274033546448,0.0086189580033533,0.09375,0.03125,0.1015625,0.171875,0.046875,0.015625,0.1171875,0.0703125,0.1953125,0.15625,0.96875
67,Retraining,68.0,Retraining,Retraining,46190.4765625,1509.9227294921875,0.4373567402362823,0.0027742839884012,18091.0703125,-27868654.0,5817.958984375,90943.1171875,-0.0526714734733104,0.0220336336642503,0.9779663681983948,0.0084904580144211,0.09375,0.03125,0.1015625,0.171875,0.046875,0.015625,0.1171875,0.0703125,0.1953125,0.15625,0.96875
68,Retraining,69.0,Retraining,Retraining,46513.38671875,1510.907470703125,0.4399464130401611,0.0005783453234471,18080.05859375,-10819776.0,4886.64453125,92069.0859375,-0.0240488108247518,0.0223244875669479,0.9776754975318908,0.0083757080137729,0.09375,0.03125,0.1015625,0.171875,0.046875,0.015625,0.1171875,0.0703125,0.1953125,0.15625,0.96875
69,Retraining,70.0,Retraining,Retraining,46984.96875,1512.8162841796875,0.4418531060218811,0.0661281570792198,18018.01953125,138877072.0,5475.86376953125,98624.4765625,0.2571539580821991,0.0225202813744545,0.9774796962738036,0.0086019170121289,0.09375,0.03125,0.1015625,0.171875,0.046875,0.015625,0.1171875,0.0703125,0.1953125,0.15625,0.96875
70,Retraining,71.0,Retraining,Retraining,46890.796875,1512.0477294921875,0.4411022961139679,0.1371728628873825,18030.62890625,205922272.0,5561.65087890625,99969.015625,0.3703685402870178,0.0224532298743724,0.977546751499176,0.0084437089972198,0.09375,0.03125,0.1015625,0.171875,0.046875,0.015625,0.1171875,0.0703125,0.1953125,0.15625,0.96875
71,Retraining,72.0,Retraining,Retraining,46526.4453125,1509.22705078125,0.4404447376728058,0.0156965106725692,18067.376953125,-74413672.0,6663.509765625,89134.96875,-0.1252857148647308,0.0223343521356582,0.9776656627655028,0.0087214169907383,0.1015625,0.03125,0.1015625,0.171875,0.046875,0.015625,0.109375,0.0703125,0.203125,0.1484375,0.96875
72,Retraining,73.0,Retraining,Retraining,46416.02734375,1507.75390625,0.4380376040935516,0.0185916535556316,18057.154296875,-81110264.0,6617.41357421875,89893.53125,-0.1363512128591537,0.0221192799508571,0.9778807163238524,0.0094953750085551,0.1015625,0.03125,0.1015625,0.171875,0.046875,0.015625,0.109375,0.0703125,0.1953125,0.15625,0.96875
73,Retraining,74.0,Retraining,Retraining,45988.68359375,1505.8773193359375,0.4349556565284729,0.0934527516365051,18014.107421875,-128756328.0,5222.130859375,80653.8046875,-0.305700421333313,0.0219159331172704,0.9780840873718262,0.0088425000139977,0.1015625,0.03125,0.1015625,0.171875,0.046875,0.015625,0.109375,0.0703125,0.1953125,0.15625,0.96875
74,Retraining,75.0,Retraining,Retraining,46177.87109375,1503.2869873046875,0.4359335899353027,1.0448029996723562e-07,18004.234375,180737.0,6018.95458984375,92897.46875,0.0003232341259717,0.0219997018575668,0.978000283241272,0.0086812080116942,0.09375,0.03125,0.1015625,0.1796875,0.046875,0.015625,0.1171875,0.0703125,0.1875,0.15625,0.96875
75,Retraining,76.0,Retraining,Retraining,46422.828125,1499.9749755859375,0.4419138729572296,0.0450271852314472,18037.857421875,150235600.0,7894.2177734375,89686.3359375,0.2121960967779159,0.0225027743726968,0.9774972200393676,0.0102159999951254,0.09375,0.03125,0.1015625,0.1796875,0.046875,0.015625,0.1171875,0.0703125,0.1875,0.15625,0.96875
76,Retraining,77.0,Retraining,Retraining,46190.25,1498.262451171875,0.4517427384853363,0.0028315775562077,17997.890625,23428296.0,4927.080078125,89358.671875,0.0532125681638717,0.0232319086790084,0.9767680764198304,0.0104650410066824,0.1015625,0.03125,0.1015625,0.1796875,0.046875,0.015625,0.109375,0.0703125,0.1875,0.15625,0.96875
77,Retraining,78.0,Retraining,Retraining,46542.8125,1497.666015625,0.4550563991069793,0.0087795220315456,17992.783203125,-51869484.0,6123.451171875,90402.484375,-0.0936990976333618,0.0234827678650617,0.9765172600746156,0.0085820000094827,0.1015625,0.03125,0.1015625,0.1796875,0.046875,0.015625,0.109375,0.0703125,0.1875,0.15625,0.96875
78,Retraining,79.0,Retraining,Retraining,45992.04296875,1497.5675048828125,0.4505590498447418,0.0066580488346517,17974.18359375,-41709596.0,5558.185546875,91966.453125,-0.0815968662500381,0.0231094732880592,0.976890504360199,0.0086729160102549,0.1015625,0.03125,0.1015625,0.171875,0.046875,0.015625,0.109375,0.0703125,0.1953125,0.15625,0.96875
79,Retraining,80.0,Retraining,Retraining,46249.9140625,1497.1964111328125,0.4375471174716949,0.0282173212617635,18009.505859375,-123135456.0,8257.6708984375,88770.2734375,-0.1679801195859909,0.0221069045364856,0.9778931140899658,0.0086380830034613,0.1015625,0.03125,0.1015625,0.171875,0.046875,0.015625,0.109375,0.0703125,0.203125,0.1484375,0.96875
80,Retraining,81.0,Retraining,Retraining,46371.05078125,1498.6650390625,0.4200609922409057,0.0017018872313201,18003.87109375,29815914.0,7117.12939453125,101549.515625,0.0412539355456829,0.0207931753247976,0.9792068004608154,0.0086400830186903,0.1015625,0.03125,0.1015625,0.171875,0.046875,0.015625,0.109375,0.0703125,0.203125,0.1484375,0.96875
81,Retraining,82.0,Retraining,Retraining,46608.0703125,1502.7236328125,0.4074907898902893,0.0003121591580566,17985.560546875,12080717.0,7316.89453125,93449.7109375,0.0176680255681276,0.0198241956532001,0.980175793170929,0.0111103340168483,0.1015625,0.0234375,0.1015625,0.171875,0.046875,0.015625,0.109375,0.0703125,0.2109375,0.1484375,0.9765625
82,Retraining,83.0,Retraining,Retraining,46200.9765625,1508.3856201171875,0.4060617983341217,0.0638698413968086,17941.4921875,165392464.0,6934.35400390625,94376.0625,0.252724826335907,0.0197637788951396,0.9802362322807312,0.0132642920070793,0.1015625,0.0234375,0.1015625,0.171875,0.046875,0.015625,0.109375,0.0703125,0.2109375,0.1484375,0.9765625
83,Retraining,84.0,Retraining,Retraining,46477.8984375,1513.264404296875,0.4112352430820465,5.746497481595725e-05,17974.625,4650013.5,6060.06298828125,101222.0859375,0.0075805652886629,0.0201966557651758,0.9798033237457277,0.0088075420062523,0.1015625,0.0234375,0.1015625,0.1796875,0.046875,0.015625,0.109375,0.0703125,0.203125,0.1484375,0.9765625
84,Retraining,85.0,Retraining,Retraining,45997.375,1520.885986328125,0.4216141402721405,0.0279931761324405,17944.400390625,-100197496.0,6558.5126953125,91311.5,-0.1673116087913513,0.0210964269936084,0.978903591632843,0.0084676250116899,0.1015625,0.03125,0.1015625,0.1796875,0.046875,0.015625,0.109375,0.0703125,0.1875,0.15625,0.96875
85,Retraining,86.0,Retraining,Retraining,46358.3203125,1526.55712890625,0.4304310381412506,0.0061389841139316,17916.779296875,44218112.0,5862.06787109375,96272.234375,0.0783516690135002,0.0218955408781766,0.9781044721603394,0.019871750002494,0.1015625,0.03125,0.1015625,0.1796875,0.046875,0.015625,0.109375,0.0703125,0.1953125,0.1484375,0.96875
86,Retraining,87.0,Retraining,Retraining,46192.12109375,1529.63037109375,0.4349874258041382,0.0093185380101203,17936.927734375,53678096.0,5734.43359375,96968.9375,0.0965325757861137,0.0222683195024728,0.977731704711914,0.0134353339963126,0.1015625,0.03125,0.1015625,0.171875,0.046875,0.015625,0.109375,0.0703125,0.203125,0.1484375,0.96875
87,Retraining,88.0,Retraining,Retraining,46084.8828125,1531.519287109375,0.4336149096488952,0.0014071278274059,17922.177734375,-19271048.0,5654.087890625,90860.671875,-0.0375117026269435,0.0220947712659835,0.9779052138328552,0.0125165829958859,0.1015625,0.03125,0.1015625,0.171875,0.046875,0.015625,0.109375,0.0703125,0.203125,0.1484375,0.96875
88,Retraining,89.0,Retraining,Retraining,46041.70703125,1533.7000732421875,0.4261152744293213,0.0113806994631886,17885.294921875,-50651204.0,5506.7666015625,86220.140625,-0.1066803559660911,0.0214112997055053,0.9785887002944946,0.009614042006433,0.1015625,0.03125,0.1015625,0.171875,0.046875,0.015625,0.109375,0.0703125,0.203125,0.1484375,0.96875
89,Retraining,90.0,Retraining,Retraining,46135.2734375,1534.388916015625,0.4195309579372406,0.0382346212863922,17894.716796875,-111217216.0,6193.810546875,91830.234375,-0.1955367475748062,0.0207799579948186,0.9792200326919556,0.0092283750127535,0.1015625,0.0234375,0.1015625,0.171875,0.046875,0.015625,0.109375,0.0703125,0.2109375,0.1484375,0.9765625
90,Retraining,91.0,Retraining,Retraining,46195.98046875,1533.45556640625,0.414288729429245,0.034594003111124,17909.564453125,121046048.0,7178.638671875,90658.40625,0.1859946250915527,0.0203898008912801,0.9796102046966552,0.012125790992286,0.1015625,0.0234375,0.1015625,0.1796875,0.046875,0.015625,0.109375,0.0703125,0.203125,0.1484375,0.9765625
91,Retraining,92.0,Retraining,Retraining,46274.88671875,1532.30712890625,0.4170925915241241,0.0028014574199914,17860.3046875,21334898.0,4670.15771484375,86311.15625,0.0529287941753864,0.0206470340490341,0.9793529510498048,0.0124627079931087,0.1015625,0.03125,0.1015625,0.1796875,0.046875,0.015625,0.109375,0.0703125,0.1953125,0.1484375,0.96875
92,Retraining,93.0,Retraining,Retraining,46242.5625,1530.1533203125,0.4204933047294616,0.0083198091015219,17890.533203125,-52978704.0,6196.47802734375,93734.5546875,-0.0912129878997802,0.0209359098225832,0.9790641069412231,0.0103735830052755,0.1015625,0.03125,0.1015625,0.1796875,0.046875,0.015625,0.109375,0.0703125,0.1953125,0.1484375,0.96875
93,Retraining,94.0,Retraining,Retraining,46355.06640625,1528.607666015625,0.4135091304779053,0.0083792330697178,17846.884765625,46572720.0,5708.224609375,89130.9453125,0.0915381461381912,0.0204783417284488,0.979521632194519,0.0098452919919509,0.1015625,0.03125,0.1015625,0.1796875,0.046875,0.015625,0.109375,0.0703125,0.1953125,0.1484375,0.96875
94,Retraining,95.0,Retraining,Retraining,46182.125,1525.9228515625,0.4013688862323761,0.018610406666994,17844.4765625,73312264.0,5689.7099609375,94451.4453125,0.1364199668169021,0.0195894818753004,0.9804105162620544,0.0094220000028144,0.1015625,0.0234375,0.1015625,0.1796875,0.046875,0.015625,0.109375,0.0703125,0.203125,0.1484375,0.9765625
95,Retraining,96.0,Retraining,Retraining,45925.2109375,1522.92431640625,0.3963522911071777,0.0839589163661003,17827.80859375,-129310736.0,5082.04052734375,87813.84375,-0.2897566556930542,0.0192284304648637,0.980771541595459,0.0098882089951075,0.1015625,0.0234375,0.1015625,0.1796875,0.046875,0.015625,0.109375,0.0703125,0.203125,0.1484375,0.9765625
96,Retraining,97.0,Retraining,Retraining,46455.25390625,1519.43017578125,0.3947983980178833,0.0973976105451583,17850.748046875,-210734992.0,7225.74267578125,93450.1484375,-0.312085896730423,0.0191261395812034,0.9808738827705384,0.0101174160081427,0.1015625,0.0234375,0.1015625,0.171875,0.046875,0.015625,0.109375,0.0703125,0.2109375,0.1484375,0.9765625
97,Retraining,98.0,Retraining,Retraining,46495.08203125,1514.617431640625,0.3985839784145355,0.0072100735269486,17817.66015625,38323600.0,4963.03369140625,90938.828125,0.0849121510982513,0.0194521117955446,0.9805479049682616,0.0100821669911965,0.09375,0.0234375,0.1015625,0.171875,0.046875,0.015625,0.1171875,0.0703125,0.2109375,0.1484375,0.9765625
98,Retraining,99.0,Retraining,Retraining,46821.58984375,1508.694580078125,0.4040328562259674,0.0901579707860946,17821.017578125,239413840.0,7877.70556640625,101215.6015625,0.3002631664276123,0.0198990702629089,0.9801009297370912,0.010454082977958,0.1015625,0.0234375,0.1015625,0.171875,0.046875,0.015625,0.109375,0.0703125,0.2109375,0.1484375,0.9765625
99,Retraining,100.0,Retraining,Retraining,46806.71875,1503.035888671875,0.4138076603412628,0.1879064887762069,17808.447265625,265245184.0,6183.69384765625,98952.9375,0.4334818124771118,0.0206121765077114,0.9793878197669984,0.0119627090170979,0.1015625,0.0234375,0.1015625,0.1796875,0.046875,0.015625,0.109375,0.0703125,0.203125,0.1484375,0.9765625
100,Retraining,101.0,Retraining,Retraining,46574.65625,1499.311279296875,0.4207262694835663,0.0101280966773629,17825.291015625,76488640.0,6995.60302734375,108644.53125,0.1006384417414665,0.0210094302892684,0.9789905548095704,0.0128674579900689,0.1015625,0.03125,0.1015625,0.1875,0.046875,0.015625,0.109375,0.0703125,0.1875,0.1484375,0.96875
101,Retraining,102.0,Retraining,Retraining,46052.6953125,1498.074951171875,0.4227052330970764,0.0193013902753591,17863.763671875,-95374664.0,8127.984375,84460.9296875,-0.1389294415712356,0.0210192557424306,0.9789807200431824,0.0103799589851405,0.1015625,0.03125,0.1015625,0.1953125,0.046875,0.015625,0.109375,0.0703125,0.1796875,0.1484375,0.96875
102,Retraining,103.0,Retraining,Retraining,45994.2734375,1499.7242431640625,0.4180536866188049,0.0834624469280242,17803.75390625,-153667152.0,5862.87109375,90724.6328125,-0.2888986766338348,0.0205753296613693,0.9794246554374696,0.0090739160077646,0.1015625,0.03125,0.1015625,0.1953125,0.046875,0.015625,0.109375,0.0703125,0.1796875,0.1484375,0.96875
103,Retraining,104.0,Retraining,Retraining,46373.6953125,1501.9910888671875,0.4113829433917999,0.0615876652300357,17777.41796875,-137876128.0,5987.94873046875,92782.0859375,-0.2481686174869537,0.0200611278414726,0.9799388647079468,0.0088460409897379,0.09375,0.0234375,0.1015625,0.1953125,0.046875,0.015625,0.1171875,0.0703125,0.1875,0.1484375,0.9765625
104,Retraining,105.0,Retraining,Retraining,45845.4453125,1502.232666015625,0.4087324440479278,0.0389323085546493,17791.52734375,-124263624.0,6643.5126953125,94796.25,-0.1973127126693725,0.0199614539742469,0.9800385236740112,0.0083900830068159,0.09375,0.0234375,0.1015625,0.1875,0.046875,0.015625,0.1171875,0.0703125,0.1953125,0.1484375,0.9765625
105,Retraining,106.0,Retraining,Retraining,46565.81640625,1503.313720703125,0.4073055386543274,0.0127246612682938,17802.486328125,81155560.0,7850.4052734375,91643.8125,0.1128036379814148,0.0199763141572475,0.9800236821174622,0.0085112499946262,0.09375,0.0234375,0.1015625,0.1796875,0.046875,0.015625,0.1171875,0.0703125,0.203125,0.1484375,0.9765625
106,Retraining,107.0,Retraining,Retraining,46179.13671875,1504.7783203125,0.408572107553482,0.0663424134254455,17787.939453125,187175024.0,7854.220703125,92522.890625,0.257570207118988,0.0201439969241619,0.979856014251709,0.0086718749953433,0.0859375,0.03125,0.1015625,0.1796875,0.046875,0.015625,0.125,0.0703125,0.1953125,0.1484375,0.96875
107,Retraining,108.0,Retraining,Retraining,46401.23828125,1505.15185546875,0.4096807241439819,0.0096944430842995,17787.6953125,64297784.0,6597.95068359375,98975.0078125,0.0984603613615036,0.0202456582337617,0.9797543287277222,0.00863541700528,0.0859375,0.03125,0.1015625,0.1875,0.046875,0.015625,0.125,0.0703125,0.1875,0.1484375,0.96875
108,Retraining,109.0,Retraining,Retraining,46478.67578125,1505.84423828125,0.407999575138092,0.0451877862215042,17803.93359375,-163784480.0,8036.79052734375,95869.296875,-0.2125741839408874,0.0200477801263332,0.9799522161483764,0.0092949579993728,0.09375,0.0234375,0.1015625,0.1875,0.046875,0.015625,0.1171875,0.0703125,0.1953125,0.1484375,0.9765625
109,Retraining,110.0,Retraining,Retraining,46184.51171875,1508.3795166015625,0.4019978940486908,0.0064982566982507,17744.171875,54649336.0,7141.84619140625,94923.96875,0.080611765384674,0.0195515416562557,0.9804484844207764,0.0084236249967943,0.1015625,0.0234375,0.1015625,0.1796875,0.046875,0.015625,0.109375,0.0703125,0.203125,0.1484375,0.9765625
110,Retraining,111.0,Retraining,Retraining,46344.8203125,1510.52978515625,0.3939090073108673,0.002664677798748,17785.8203125,42886928.0,8668.447265625,95843.21875,0.0516205169260501,0.0188876781612634,0.98111230134964,0.0085240000043995,0.1015625,0.0234375,0.1015625,0.1796875,0.046875,0.015625,0.109375,0.0703125,0.203125,0.1484375,0.9765625
111,Retraining,112.0,Retraining,Retraining,46225.81640625,1514.3829345703125,0.3906603753566742,0.0302763152867555,17733.271484375,132715096.0,7540.8193359375,101146.3671875,0.1740009039640426,0.0186023861169815,0.9813976287841796,0.0088402080000378,0.09375,0.0234375,0.1015625,0.1796875,0.046875,0.015625,0.1171875,0.0703125,0.203125,0.1484375,0.9765625
112,Retraining,113.0,Retraining,Retraining,46214.92578125,1515.734130859375,0.3906653821468353,0.0451188310980796,17749.431640625,-130261520.0,7532.06103515625,81418.546875,-0.2124119400978088,0.0186332426965236,0.981366753578186,0.0086226660059764,0.09375,0.0234375,0.1015625,0.1796875,0.046875,0.015625,0.1171875,0.0703125,0.203125,0.1484375,0.9765625
113,Retraining,114.0,Retraining,Retraining,46325.9609375,1515.8057861328125,0.3895910978317261,0.00329654593952,17728.5625,-38012848.0,7939.16015625,83392.375,-0.0574155524373054,0.0186851061880588,0.9813148975372314,0.008485207974445,0.09375,0.0234375,0.1015625,0.1796875,0.046875,0.015625,0.1171875,0.0703125,0.203125,0.1484375,0.9765625
114,Retraining,115.0,Retraining,Retraining,46574.8515625,1514.66064453125,0.3909716010093689,3.6222086237103217e-06,17710.228515625,1214197.75,6608.87255859375,96532.84375,0.0019032100681215,0.0189267788082361,0.9810732007026672,0.0084057920030318,0.09375,0.0234375,0.1015625,0.1796875,0.046875,0.015625,0.1171875,0.0703125,0.203125,0.1484375,0.9765625
115,Retraining,116.0,Retraining,Retraining,46427.5859375,1513.64404296875,0.3909257650375366,0.0018354267813265,17694.0390625,20078502.0,5089.1748046875,92090.6328125,0.0428418815135955,0.0190597455948591,0.980940282344818,0.0082302079827059,0.09375,0.0234375,0.1015625,0.1796875,0.046875,0.015625,0.1171875,0.0703125,0.203125,0.1484375,0.9765625
116,Retraining,117.0,Retraining,Retraining,46546.76171875,1511.73291015625,0.3882486224174499,0.0040057743899524,17702.98046875,29695696.0,5156.099609375,90997.40625,0.0632911846041679,0.0189264938235282,0.9810734987258912,0.0087037080083973,0.09375,0.0234375,0.1015625,0.171875,0.046875,0.015625,0.1171875,0.0703125,0.2109375,0.1484375,0.9765625
117,Retraining,118.0,Retraining,Retraining,46757.28125,1510.091796875,0.392022043466568,0.0023537476081401,17710.205078125,27003736.0,6202.81396484375,89733.609375,0.048515435308218,0.0191959962248802,0.9808040261268616,0.0193471250240691,0.0859375,0.0234375,0.1015625,0.171875,0.046875,0.015625,0.125,0.0703125,0.2109375,0.1484375,0.9765625
118,Retraining,119.0,Retraining,Retraining,46028.546875,1508.77685546875,0.3978241980075836,0.0004920130013488,17687.841796875,-14112542.0,6559.68603515625,96991.59375,-0.0221813656389713,0.0195552706718444,0.9804447293281556,0.0189847919973544,0.0859375,0.0234375,0.1015625,0.171875,0.046875,0.015625,0.125,0.0703125,0.2109375,0.1484375,0.9765625
119,Retraining,120.0,Retraining,Retraining,46288.828125,1508.17822265625,0.4069091081619262,0.0003925185592379,17686.50390625,12371440.0,6764.72314453125,92308.2109375,0.0198120810091495,0.020069632679224,0.979930341243744,0.013436958019156,0.0859375,0.03125,0.1015625,0.1953125,0.046875,0.015625,0.125,0.0703125,0.1796875,0.1484375,0.96875
120,Retraining,121.0,Retraining,Retraining,46167.9375,1510.39306640625,0.4157831966876983,0.002593548502773,17663.67578125,27473916.0,5597.41015625,96379.828125,0.0509268939495086,0.0204780492931604,0.9795219302177428,0.008390540984692,0.0859375,0.03125,0.1015625,0.1953125,0.046875,0.015625,0.125,0.0703125,0.1796875,0.1484375,0.96875
121,Retraining,122.0,Retraining,Retraining,46066.15625,1511.3583984375,0.4170484840869903,0.1219919845461845,17670.169921875,-246838016.0,8207.3857421875,86107.609375,-0.3492735028266907,0.0204498320817947,0.9795501828193665,0.0083805409958586,0.078125,0.03125,0.1015625,0.1953125,0.046875,0.015625,0.1328125,0.0703125,0.1796875,0.1484375,0.96875
122,Retraining,123.0,Retraining,Retraining,46261.65625,1512.149169921875,0.4104367196559906,0.1052126064896583,17655.568359375,216235984.0,6938.58935546875,96077.75,0.3243649303913116,0.0200360044836998,0.979964017868042,0.0087397079914808,0.09375,0.03125,0.1015625,0.1953125,0.046875,0.015625,0.1171875,0.0703125,0.1796875,0.1484375,0.96875
123,Retraining,124.0,Retraining,Retraining,46210.9296875,1511.843017578125,0.4021292328834533,0.0040794606320559,17623.79296875,33324270.0,5647.36767578125,92387.5078125,0.0638706535100936,0.0195939540863037,0.9804060459136964,0.0084773339913226,0.09375,0.0234375,0.1015625,0.1875,0.046875,0.015625,0.1171875,0.0703125,0.1953125,0.1484375,0.9765625
124,Retraining,125.0,Retraining,Retraining,46429.52734375,1510.5909423828125,0.3933754563331604,0.0002870655735023,17648.77734375,-9165879.0,6012.23095703125,89980.390625,-0.0169430095702409,0.0191173758357763,0.9808826446533204,0.0089611249859444,0.09375,0.0234375,0.1015625,0.1875,0.046875,0.015625,0.1171875,0.0703125,0.1953125,0.1484375,0.9765625
125,Retraining,126.0,Retraining,Retraining,46334.14453125,1510.88671875,0.3849926590919494,0.0303702801465988,17631.560546875,100775984.0,5992.287109375,96502.828125,0.1742707043886184,0.0186140313744545,0.9813859462738036,0.0087253750243689,0.09375,0.0234375,0.1015625,0.1796875,0.046875,0.015625,0.1171875,0.0703125,0.203125,0.1484375,0.9765625
126,Retraining,127.0,Retraining,Retraining,46063.05078125,1511.4561767578125,0.3803315460681915,0.0171501394361257,17619.916015625,-62660472.0,5729.77587890625,83506.859375,-0.130958542227745,0.0182165913283824,0.981783390045166,0.0088800409866962,0.09375,0.0234375,0.1015625,0.1875,0.046875,0.015625,0.1171875,0.0703125,0.1953125,0.1484375,0.9765625
127,Retraining,128.0,Retraining,Retraining,46226.98828125,1511.871337890625,0.3809517621994018,0.0540542528033256,17622.978515625,-116803112.0,6330.33837890625,79362.0,-0.2324956953525543,0.0181521289050579,0.981847882270813,0.0097628750081639,0.0859375,0.0234375,0.1015625,0.1953125,0.046875,0.015625,0.125,0.0703125,0.1875,0.1484375,0.9765625
128,Retraining,129.0,Retraining,Retraining,45966.8046875,1514.889404296875,0.3847065567970276,0.0724201574921608,17639.001953125,-111232928.0,4840.94384765625,85383.421875,-0.2691099345684051,0.0183131210505962,0.9816868901252748,0.0085942920122761,0.0859375,0.0234375,0.1015625,0.1953125,0.046875,0.015625,0.125,0.0703125,0.1875,0.1484375,0.9765625
129,Retraining,130.0,Retraining,Retraining,45919.7890625,1518.822265625,0.3849724233150482,0.0002281369961565,17628.505859375,-8959369.0,6931.9833984375,85570.109375,-0.015104204416275,0.0182498749345541,0.9817501306533812,0.0085415419889613,0.0859375,0.0234375,0.1015625,0.1953125,0.046875,0.015625,0.125,0.0703125,0.1875,0.1484375,0.9765625
130,Retraining,131.0,Retraining,Retraining,46671.27734375,1521.2352294921875,0.3832625448703766,0.0072372420690953,17587.84765625,47598820.0,5467.9208984375,102326.3359375,0.0850719809532165,0.0181021764874458,0.9818978309631348,0.0083846660272683,0.0859375,0.0234375,0.1015625,0.1875,0.046875,0.015625,0.125,0.0703125,0.1953125,0.1484375,0.9765625
131,Retraining,132.0,Retraining,Retraining,46864.6328125,1521.0272216796875,0.3812435567378998,0.1308274567127227,17576.6171875,272549536.0,7533.91650390625,100017.328125,0.3617007732391357,0.0180148407816886,0.9819851517677308,0.0082544579927343,0.0859375,0.0234375,0.1015625,0.1875,0.046875,0.015625,0.125,0.0703125,0.1953125,0.1484375,0.9765625
132,Retraining,133.0,Retraining,Retraining,46771.76953125,1519.707275390625,0.382573127746582,0.2263877093791961,17598.15234375,244507808.0,5115.0126953125,100466.109375,0.4758021831512451,0.018212754279375,0.9817872643470764,0.0086090419790707,0.0859375,0.0234375,0.1015625,0.1796875,0.046875,0.015625,0.125,0.0703125,0.203125,0.1484375,0.9765625
133,Retraining,134.0,Retraining,Retraining,46802.6796875,1519.0419921875,0.3855872452259063,0.0473521314561367,17579.220703125,-174273776.0,8307.6728515625,96401.296875,-0.2176054418087005,0.018474007025361,0.981526017189026,0.0085154160042293,0.0859375,0.0234375,0.1015625,0.1796875,0.046875,0.015625,0.125,0.0703125,0.203125,0.1484375,0.9765625
134,Retraining,135.0,Retraining,Retraining,46113.78515625,1518.87255859375,0.3835054039955139,0.0079117966815829,17597.3125,-62274260.0,8219.65234375,85176.0546875,-0.0889482796192169,0.0183809958398342,0.9816190004348756,0.0085618750017602,0.09375,0.0234375,0.1015625,0.1796875,0.046875,0.015625,0.1171875,0.0703125,0.203125,0.1484375,0.9765625
135,Retraining,136.0,Retraining,Retraining,46285.296875,1519.340087890625,0.3802322149276733,0.0552456565201282,17531.439453125,-85903192.0,4249.861328125,85997.421875,-0.2350439429283142,0.018192172050476,0.981807827949524,0.0083759999834001,0.09375,0.0234375,0.1015625,0.1796875,0.046875,0.015625,0.1171875,0.0703125,0.203125,0.1484375,0.9765625
136,Retraining,137.0,Retraining,Retraining,46604.08203125,1517.884521484375,0.3757242560386657,0.0040464894846081,17587.4765625,38893092.0,6577.14404296875,92959.96875,0.0636120215058326,0.0179508682340383,0.9820491075515748,0.0089905410131905,0.0859375,0.0234375,0.1015625,0.1796875,0.046875,0.015625,0.125,0.0703125,0.203125,0.1484375,0.9765625
137,Retraining,138.0,Retraining,Retraining,46101.6015625,1517.450927734375,0.3723637461662292,0.0562915951013565,17577.845703125,224533920.0,10008.892578125,94552.75,0.237258493900299,0.0177372451871633,0.9822627305984496,0.0097455409995745,0.0859375,0.0234375,0.1015625,0.1875,0.046875,0.015625,0.125,0.0703125,0.1953125,0.1484375,0.9765625
138,Retraining,139.0,Retraining,Retraining,46125.19921875,1514.6353759765625,0.3733106255531311,0.0223595760762691,17568.162109375,103246280.0,8277.8486328125,83411.3515625,0.1495311856269836,0.0177935380488634,0.9822064638137816,0.008534167020116,0.0859375,0.0234375,0.1015625,0.1875,0.046875,0.015625,0.125,0.0703125,0.1953125,0.1484375,0.9765625
139,Retraining,140.0,Retraining,Retraining,45891.88671875,1512.7579345703125,0.3783977031707763,0.1498662233352661,17559.310546875,-268421888.0,8744.607421875,79291.34375,-0.3871255815029144,0.018115110695362,0.9818848967552184,0.008734542003367,0.0859375,0.0234375,0.1015625,0.1953125,0.046875,0.015625,0.125,0.0703125,0.1875,0.1484375,0.9765625
140,Retraining,141.0,Retraining,Retraining,45789.86328125,1513.5352783203125,0.3797388970851898,0.0628304854035377,17610.296875,-216200704.0,11155.341796875,77319.4921875,-0.250660091638565,0.0181764885783195,0.9818235039711,0.0084884999960195,0.0859375,0.0234375,0.1015625,0.1953125,0.046875,0.015625,0.125,0.0703125,0.1875,0.1484375,0.9765625
141,Retraining,142.0,Retraining,Retraining,46220.2109375,1518.29736328125,0.381631076335907,0.0003717070503626,17523.908203125,8881138.0,5638.60888671875,81695.125,0.0192797053605318,0.0182456336915493,0.9817543625831604,0.0082667499955277,0.0859375,0.0234375,0.1015625,0.1953125,0.046875,0.015625,0.125,0.0703125,0.1875,0.1484375,0.9765625
142,Retraining,143.0,Retraining,Retraining,46550.2109375,1522.204345703125,0.3778303563594818,0.053864412009716,17519.078125,139046640.0,5975.2451171875,100266.0234375,0.2320870757102966,0.0179651509970426,0.9820348620414734,0.0086477920121978,0.0859375,0.0234375,0.1015625,0.1953125,0.046875,0.015625,0.125,0.0703125,0.1875,0.1484375,0.9765625
143,Retraining,144.0,Retraining,Retraining,46711.37890625,1524.9052734375,0.3740368485450744,0.0807427018880844,17594.29296875,190018832.0,6492.74560546875,102995.1328125,0.2841525971889496,0.0177167207002639,0.9822832942008972,0.0089729580213315,0.0859375,0.0234375,0.1015625,0.1953125,0.046875,0.015625,0.125,0.0703125,0.1875,0.1484375,0.9765625
144,Retraining,145.0,Retraining,Retraining,46884.9375,1528.1663818359375,0.3721451163291931,0.1753861010074615,17537.087890625,316034752.0,7666.5234375,98432.5625,0.4187912344932556,0.0176834594458341,0.982316553592682,0.0084970830066595,0.0859375,0.0234375,0.1015625,0.1875,0.046875,0.015625,0.125,0.0703125,0.1953125,0.1484375,0.9765625
145,Retraining,146.0,Retraining,Retraining,46228.8828125,1529.888427734375,0.3749641180038452,0.039901603013277,17556.86328125,-116982080.0,7116.52734375,82291.703125,-0.199753850698471,0.0179621390998363,0.9820378422737122,0.0084029590070713,0.0859375,0.0234375,0.1015625,0.1875,0.046875,0.015625,0.125,0.0703125,0.1953125,0.1484375,0.9765625
146,Retraining,147.0,Retraining,Retraining,46281.1171875,1532.6881103515625,0.3745605647563934,0.0355173125863075,17509.267578125,-120347592.0,6747.17822265625,94644.46875,-0.1884603649377823,0.0178857650607824,0.9821142554283142,0.008610958000645,0.0859375,0.0234375,0.1015625,0.1796875,0.046875,0.015625,0.125,0.0703125,0.203125,0.1484375,0.9765625
147,Retraining,148.0,Retraining,Retraining,46127.79296875,1533.2601318359375,0.3778473734855652,0.0558046512305736,17522.83984375,-157818496.0,7180.3759765625,93041.2578125,-0.2362300753593444,0.0180767532438039,0.9819232225418092,0.0239704579871613,0.0859375,0.0234375,0.1015625,0.1796875,0.046875,0.015625,0.125,0.0703125,0.203125,0.1484375,0.9765625
148,Retraining,149.0,Retraining,Retraining,46242.2734375,1534.146728515625,0.3835089206695556,0.0075174472294747,17498.091796875,-38709376.0,5068.82666015625,88079.265625,-0.086703211069107,0.018432680517435,0.9815673232078552,0.0175800420111045,0.0859375,0.0234375,0.1015625,0.1796875,0.046875,0.015625,0.125,0.0703125,0.203125,0.1484375,0.9765625
149,Retraining,150.0,Retraining,Retraining,46237.578125,1535.070556640625,0.3865934014320373,0.0099924514070153,17506.525390625,71266768.0,7534.20947265625,94626.6328125,0.0999622493982315,0.0186599139124155,0.9813401103019714,0.0136940420197788,0.0859375,0.0234375,0.1015625,0.1796875,0.046875,0.015625,0.125,0.0703125,0.203125,0.1484375,0.9765625
150,Retraining,,None (final state),Retraining,46389.1328125,1534.8658447265625,0.3846954107284546,0.0336797386407852,17515.513671875,132401576.0,8035.4853515625,89783.546875,0.1835204064846038,0.0184998884797096,0.9815000891685486,0.0074103329970967,0.0859375,0.0234375,0.1015625,0.1953125,0.046875,0.015625,0.125,0.0703125,0.1875,0.1484375,0.9765625
