Step,Total Loss,Time,0 Fraction,1 Fraction
1,0.03615307807922363,3.9802417755126953,0.0,1.0
2,0.2943477928638458,1.2155427932739258,0.0,1.0
