expr-id,FID
0,21.544538497924805
1,21.508609771728516
2,21.738718032836914
3,22.1219482421875
4,21.647640228271484
5,21.626272201538086
6,21.870357513427734
7,21.776329040527344
8,21.863019943237305
9,21.94278907775879
