{
  "Step": 0.45825756949558394,
  "Reconstruction Loss": 898.7296255975753,
  "KL Loss": 14.399625128036396,
  "Uniformity Loss": 0.24527085007921132,
  "Orthogonality Loss": 0.07230173750356096,
  "Total Loss": 923.9772269734751,
  "Time": 0.005224665422629738,
  "Entropy": 0.030157254827375444,
  "Margin": 0.026174325564820647,
  "0 Fraction": 0.01842160331648687,
  "1 Fraction": 0.0203125,
  "2 Fraction": 0.01788362990978062,
  "3 Fraction": 0.02166472597478445,
  "4 Fraction": 0.034666730831771554,
  "5 Fraction": 0.016919068615396653,
  "6 Fraction": 0.021093749999999998,
  "7 Fraction": 0.014905300022139776,
  "8 Fraction": 0.039536190402749985,
  "9 Fraction": 0.014170591521263324,
  "FID": 0.48135741799921056,
  "Time/Step": 0.000716798801112084
}