{
  "Step": 1.7,
  "Reconstruction Loss": 47764.49765625,
  "KL Loss": 1476.1224365234375,
  "Uniformity Loss": 0.7265044808387756,
  "Orthogonality Loss": 0.04539166473550717,
  "Total Loss": 49286.011757508946,
  "Time": 0.018807997703552133,
  "Entropy": 0.38700290620326994,
  "Margin": 0.3900667458772659,
  "0 Fraction": 0.084375,
  "1 Fraction": 0.0453125,
  "2 Fraction": 0.0515625,
  "3 Fraction": 0.10859375,
  "4 Fraction": 0.11796875,
  "5 Fraction": 0.02421875,
  "6 Fraction": 0.12578125,
  "7 Fraction": 0.0578125,
  "8 Fraction": 0.25234375,
  "9 Fraction": 0.13203125,
  "FID": 23.284519577026366,
  "Time/Step": 0.011063528060913019,
  "Original FID": 20.452228546142578
}