{
  "Step": 2.7,
  "Reconstruction Loss": 50383.384375,
  "KL Loss": 1473.0863525390625,
  "Uniformity Loss": 0.3192806139588356,
  "Orthogonality Loss": 0.07215650590442232,
  "Total Loss": 51928.62723344348,
  "Time": 0.05527057832142081,
  "Entropy": 0.36537579298019407,
  "Margin": 0.390606889128685,
  "0 Fraction": 0.0984375,
  "1 Fraction": 0.00390625,
  "2 Fraction": 0.06484375,
  "3 Fraction": 0.109375,
  "4 Fraction": 0.12265625,
  "5 Fraction": 0.021875,
  "6 Fraction": 0.1296875,
  "7 Fraction": 0.06015625,
  "8 Fraction": 0.26796875,
  "9 Fraction": 0.12109375,
  "FID": 21.764022254943846,
  "Time/Step": 0.020470584563489186,
  "Original FID": 20.763214111328125
}