{
  "Step": 0.45825756949558405,
  "Reconstruction Loss": 1736.5062456208793,
  "KL Loss": 14.838250187791267,
  "Uniformity Loss": 0.06557120850385358,
  "Orthogonality Loss": 0.06455765939935587,
  "Total Loss": 1762.4672179752679,
  "Time": 0.009410117896995626,
  "Entropy": 0.022449201204594576,
  "Margin": 0.019570354386050454,
  "0 Fraction": 0.02425652296290629,
  "1 Fraction": 0.005240784322265132,
  "2 Fraction": 0.018504248878635957,
  "3 Fraction": 0.030856902590830466,
  "4 Fraction": 0.04149459914027969,
  "5 Fraction": 0.010937500000000001,
  "6 Fraction": 0.044083549936455885,
  "7 Fraction": 0.01564451905820374,
  "8 Fraction": 0.036983751182951954,
  "9 Fraction": 0.02525504668006971,
  "FID": 0.1810791509033771,
  "Time/Step": 0.000271023747411035
}