expr-id,FID
0,174.7833228
1,175.8520203
2,178.7584839
3,170.7774963
4,173.3046265
5,176.1940002
6,172.5280457
7,174.7645416
8,173.7617035
9,182.9975281