expr-id,FID
0,174.57969665527344
1,175.08294677734375
2,175.03732299804688
3,174.92318725585938
4,171.76370239257812
5,178.69444274902344
6,175.8422088623047
7,174.2831268310547
8,179.39028930664062
9,172.07278442382812
