{
  "Step": 0.4,
  "Reconstruction Loss": 2738.3622993986446,
  "KL Loss": 3225.7170103707676,
  "Uniformity Loss": 1.5966267191726005,
  "Orthogonality Loss": 51.902576743681955,
  "Total Loss": 47030.73557115315,
  "Time": 0.014512029450544037,
  "Entropy": 0.041361838272078844,
  "Margin": 0.026737989629098416,
  "0 Fraction": 0.09631896879639025,
  "1 Fraction": 0.09631896879639025,
  "FID": 3.275717179228196,
  "Time/Step": 0.005533641409376068
}