{
  "Step": 2.9,
  "Reconstruction Loss": 67909.336328125,
  "KL Loss": 14407.930419921875,
  "Uniformity Loss": 0.08013477250351565,
  "Orthogonality Loss": 21.735865914821623,
  "Total Loss": 104133.26743537202,
  "Time": 0.3894952869415282,
  "Entropy": 0.02323792474344368,
  "Margin": 0.01678973659873005,
  "0 Fraction": 0.9953125,
  "1 Fraction": 0.0046875,
  "FID": 175.1669708251953,
  "Time/Step": 0.13430871963500973,
  "Original FID": 165.653076171875
}