{
  "Step": 1.8,
  "Reconstruction Loss": 23924.1384765625,
  "KL Loss": 9546.518701171875,
  "Uniformity Loss": 1.3835598796606063,
  "Orthogonality Loss": 78.8036879658699,
  "Total Loss": 113657.90502326489,
  "Time": 0.04643663406372064,
  "Entropy": 0.08084856681525705,
  "Margin": 0.05179821178317064,
  "0 Fraction": 0.9140625,
  "1 Fraction": 0.0859375,
  "FID": 175.37217689000002,
  "Time/Step": 0.025798130035400352,
  "Original FID": 166.8336639404297
}