{
  "Step": 0.5385164807134504,
  "Reconstruction Loss": 31852.42326243167,
  "KL Loss": 4430.775475031076,
  "Uniformity Loss": 0.07204736821392273,
  "Orthogonality Loss": 31.84043516337152,
  "Total Loss": 12082.150000174812,
  "Time": 0.2175352959843288,
  "Entropy": 0.011604124405831983,
  "Margin": 0.006423991550396066,
  "0 Fraction": 0.005182226234930313,
  "1 Fraction": 0.005182226234930313,
  "FID": 2.304365840567477,
  "Time/Step": 0.069555521252781
}