{
  "Step": 188.5,
  "Reconstruction Loss": 22068.47734375,
  "KL Loss": 785.3126281738281,
  "Uniformity Loss": 0.4894083499908447,
  "Orthogonality Loss": 0.3703721880912781,
  "Total Loss": 23343.19832191467,
  "Time": 1.610632383823384,
  "Entropy": 0.39275353848934175,
  "Margin": 0.37904315888881684,
  "0 Fraction": 0.090625,
  "1 Fraction": 0.0234375,
  "2 Fraction": 0.06484375,
  "3 Fraction": 0.11953125,
  "4 Fraction": 0.0984375,
  "5 Fraction": 0.02265625,
  "6 Fraction": 0.14765625,
  "7 Fraction": 0.0734375,
  "8 Fraction": 0.240625,
  "9 Fraction": 0.11875,
  "FID": 41.29832038879395,
  "Time/Step": 0.00854446887969965,
  "Original FID": 20.83910369873047
}