{
  "Step": 27.965156892104144,
  "Reconstruction Loss": 929.0121408850557,
  "KL Loss": 7.7672630088569345,
  "Uniformity Loss": 0.09131304447114393,
  "Orthogonality Loss": 0.07695021227606262,
  "Total Loss": 934.2846397679774,
  "Time": 0.2446616661985727,
  "Entropy": 0.031126287515702664,
  "Margin": 0.028655775463226844,
  "0 Fraction": 0.020131404260508006,
  "1 Fraction": 0.0,
  "2 Fraction": 0.020085875206535063,
  "3 Fraction": 0.03278458634118326,
  "4 Fraction": 0.027332587007087347,
  "5 Fraction": 0.01129440023031325,
  "6 Fraction": 0.02109375,
  "7 Fraction": 0.02159417962669571,
  "8 Fraction": 0.027907142342955864,
  "9 Fraction": 0.025626905416963632,
  "FID": 1.1744899982516621,
  "Time/Step": 0.00027585961932760693
}