expr-id,FID
0,177.37315368652344
1,170.07118225097656
2,nan
3,167.6350860595703
4,171.0747528076172
5,170.01809692382812
6,169.59146118164062
7,167.4415283203125
8,169.81082153320312
9,nan
