{
  "Step": 3.4698703145794942,
  "Reconstruction Loss": 44529.96607164754,
  "KL Loss": 1755.862585757254,
  "Uniformity Loss": 0.2532698453995978,
  "Orthogonality Loss": 92.5606458074746,
  "Total Loss": 46143.76715182949,
  "Time": 0.08501792575063682,
  "Entropy": 0.022568395140333805,
  "Margin": 0.012806595356984656,
  "0 Fraction": 0.01602990978803374,
  "1 Fraction": 0.01602990978803374,
  "FID": 2.185040049644184,
  "Time/Step": 0.0032012268037972334
}