{
  "Step": 4.6,
  "Reconstruction Loss": 50488.315625,
  "KL Loss": 9025.853125,
  "Uniformity Loss": 0.45043518096208573,
  "Orthogonality Loss": 98.86744661331177,
  "Total Loss": 59964.60393096208,
  "Time": 0.11002349853515601,
  "Entropy": 0.029689459595829183,
  "Margin": 0.020854236837476454,
  "0 Fraction": 0.96640625,
  "1 Fraction": 0.03359375,
  "FID": 171.05398406982422,
  "Time/Step": 0.0239181518554687,
  "Original FID": 165.8607635498047
}