{
  "Step": 19.199218734104782,
  "Reconstruction Loss": 60188.90688939752,
  "KL Loss": 10074.245734493577,
  "Uniformity Loss": 0.2544784668371852,
  "Orthogonality Loss": 47.53538657724181,
  "Total Loss": 64911.93879339965,
  "Time": 0.44190277110767,
  "Entropy": 0.02240934032101009,
  "Margin": 0.011860590298274198,
  "0 Fraction": 0.019593650318725706,
  "1 Fraction": 0.019593650318725706,
  "FID": NaN,
  "Time/Step": 0.000700889099755777
}