expr-id,FID
0,173.11056518554688
1,166.6055450439453
2,170.53125
3,167.26123046875
4,171.62261962890625
5,171.52310180664062
6,167.81320190429688
7,168.46047973632812
8,171.2445526123047
9,167.3783721923828
