{
  "Step": 0.4,
  "Reconstruction Loss": 8926.210172346156,
  "KL Loss": 660.8985967137879,
  "Uniformity Loss": 1.8592964448131402,
  "Orthogonality Loss": 0.009462544280317814,
  "Total Loss": 8831.57642387878,
  "Time": 0.01296444775240695,
  "Entropy": 0.06570068304931831,
  "Margin": 0.04233003080665508,
  "0 Fraction": 0.10949769903404362,
  "1 Fraction": 0.10949769903404363,
  "FID": 2.6817925307900063,
  "Time/Step": 0.000908239762904166
}