{
  "Step": 1.8,
  "Reconstruction Loss": 42744.9421875,
  "KL Loss": 16488.18212890625,
  "Uniformity Loss": 1.5158003002405167,
  "Orthogonality Loss": 0.9827487885951995,
  "Total Loss": 60215.87310500145,
  "Time": 0.057851214408874405,
  "Entropy": 0.09001096598803991,
  "Margin": 0.05902990438044068,
  "0 Fraction": 0.9109375,
  "1 Fraction": 0.0890625,
  "FID": 168.87857971191406,
  "Time/Step": 0.03213956356048578,
  "Original FID": 165.9474639892578
}