{
  "Step": 1.8,
  "Reconstruction Loss": 39502.033203125,
  "KL Loss": 16626.49140625,
  "Uniformity Loss": 0.6912621945142746,
  "Orthogonality Loss": 0.9288582026958465,
  "Total Loss": 57057.38281207085,
  "Time": 0.05663791179656975,
  "Entropy": 0.046040518954396197,
  "Margin": 0.0321589780040085,
  "0 Fraction": 0.95625,
  "1 Fraction": 0.04375,
  "FID": 169.55509185791016,
  "Time/Step": 0.03146550655364986,
  "Original FID": 164.96124267578125
}