{
  "Step": 0.7483314773547883,
  "Reconstruction Loss": 8696.412127516282,
  "KL Loss": 439.7230700387231,
  "Uniformity Loss": 0.4265501487370528,
  "Orthogonality Loss": 0.08254023717557162,
  "Total Loss": 8781.031069791754,
  "Time": 0.023648550339326734,
  "Entropy": 0.0391387719194947,
  "Margin": 0.024656923177958857,
  "0 Fraction": 0.025483603797343893,
  "1 Fraction": 0.025483603797343893,
  "FID": 2.180100421417383,
  "Time/Step": 0.0011250959786090252
}