expr-id,FID
0,173.0235595703125
1,174.47506713867188
2,177.12945556640625
3,172.88787841796875
4,172.91563415527344
5,175.305419921875
6,174.05824279785156
7,173.77264404296875
8,176.2418670654297
9,176.95635986328125
