{
  "Step": 2.8,
  "Reconstruction Loss": 39179.221484375,
  "KL Loss": 16039.017578125,
  "Uniformity Loss": 0.07175791754707458,
  "Orthogonality Loss": 0.985102254152298,
  "Total Loss": 56275.09923419937,
  "Time": 0.4992107582092284,
  "Entropy": 0.02189122019335622,
  "Margin": 0.01682926425710316,
  "0 Fraction": 0.996875,
  "1 Fraction": 0.003125,
  "FID": 173.39474792480468,
  "Time/Step": 0.17828955650329587,
  "Original FID": 165.89219665527344
}