{
  "Step": 0.45825756949558394,
  "Reconstruction Loss": 6123.186588024768,
  "KL Loss": 415.14222734589947,
  "Uniformity Loss": 1.927061627479214,
  "Orthogonality Loss": 0.01751100888191846,
  "Total Loss": 4787.841068747893,
  "Time": 0.01450175243948391,
  "Entropy": 0.05487826845206838,
  "Margin": 0.03260789638299271,
  "0 Fraction": 0.11228277639513551,
  "1 Fraction": 0.11228277639513551,
  "FID": 1.559886749250962,
  "Time/Step": 0.0011662393581377507
}