{
  "Step": 0.39999999999999997,
  "Reconstruction Loss": 2836.1425766894763,
  "KL Loss": 306.9366231636661,
  "Uniformity Loss": 0.08444727399710725,
  "Orthogonality Loss": 0.0051510294314576635,
  "Total Loss": 3056.038585155855,
  "Time": 0.07124570124059292,
  "Entropy": 0.014525090344654563,
  "Margin": 0.008839484472361632,
  "0 Fraction": 0.0038273277230987156,
  "1 Fraction": 0.003827327723098716,
  "FID": 1.7918501669529814,
  "Time/Step": 0.0002688055184116457
}