{
  "Step": 1.7,
  "Reconstruction Loss": 36294.6830078125,
  "KL Loss": 16222.09619140625,
  "Uniformity Loss": 1.6875093549489975,
  "Orthogonality Loss": 0.9746978342533111,
  "Total Loss": 55178.98638842106,
  "Time": 0.053255186080932534,
  "Entropy": 0.08805807530879972,
  "Margin": 0.05737888775765889,
  "0 Fraction": 0.9,
  "1 Fraction": 0.1,
  "FID": 174.6766128540039,
  "Time/Step": 0.031326580047607376,
  "Original FID": 165.0508270263672
}