{
  "Step": 8.0,
  "Reconstruction Loss": 53772.33984375,
  "KL Loss": 9062.08583984375,
  "Uniformity Loss": 0.19768743813037867,
  "Orthogonality Loss": 72.37027880456299,
  "Total Loss": 63032.11312172413,
  "Time": 0.18127938995592835,
  "Entropy": 0.03575107939541337,
  "Margin": 0.025683553609996978,
  "0 Fraction": 0.99140625,
  "1 Fraction": 0.00859375,
  "FID": 176.428564453125,
  "Time/Step": 0.022659923744491044,
  "Original FID": 165.3701629638672
}