{
  "Step": 9.252026804976301,
  "Reconstruction Loss": 29076.636167103323,
  "KL Loss": 1105.5248151193373,
  "Uniformity Loss": 0.06927328623524515,
  "Orthogonality Loss": 39.68408633490925,
  "Total Loss": 30062.182183199468,
  "Time": 0.20965474394738026,
  "Entropy": 0.010384592196922384,
  "Margin": 0.007648268227095235,
  "0 Fraction": 0.0064895498929047465,
  "1 Fraction": 0.006489549892904746,
  "FID": 3.490031572447347,
  "Time/Step": 0.00011258164462349357
}