{
  "Step": 12.9,
  "Reconstruction Loss": 67526.303515625,
  "KL Loss": 12393.678369140625,
  "Uniformity Loss": 0.6180854082107544,
  "Orthogonality Loss": 35.208952790498735,
  "Total Loss": 80538.06729297638,
  "Time": 0.2920069670677178,
  "Entropy": 0.063073750026524,
  "Margin": 0.04105403982102867,
  "0 Fraction": 0.9625,
  "1 Fraction": 0.0375,
  "FID": 176.428564453125,
  "Time/Step": 0.0226361989974975,
  "Original FID": 165.3701629638672
}