{
  "Step": 10.931148155614762,
  "Reconstruction Loss": 41539.68301014566,
  "KL Loss": 6297.470786809315,
  "Uniformity Loss": 0.3696761665285374,
  "Orthogonality Loss": 41.97677404477363,
  "Total Loss": 42994.23351818022,
  "Time": 0.24749456607016201,
  "Entropy": 0.029975785136808653,
  "Margin": 0.019478607920398697,
  "0 Fraction": 0.01907274314958391,
  "1 Fraction": 0.01907274314958391,
  "FID": 3.490031572447347,
  "Time/Step": 0.0003083446836361908
}