{
  "Step": 12.1,
  "Reconstruction Loss": NaN,
  "KL Loss": NaN,
  "Uniformity Loss": 0.43854149878025056,
  "Orthogonality Loss": NaN,
  "Total Loss": NaN,
  "Time": 0.06468702746337254,
  "Entropy": 0.42854822874069215,
  "Margin": 0.43148972988128664,
  "0 Fraction": 0.084375,
  "1 Fraction": 0.0140625,
  "2 Fraction": 0.0703125,
  "3 Fraction": 0.1140625,
  "4 Fraction": 0.084375,
  "5 Fraction": 0.03203125,
  "6 Fraction": 0.1359375,
  "7 Fraction": 0.0703125,
  "8 Fraction": 0.246875,
  "9 Fraction": 0.14765625,
  "FID": 25.093402671813966,
  "Time/Step": 0.00534603532755145,
  "Original FID": 20.864200592041016
}