{
  "Step": 9.812746812182612,
  "Reconstruction Loss": NaN,
  "KL Loss": NaN,
  "Uniformity Loss": 0.059171686326571805,
  "Orthogonality Loss": NaN,
  "Total Loss": NaN,
  "Time": 0.052462883390005564,
  "Entropy": 0.020884592860994023,
  "Margin": 0.030959847780514475,
  "0 Fraction": 0.01593443597997745,
  "1 Fraction": 0.003125,
  "2 Fraction": 0.02445699350390395,
  "3 Fraction": 0.02642427269576213,
  "4 Fraction": 0.01939011507186071,
  "5 Fraction": 0.01328125,
  "6 Fraction": 0.027994488854951434,
  "7 Fraction": 0.011587810136086974,
  "8 Fraction": 0.03634282296754064,
  "9 Fraction": 0.014170591521263322,
  "FID": 0.37171029276425954,
  "Time/Step": 3.9407904792546235e-05
}