expr-id,FID
0,241.2486912
1,246.4347414
2,243.112897
3,240.4094589
4,244.1931122
5,245.0017378
6,235.6842099
7,237.8307921
8,244.4482051
9,243.8999646
