expr-id,FID
0,22.690185546875
1,22.934921264648438
2,21.64273452758789
