{
  "Step": 1.0,
  "Reconstruction Loss": 39076.3671875,
  "KL Loss": 1038.5696207682292,
  "Uniformity Loss": 6.172904968261719,
  "Orthogonality Loss": 0.005490458298784934,
  "Total Loss": 46293.33223482873,
  "Time": 0.1314942042032877,
  "Entropy": 0.21908146142959586,
  "Margin": 0.17923972507317856,
  "0 Fraction": 0.0,
  "1 Fraction": 0.4033333361148834,
  "2 Fraction": 0.0,
  "3 Fraction": 0.3166666726271311,
  "4 Fraction": 0.0,
  "5 Fraction": 0.0,
  "6 Fraction": 0.0,
  "7 Fraction": 0.0,
  "8 Fraction": 0.28000000615914655,
  "9 Fraction": 0.0,
  "FID": 22.422613779703777,
  "Time/Step": 0.1314942042032877
}