{
  "Step": 0.0,
  "Reconstruction Loss": 1765.171785066911,
  "KL Loss": 8.025644389698005,
  "Uniformity Loss": 0.12449552345136469,
  "Orthogonality Loss": 0.004140482784062911,
  "Total Loss": 1825.4313234415192,
  "Time": 0.16195884676933514,
  "Entropy": 0.018184453199475523,
  "Margin": 0.018552418656222897,
  "0 Fraction": 0.0,
  "1 Fraction": 0.020548051253294532,
  "2 Fraction": 0.0,
  "3 Fraction": 0.012472190014848956,
  "4 Fraction": 0.0,
  "5 Fraction": 0.0,
  "6 Fraction": 0.0,
  "7 Fraction": 0.0,
  "8 Fraction": 0.028284279395852624,
  "9 Fraction": 0.0,
  "FID": 0.560435918905481,
  "Time/Step": 0.16195884676933514
}