{
  "Step": 2.0,
  "Total Loss": 0.20028232038021088,
  "Time": 2.418581008911133,
  "0 Fraction": 0.0,
  "1 Fraction": 1.0,
  "FID": NaN,
  "Time/Step": 1.2092905044555664,
  "Original FID": 352.1975888221277
}