{
  "Step": 0.0,
  "Total Loss": 0.09406547248363496,
  "Time": 0.01250457763671875,
  "0 Fraction": 0.0,
  "1 Fraction": 0.0,
  "FID": NaN,
  "Time/Step": 0.006252288818359375
}