expr-id,FID
0,nan
1,169.30462646484375
2,171.7830810546875
3,163.47836303710938
4,169.05218505859375
5,166.09487915039062
6,168.3683319091797
7,168.65158081054688
8,167.99295043945312
9,170.50927734375
