{
  "Step": 2.0,
  "Reconstruction Loss": 26026.68515625,
  "KL Loss": 10015.14091796875,
  "Uniformity Loss": 0.8363573729991913,
  "Orthogonality Loss": 92.13073868155479,
  "Total Loss": 129008.92212877274,
  "Time": 0.049783897399902244,
  "Entropy": 0.06103328540921207,
  "Margin": 0.04081705082207915,
  "0 Fraction": 0.946875,
  "1 Fraction": 0.053125,
  "FID": NaN,
  "Time/Step": 0.024891948699951122,
  "Original FID": 165.8562774658203
}