{
  "Step": 1.1832159566199232,
  "Reconstruction Loss": 17861.6709268601,
  "KL Loss": 4066.8919115152194,
  "Uniformity Loss": 0.31953520882406466,
  "Orthogonality Loss": 68.52337237354965,
  "Total Loss": 58976.90997823019,
  "Time": 0.03678041807062485,
  "Entropy": 0.02789021318989892,
  "Margin": 0.016632448847336365,
  "0 Fraction": 0.018221724671391562,
  "1 Fraction": 0.018221724671391562,
  "FID": NaN,
  "Time/Step": 0.004968200865085251
}