{
  "Step": 0.4472135954999579,
  "Reconstruction Loss": 12662.143277981153,
  "KL Loss": 3670.0472177900006,
  "Uniformity Loss": 1.078380803677861,
  "Orthogonality Loss": 72.9688367808216,
  "Total Loss": 67031.81794804937,
  "Time": 0.01404871759903015,
  "Entropy": 0.03870405496586686,
  "Margin": 0.02527997736624274,
  "0 Fraction": 0.06392897670462121,
  "1 Fraction": 0.06392897670462121,
  "FID": NaN,
  "Time/Step": 0.00418172452922919
}