{
  "Step": 150.4268925425238,
  "Reconstruction Loss": 2486.6463850339214,
  "KL Loss": 75.71502754519064,
  "Uniformity Loss": 0.0530950219393429,
  "Orthogonality Loss": 0.018370021701321647,
  "Total Loss": 2559.4495134718304,
  "Time": 0.8532402951447241,
  "Entropy": 0.02426064364367925,
  "Margin": 0.023459588792500846,
  "0 Fraction": 0.03001464486296648,
  "1 Fraction": 0.0,
  "2 Fraction": 0.031210913055372155,
  "3 Fraction": 0.03001464486296648,
  "4 Fraction": 0.03922621940822873,
  "5 Fraction": 0.011158481919598203,
  "6 Fraction": 0.026435819243263485,
  "7 Fraction": 0.015546678704790935,
  "8 Fraction": 0.031724907037885865,
  "9 Fraction": 0.027742626413382352,
  "FID": 0.46938130117129234,
  "Time/Step": 0.0002558463640235009
}