{
  "Step": 387.5,
  "Reconstruction Loss": 45393.3734375,
  "KL Loss": 1386.9237426757813,
  "Uniformity Loss": 0.3912999272346497,
  "Orthogonality Loss": 0.020091696796589502,
  "Total Loss": 47171.59710741043,
  "Time": 2.180809080600722,
  "Entropy": 0.40798996686935424,
  "Margin": 0.4056616395711899,
  "0 Fraction": 0.11875,
  "1 Fraction": 0.0234375,
  "2 Fraction": 0.0796875,
  "3 Fraction": 0.1234375,
  "4 Fraction": 0.10390625,
  "5 Fraction": 0.0109375,
  "6 Fraction": 0.12890625,
  "7 Fraction": 0.0640625,
  "8 Fraction": 0.21953125,
  "9 Fraction": 0.12734375,
  "FID": 23.42777328491211,
  "Time/Step": 0.00562789440155025,
  "Original FID": 20.6091365814209
}