expr-id,FID
0,21.18784523010254
1,22.97524070739746
2,21.861539840698242
3,22.91375732421875
4,22.45015525817871
5,21.618785858154297
6,22.130966186523438
7,22.190780639648438
8,21.996768951416016
9,22.085124969482422
