{
  "Step": 1.6,
  "Reconstruction Loss": 47410.473046875,
  "KL Loss": 1479.1955200195312,
  "Uniformity Loss": 0.7695492714643478,
  "Orthogonality Loss": 0.04992812098935243,
  "Total Loss": 49709.14595934823,
  "Time": 0.01804382324218744,
  "Entropy": 0.3793227195739746,
  "Margin": 0.4009820997714996,
  "0 Fraction": 0.09375,
  "1 Fraction": 0.053125,
  "2 Fraction": 0.0671875,
  "3 Fraction": 0.09921875,
  "4 Fraction": 0.0921875,
  "5 Fraction": 0.01875,
  "6 Fraction": 0.13828125,
  "7 Fraction": 0.07109375,
  "8 Fraction": 0.24375,
  "9 Fraction": 0.12265625,
  "FID": 23.395601081848145,
  "Time/Step": 0.01127738952636715,
  "Original FID": 20.990482330322266
}