{
  "Step": 0.39999999999999997,
  "Reconstruction Loss": 1153.8903841242336,
  "KL Loss": 14.767289179031204,
  "Uniformity Loss": 0.03566958851476115,
  "Orthogonality Loss": 0.04461521601158056,
  "Total Loss": 1122.866613561334,
  "Time": 0.00875629217060224,
  "Entropy": 0.0350478353681293,
  "Margin": 0.025775782584756032,
  "0 Fraction": 0.0214808235701055,
  "1 Fraction": 0.0035801372616842495,
  "2 Fraction": 0.022110893278257666,
  "3 Fraction": 0.027243118397129208,
  "4 Fraction": 0.023385358667337132,
  "5 Fraction": 0.01355418091632615,
  "6 Fraction": 0.025781250000000002,
  "7 Fraction": 0.01540865853384064,
  "8 Fraction": 0.04238956239453293,
  "9 Fraction": 0.02109375,
  "FID": 0.5171558111848824,
  "Time/Step": 0.00023362197567126103
}