{
  "Step": 0.48989794855663565,
  "Reconstruction Loss": 1861.0108315625203,
  "KL Loss": 9.672776757641868,
  "Uniformity Loss": 0.28070059128179026,
  "Orthogonality Loss": 0.054239903253545926,
  "Total Loss": 1689.496315892484,
  "Time": 0.005832524310815748,
  "Entropy": 0.030709140733674225,
  "Margin": 0.02013414864762752,
  "0 Fraction": 0.01307281291459493,
  "1 Fraction": 0.023385358667337135,
  "2 Fraction": 0.020432338797846908,
  "3 Fraction": 0.02882166679015112,
  "4 Fraction": 0.023385358667337132,
  "5 Fraction": 0.011158481919598203,
  "6 Fraction": 0.03698375118295195,
  "7 Fraction": 0.02222103539582483,
  "8 Fraction": 0.02981060004427955,
  "9 Fraction": 0.02183310720700331,
  "FID": 0.33680044663886943,
  "Time/Step": 0.0011172760800262941
}