{
  "Step": 2.8,
  "Reconstruction Loss": 50137.793359375,
  "KL Loss": 1483.9080322265625,
  "Uniformity Loss": 0.2712393641471863,
  "Orthogonality Loss": 0.051776875677751334,
  "Total Loss": 51944.7176314265,
  "Time": 0.06117102622985832,
  "Entropy": 0.3896093338727951,
  "Margin": 0.3961348652839661,
  "0 Fraction": 0.0921875,
  "1 Fraction": 0.00234375,
  "2 Fraction": 0.08359375,
  "3 Fraction": 0.115625,
  "4 Fraction": 0.1078125,
  "5 Fraction": 0.02578125,
  "6 Fraction": 0.13203125,
  "7 Fraction": 0.05390625,
  "8 Fraction": 0.2609375,
  "9 Fraction": 0.12578125,
  "FID": 22.14109649658203,
  "Time/Step": 0.02184679508209226,
  "Original FID": 20.437292098999023
}