Step,Total Loss,Time,0 Fraction,1 Fraction
1.0,0.01810083372402003,4.304610371589661,0.0,1.0
2.0,0.20028232038021088,1.2092905044555664,0.0,1.0
