Step,Total Loss,Time,0 Fraction,1 Fraction
0.0,0.018052244355203566,0.32436859607696533,0.0,0.0
0.0,0.09406547248363496,0.006252288818359375,0.0,0.0
