{
  "Step": 5.2,
  "Reconstruction Loss": 31677.5203125,
  "KL Loss": 743.5177307128906,
  "Uniformity Loss": 1.1775854885578156,
  "Orthogonality Loss": 0.050159537114086494,
  "Total Loss": 33598.6235317707,
  "Time": 0.04155607223510714,
  "Entropy": 0.5208719611167908,
  "Margin": 0.5350934594869614,
  "0 Fraction": 0.06953125,
  "1 Fraction": 0.034375,
  "2 Fraction": 0.07109375,
  "3 Fraction": 0.08515625,
  "4 Fraction": 0.04921875,
  "5 Fraction": 0.00625,
  "6 Fraction": 0.11953125,
  "7 Fraction": 0.0453125,
  "8 Fraction": 0.43046875,
  "9 Fraction": 0.0890625,
  "FID": 64.18608360290527,
  "Time/Step": 0.00799155235290522,
  "Original FID": 20.410888671875
}