{
  "Step": 1.7776388834631178,
  "Reconstruction Loss": 5543.488574330909,
  "KL Loss": 12.497816764907279,
  "Uniformity Loss": 0.22778921118387419,
  "Orthogonality Loss": 0.06937665896006043,
  "Total Loss": 5744.441889666674,
  "Time": 0.014297510964799559,
  "Entropy": 0.04402662222927955,
  "Margin": 0.046476948984427495,
  "0 Fraction": 0.023696485762661094,
  "1 Fraction": 0.005846339666834283,
  "2 Fraction": 0.021266652482525312,
  "3 Fraction": 0.030095875444153472,
  "4 Fraction": 0.028179201245111616,
  "5 Fraction": 0.004687500000000001,
  "6 Fraction": 0.030747919772116293,
  "7 Fraction": 0.01148198316929615,
  "8 Fraction": 0.08653556101576103,
  "9 Fraction": 0.04250459533979826,
  "FID": 1.646528726174689,
  "Time/Step": 0.0004004439169840342
}