{
  "Step": 1.7776388834631178,
  "Reconstruction Loss": 4389.280058809246,
  "KL Loss": 8.541650587035035,
  "Uniformity Loss": 0.2403095820948602,
  "Orthogonality Loss": 0.054070990814236636,
  "Total Loss": 4576.582063324535,
  "Time": 0.014309937166453757,
  "Entropy": 0.0581676397863193,
  "Margin": 0.05609415825452538,
  "0 Fraction": 0.019279629186332914,
  "1 Fraction": 0.013621559198564604,
  "2 Fraction": 0.02050688241938545,
  "3 Fraction": 0.027610307886050456,
  "4 Fraction": 0.02292406367362689,
  "5 Fraction": 0.012979099785809493,
  "6 Fraction": 0.02882166679015112,
  "7 Fraction": 0.01148198316929615,
  "8 Fraction": 0.09220405042113117,
  "9 Fraction": 0.04624577683421482,
  "FID": 1.646528726174689,
  "Time/Step": 0.00031313355584819614
}