{
  "Step": 6.2,
  "Reconstruction Loss": 34735.748046875,
  "KL Loss": 736.4170715332032,
  "Uniformity Loss": 1.0641139805316926,
  "Orthogonality Loss": 0.070261358609423,
  "Total Loss": 36536.27909893989,
  "Time": 0.049046072959899566,
  "Entropy": 0.5285113483667374,
  "Margin": 0.5435228228569031,
  "0 Fraction": 0.0625,
  "1 Fraction": 0.009375,
  "2 Fraction": 0.07265625,
  "3 Fraction": 0.0828125,
  "4 Fraction": 0.04453125,
  "5 Fraction": 0.0015625,
  "6 Fraction": 0.11015625,
  "7 Fraction": 0.0453125,
  "8 Fraction": 0.50078125,
  "9 Fraction": 0.0703125,
  "FID": 64.18608360290527,
  "Time/Step": 0.007910656929016059,
  "Original FID": 20.410888671875
}