expr-id,FID
0,171.80532836914062
1,171.84478759765625
2,168.74676513671875
3,171.73068237304688
4,167.12698364257812
5,171.71176147460938
6,172.1488037109375
7,167.9049835205078
8,170.15936279296875
9,171.8607635498047
