{
  "Step": 1.1357816691600546,
  "Reconstruction Loss": 10509.350402623224,
  "KL Loss": 331.75475154600184,
  "Uniformity Loss": 0.2732686064740969,
  "Orthogonality Loss": 0.12215526351155409,
  "Total Loss": 10513.344978405763,
  "Time": 0.03850437782820634,
  "Entropy": 0.027620305175103516,
  "Margin": 0.017217619496255287,
  "0 Fraction": 0.016406249999999997,
  "1 Fraction": 0.016406249999999997,
  "FID": 1.7990710439301254,
  "Time/Step": 0.0025298417416049672
}