{
  "Step": 1.9,
  "Reconstruction Loss": 39443.2283203125,
  "KL Loss": 16425.45185546875,
  "Uniformity Loss": 0.5955812096595764,
  "Orthogonality Loss": 0.8756163358688355,
  "Total Loss": 57339.87772130966,
  "Time": 0.06372742414474478,
  "Entropy": 0.04090715833008285,
  "Margin": 0.027779568545520262,
  "0 Fraction": 0.95859375,
  "1 Fraction": 0.04140625,
  "FID": 170.50402221679687,
  "Time/Step": 0.033540749549865675,
  "Original FID": 165.46566772460938
}