{
  "Step": 0.4,
  "Reconstruction Loss": 7318.807108321574,
  "KL Loss": 410.3410747040368,
  "Uniformity Loss": 1.7546840004482325,
  "Orthogonality Loss": 0.015417310126508993,
  "Total Loss": 6088.867776911158,
  "Time": 0.013014925411035863,
  "Entropy": 0.05071251480149078,
  "Margin": 0.03058171360066479,
  "0 Fraction": 0.10199427450229744,
  "1 Fraction": 0.10199427450229742,
  "FID": 2.0382366104618455,
  "Time/Step": 0.0009346552706452071
}