{
  "Step": 1.8,
  "Reconstruction Loss": 41591.2916015625,
  "KL Loss": 16684.0525390625,
  "Uniformity Loss": 1.3794036686420441,
  "Orthogonality Loss": 0.9814613699913025,
  "Total Loss": 60636.209179258345,
  "Time": 0.05805141448974601,
  "Entropy": 0.08189799003303047,
  "Margin": 0.05256165154278273,
  "0 Fraction": 0.9171875,
  "1 Fraction": 0.0828125,
  "FID": 168.9532470703125,
  "Time/Step": 0.03225078582763667,
  "Original FID": 165.59579467773438
}