{
  "Step": 143.38981832752282,
  "Reconstruction Loss": 410154.1057276094,
  "KL Loss": 85452.12435586558,
  "Uniformity Loss": 2.2078718795707086,
  "Orthogonality Loss": 0.09216580745306689,
  "Total Loss": 453896.58527946717,
  "Time": 1.1865629007737433,
  "Entropy": 0.09318448177982296,
  "Margin": 0.09196354728850085,
  "0 Fraction": 0.009912951203476189,
  "1 Fraction": 0.16581835706296968,
  "2 Fraction": 0.11058482674512811,
  "3 Fraction": 0.0721293055473987,
  "4 Fraction": 0.0421875,
  "5 Fraction": 0.18606875619310728,
  "6 Fraction": 0.01540865853384064,
  "7 Fraction": 0.1251000576101486,
  "8 Fraction": 0.07263524561980914,
  "9 Fraction": 0.04901370981674413,
  "FID": 31.530277378321756,
  "Time/Step": 0.0007143984504853444
}