{
  "Step": 470.4,
  "Reconstruction Loss": 1414201.78125,
  "KL Loss": 240987.4489379883,
  "Uniformity Loss": 2.2621758580207825,
  "Orthogonality Loss": 0.17690127715468404,
  "Total Loss": 1657451.4060460092,
  "Time": 3.718066406249972,
  "Entropy": 0.4573704957962036,
  "Margin": 0.5203460901975632,
  "0 Fraction": 0.01015625,
  "1 Fraction": 0.10859375,
  "2 Fraction": 0.18125,
  "3 Fraction": 0.065625,
  "4 Fraction": 0.0140625,
  "5 Fraction": 0.3796875,
  "6 Fraction": 0.01484375,
  "7 Fraction": 0.15859375,
  "8 Fraction": 0.05,
  "9 Fraction": 0.0171875,
  "FID": 586.1643676757812,
  "Time/Step": 0.007904052734374941,
  "Original FID": 20.86383628845215
}