{
  "Step": 8.6,
  "Reconstruction Loss": 35716.19609375,
  "KL Loss": 849.1331176757812,
  "Uniformity Loss": 0.4086648300290108,
  "Orthogonality Loss": 0.040881755203008616,
  "Total Loss": 36973.99404145479,
  "Time": 0.06605487270175243,
  "Entropy": 0.4255953371524811,
  "Margin": 0.4777950018644333,
  "0 Fraction": 0.13359375,
  "1 Fraction": 0.01171875,
  "2 Fraction": 0.07421875,
  "3 Fraction": 0.0359375,
  "4 Fraction": 0.21875,
  "5 Fraction": 0.01796875,
  "6 Fraction": 0.10703125,
  "7 Fraction": 0.07734375,
  "8 Fraction": 0.22890625,
  "9 Fraction": 0.09453125,
  "FID": 586.1643676757812,
  "Time/Step": 0.007680799151366563,
  "Original FID": 20.86383628845215
}