{
  "Step": 1.42828568570857,
  "Reconstruction Loss": 5189.498837579188,
  "KL Loss": 26.562954837481193,
  "Uniformity Loss": 0.14661435620815869,
  "Orthogonality Loss": 0.03733469726761241,
  "Total Loss": 5335.727004381761,
  "Time": 0.010981304921248557,
  "Entropy": 0.03354729911403288,
  "Margin": 0.04210244293488117,
  "0 Fraction": 0.04342091634871954,
  "1 Fraction": 0.00390625,
  "2 Fraction": 0.02525504668006971,
  "3 Fraction": 0.03782412011534439,
  "4 Fraction": 0.0546875,
  "5 Fraction": 0.017486741629374525,
  "6 Fraction": 0.023188784499462232,
  "7 Fraction": 0.026016915320854237,
  "8 Fraction": 0.04014895361727999,
  "9 Fraction": 0.03587800782251573,
  "FID": 31.530277378321756,
  "Time/Step": 5.61857284306904e-05
}