Step,Total Loss,Time,0 Fraction,1 Fraction,Orthogonality Loss
1,0.0001257820549653843,5.107437610626221,0.0,1.0,0.0
2,0.03936321288347244,3.895390033721924,0.0,1.0,0.0
