expr-id,FID
0,nan
1,168.3013458251953
2,168.52793884277344
3,166.8389434814453
4,167.94918823242188
5,171.65603637695312
6,171.7885284423828
7,170.4087371826172
8,166.88055419921875
9,170.03347778320312
