{
  "Step": 0.0,
  "Reconstruction Loss": 551.5693134506977,
  "KL Loss": 210.9718226402717,
  "Uniformity Loss": 0.5619383532916399,
  "Orthogonality Loss": 0.1876917170573451,
  "Total Loss": 938.3155758618109,
  "Time": 0.6974117264943942,
  "Entropy": 0.030696644079751468,
  "Margin": 0.023007917432595264,
  "0 Fraction": 0.03149319432929121,
  "1 Fraction": 0.03149319432929121,
  "FID": 1.4348641302133125,
  "Time/Step": 0.001354197527173581
}