{
  "Step": 0.0,
  "Reconstruction Loss": 898.0290989356054,
  "KL Loss": 309.02711290494017,
  "Uniformity Loss": 0.2604242551408174,
  "Orthogonality Loss": 0.2682443999257527,
  "Total Loss": 1078.8458587844998,
  "Time": 0.4566154195386441,
  "Entropy": 0.020462264907915372,
  "Margin": 0.014219662056657804,
  "0 Fraction": 0.014823176532039278,
  "1 Fraction": 0.014823176532039278,
  "FID": NaN,
  "Time/Step": 0.000886631882599309
}