{
  "Step": 515.0,
  "Reconstruction Loss": 30482.2400390625,
  "KL Loss": 16373.71875,
  "Uniformity Loss": 4.799207878112793,
  "Orthogonality Loss": 0.6439030230045318,
  "Total Loss": 51655.16666717529,
  "Time": 8.928868293762186,
  "Entropy": 0.18185355961322786,
  "Margin": 0.1097179993987083,
  "0 Fraction": 0.70703125,
  "1 Fraction": 0.29296875,
  "FID": 170.16825256347656,
  "Time/Step": 0.0173376083374023,
  "Original FID": 166.12136840820312
}