{
  "Step": 659.0,
  "Reconstruction Loss": 2293779.775,
  "KL Loss": 1.852009420154422e+23,
  "Uniformity Loss": 13.633453464508056,
  "Orthogonality Loss": NaN,
  "Total Loss": 1.852009420154422e+23,
  "Time": 9.415696167945828,
  "Entropy": 0.3991249367594719,
  "Margin": 0.2607562281191349,
  "0 Fraction": 0.0421875,
  "1 Fraction": 0.9578125,
  "FID": 318.3307861328125,
  "Time/Step": 0.014287854579583958,
  "Original FID": 165.18057250976562
}