{
  "Step": 0.0,
  "Reconstruction Loss": 1364363.5947845124,
  "KL Loss": 2.3740998954166242e+23,
  "Uniformity Loss": 3.8942742186437256,
  "Orthogonality Loss": NaN,
  "Total Loss": 2.3740998954166242e+23,
  "Time": 0.3415235044114773,
  "Entropy": 0.24263138429533407,
  "Margin": 0.18681955142379117,
  "0 Fraction": 0.030896437395758106,
  "1 Fraction": 0.03089643739575811,
  "FID": 9.16522174245457,
  "Time/Step": 0.00051824507497948
}