{
  "Step": 586.7,
  "Reconstruction Loss": 16524.8509765625,
  "KL Loss": 8349.40625,
  "Uniformity Loss": 0.7301134258508682,
  "Orthogonality Loss": 0.11683238521218298,
  "Total Loss": 24874.2572265625,
  "Time": 10.750451462493112,
  "Entropy": 0.09231568276882168,
  "Margin": 0.05794245824217792,
  "0 Fraction": 0.9609375,
  "1 Fraction": 0.0390625,
  "FID": 175.95191345214843,
  "Time/Step": 0.018323592061518852,
  "Original FID": 166.28509521484375
}