{
  "Step": 646.8,
  "Reconstruction Loss": 15608.246484375,
  "KL Loss": 7850.120166015625,
  "Uniformity Loss": 0.6818620413541794,
  "Orthogonality Loss": 0.2500395272858441,
  "Total Loss": 23458.366650390624,
  "Time": 11.809243183135967,
  "Entropy": 0.08398732282221313,
  "Margin": 0.051916256919503155,
  "0 Fraction": 0.9578125,
  "1 Fraction": 0.0421875,
  "FID": 175.95191345214843,
  "Time/Step": 0.018257951736450166,
  "Original FID": 166.28509521484375
}