{
  "Step": 183.37996073726268,
  "Reconstruction Loss": 4482.779998022915,
  "KL Loss": 1726.4130891105117,
  "Uniformity Loss": 0.1883896446906933,
  "Orthogonality Loss": 0.25161467008929017,
  "Total Loss": 6185.838350927853,
  "Time": 3.362055167380152,
  "Entropy": 0.02039194768366066,
  "Margin": 0.013660731764467655,
  "0 Fraction": 0.02096313728906053,
  "1 Fraction": 0.02096313728906053,
  "FID": 3.6625099570669795,
  "Time/Step": 0.00018266994944495082
}