{
  "Step": 35.938280426308665,
  "Reconstruction Loss": 1675.7439830660737,
  "KL Loss": 172.52039373070338,
  "Uniformity Loss": 0.22785836316412392,
  "Orthogonality Loss": 0.44228627863382647,
  "Total Loss": 1802.3895481752743,
  "Time": 0.6875586873201336,
  "Entropy": 0.01879711126564838,
  "Margin": 0.014186971670704134,
  "0 Fraction": 0.017539019000502847,
  "1 Fraction": 0.017539019000502847,
  "FID": 3.6625099570669795,
  "Time/Step": 0.0003170842548304673
}