{
  "Step": 0.66332495807108,
  "Reconstruction Loss": 2546.5794945121684,
  "KL Loss": 16.599857630716333,
  "Uniformity Loss": 0.038629788738995155,
  "Orthogonality Loss": 0.11095805866657946,
  "Total Loss": 2558.322467944367,
  "Time": 0.0034044543807529764,
  "Entropy": 0.04240468131427418,
  "Margin": 0.025433277825032942,
  "0 Fraction": 0.01796875,
  "1 Fraction": 0.003827327723098716,
  "2 Fraction": 0.016554390703450852,
  "3 Fraction": 0.021551740975208938,
  "4 Fraction": 0.0213096589015404,
  "5 Fraction": 0.0171875,
  "6 Fraction": 0.02415566380271923,
  "7 Fraction": 0.013554180916326151,
  "8 Fraction": 0.02986174195877561,
  "9 Fraction": 0.027961765887770752,
  "FID": 4.929826211262461,
  "Time/Step": 0.00017543477370565356
}