{
  "Step": 3.6,
  "Reconstruction Loss": 25654.434765625,
  "KL Loss": 799.9787048339844,
  "Uniformity Loss": 0.49613572359085084,
  "Orthogonality Loss": 0.2915565364062786,
  "Total Loss": 26454.413470458985,
  "Time": 0.01789054870605455,
  "Entropy": 0.38138148188591003,
  "Margin": 0.40932362377643583,
  "0 Fraction": 0.08671875,
  "1 Fraction": 0.034375,
  "2 Fraction": 0.06484375,
  "3 Fraction": 0.12109375,
  "4 Fraction": 0.12421875,
  "5 Fraction": 0.02421875,
  "6 Fraction": 0.146875,
  "7 Fraction": 0.0609375,
  "8 Fraction": 0.22421875,
  "9 Fraction": 0.1125,
  "FID": 612.2992553710938,
  "Time/Step": 0.004969596862792931,
  "Original FID": 20.778003692626953
}