{
  "Step": 4.6,
  "Reconstruction Loss": 29371.2568359375,
  "KL Loss": 814.4104187011719,
  "Uniformity Loss": 0.31466629505157473,
  "Orthogonality Loss": 0.20661019412800669,
  "Total Loss": 30185.667254638673,
  "Time": 0.0229220008850095,
  "Entropy": 0.39300809502601625,
  "Margin": 0.4172366350889206,
  "0 Fraction": 0.08515625,
  "1 Fraction": 0.0125,
  "2 Fraction": 0.06328125,
  "3 Fraction": 0.11953125,
  "4 Fraction": 0.1375,
  "5 Fraction": 0.028125,
  "6 Fraction": 0.1421875,
  "7 Fraction": 0.05703125,
  "8 Fraction": 0.24765625,
  "9 Fraction": 0.10703125,
  "FID": 612.2992553710938,
  "Time/Step": 0.00498304367065424,
  "Original FID": 20.778003692626953
}