{
  "Step": 0.66332495807108,
  "Reconstruction Loss": 2878.0228461576485,
  "KL Loss": 13.604169461035118,
  "Uniformity Loss": 0.08127332726907703,
  "Orthogonality Loss": 0.08781224416182548,
  "Total Loss": 2888.191521919876,
  "Time": 0.003337824774623213,
  "Entropy": 0.038226543428822236,
  "Margin": 0.02310438335617133,
  "0 Fraction": 0.019902717504464058,
  "1 Fraction": 0.011158481919598203,
  "2 Fraction": 0.016774148869987415,
  "3 Fraction": 0.028651751282644137,
  "4 Fraction": 0.02406706531367088,
  "5 Fraction": 0.015408658533840642,
  "6 Fraction": 0.022041774968227942,
  "7 Fraction": 0.013441133229754104,
  "8 Fraction": 0.03046875,
  "9 Fraction": 0.0328125,
  "FID": 4.929826211262461,
  "Time/Step": 0.00014311077941312527
}