{
  "Step": 1.5132745950421556,
  "Total Loss": 0.1471116069204323,
  "Time": 1.9275303835377997,
  "0 Fraction": 0.03815756805667782,
  "1 Fraction": 0.038157568056677825,
  "FID": 0.8262821315553954,
  "Time/Step": 0.008038193748516104
}