{
  "Step": 5.1,
  "Total Loss": 0.2607422906905413,
  "Time": 6.494515704274177,
  "0 Fraction": 0.932,
  "1 Fraction": 0.068,
  "FID": 11.974317068158829,
  "Time/Step": 1.2734344518184662
}