expr-id,FID
0,21.457290649414062
1,22.06879425048828
2,21.164827346801758
3,21.649085998535156
4,21.412647247314453
5,22.04396629333496
6,21.673250198364258
7,22.789915084838867
8,21.841543197631836
9,22.110694885253906
