{
  "Step": 0.6403124237432849,
  "Reconstruction Loss": 13839.174727631918,
  "KL Loss": 356.41816204429415,
  "Uniformity Loss": 0.04169864003023524,
  "Orthogonality Loss": 0.02145578077599588,
  "Total Loss": 14187.7365031909,
  "Time": 0.009726003761629699,
  "Entropy": 0.025041599664499876,
  "Margin": 0.025342542485904944,
  "0 Fraction": 0.027994488854951437,
  "1 Fraction": 0.00546875,
  "2 Fraction": 0.017486741629374525,
  "3 Fraction": 0.014594954447085471,
  "4 Fraction": 0.023188784499462232,
  "5 Fraction": 0.012203515118604149,
  "6 Fraction": 0.025,
  "7 Fraction": 0.01970237533268514,
  "8 Fraction": 0.020009763241977657,
  "9 Fraction": 0.022963966338592295,
  "FID": 0.43763461751924204,
  "Time/Step": 0.00034989959614574424
}