{
  "Step": 1.8,
  "Reconstruction Loss": 37236.879296875,
  "KL Loss": 1193.4942626953125,
  "Uniformity Loss": 0.7367341190576553,
  "Orthogonality Loss": 0.037331074549001586,
  "Total Loss": 38467.70463411931,
  "Time": 0.017501435279846118,
  "Entropy": 0.39420185387134554,
  "Margin": 0.3851042836904526,
  "0 Fraction": 0.09375,
  "1 Fraction": 0.046875,
  "2 Fraction": 0.07578125,
  "3 Fraction": 0.103125,
  "4 Fraction": 0.096875,
  "5 Fraction": 0.025,
  "6 Fraction": 0.12734375,
  "7 Fraction": 0.06171875,
  "8 Fraction": 0.2375,
  "9 Fraction": 0.13203125,
  "FID": 23.55400867462158,
  "Time/Step": 0.00972301959991451,
  "Original FID": 20.783348083496094
}