{
  "Step": 2.7,
  "Reconstruction Loss": 36060.018359375,
  "KL Loss": 1115.8646545410156,
  "Uniformity Loss": 0.3420403003692627,
  "Orthogonality Loss": 0.024267027736641418,
  "Total Loss": 37200.150041652654,
  "Time": 0.04080669151162188,
  "Entropy": 0.3661139219999313,
  "Margin": 0.3796547144651413,
  "0 Fraction": 0.090625,
  "1 Fraction": 0.00859375,
  "2 Fraction": 0.06796875,
  "3 Fraction": 0.11640625,
  "4 Fraction": 0.11953125,
  "5 Fraction": 0.01875,
  "6 Fraction": 0.1359375,
  "7 Fraction": 0.06875,
  "8 Fraction": 0.259375,
  "9 Fraction": 0.1140625,
  "FID": 21.821201515197753,
  "Time/Step": 0.015113589448748846,
  "Original FID": 20.427583694458008
}