{
  "Step": 0.7483314773547883,
  "Reconstruction Loss": 12609.798339570394,
  "KL Loss": 343.6767962142295,
  "Uniformity Loss": 0.28547390252441346,
  "Orthogonality Loss": 0.050177357839858196,
  "Total Loss": 12923.921564466102,
  "Time": 0.008558370112268775,
  "Entropy": 0.03454619748402076,
  "Margin": 0.027039410350357364,
  "0 Fraction": 0.020070675904164264,
  "1 Fraction": 0.02591113117465156,
  "2 Fraction": 0.01883120436436555,
  "3 Fraction": 0.01907274314958391,
  "4 Fraction": 0.025721996301803635,
  "5 Fraction": 0.01739926363384382,
  "6 Fraction": 0.02615729537934876,
  "7 Fraction": 0.012327917060983984,
  "8 Fraction": 0.04435959239555747,
  "9 Fraction": 0.019279629186332917,
  "FID": 0.5392656781344832,
  "Time/Step": 0.0023115793928551185
}