expr-id,FID
0,169.867919921875
1,169.41259765625
2,170.20155334472656
3,171.98178100585938
4,175.34115600585938
5,176.28839111328125
6,167.86358642578125
7,169.45822143554688
8,170.6912384033203
9,171.94503784179688
