{
  "Step": 118.5,
  "Reconstruction Loss": NaN,
  "KL Loss": NaN,
  "Uniformity Loss": 0.43924757329655006,
  "Orthogonality Loss": NaN,
  "Total Loss": NaN,
  "Time": 2.1768876749259114,
  "Entropy": 0.01934340293282153,
  "Margin": 0.01291766447368267,
  "0 Fraction": 0.031724907037885865,
  "1 Fraction": 0.031724907037885865,
  "FID": NaN,
  "Time/Step": 0.00039082145456924554
}