{
  "Step": 515.0,
  "Reconstruction Loss": 15019.7298828125,
  "KL Loss": 7933.8630859375,
  "Uniformity Loss": 4.645360898971558,
  "Orthogonality Loss": 0.13366606920026242,
  "Total Loss": 22953.59296875,
  "Time": 9.379061579704258,
  "Entropy": 0.17838479727506634,
  "Margin": 0.10883810445666312,
  "0 Fraction": 0.7125,
  "1 Fraction": 0.2875,
  "FID": 171.30514831542968,
  "Time/Step": 0.01821177005767817,
  "Original FID": 166.2124786376953
}