{
  "Step": 475.5,
  "Reconstruction Loss": NaN,
  "KL Loss": NaN,
  "Uniformity Loss": 1.2235225915908814,
  "Orthogonality Loss": NaN,
  "Total Loss": NaN,
  "Time": 8.701234710216506,
  "Entropy": 0.0928209118545055,
  "Margin": 0.06114341132342811,
  "0 Fraction": 0.92890625,
  "1 Fraction": 0.07109375,
  "FID": NaN,
  "Time/Step": 0.018299126625061,
  "Original FID": 165.84060668945312
}