{
  "Step": 3.5,
  "Total Loss": 0.3206746742129326,
  "Time": 6.360512320399284,
  "0 Fraction": 0.97,
  "1 Fraction": 0.030000000000000006,
  "Orthogonality Loss": 0.15566349886357783,
  "FID": 11.845353195168226,
  "Time/Step": 1.8172892343997955
}