{
  "Step": 0.5,
  "Total Loss": 0.1340944993508768,
  "Time": 0.9087892054881153,
  "0 Fraction": 0.0412310562561766,
  "1 Fraction": 0.0412310562561766,
  "Orthogonality Loss": 0.14098400911114206,
  "FID": 0.8135952687715895,
  "Time/Step": 0.004585015990123001
}