{
  "Step": 1.8,
  "Reconstruction Loss": 22431.2517578125,
  "KL Loss": 769.0256286621094,
  "Uniformity Loss": 0.6798858731985092,
  "Orthogonality Loss": 0.01972512632783031,
  "Total Loss": 23880.163259673118,
  "Time": 0.014385395050048745,
  "Entropy": 0.40004155933856966,
  "Margin": 0.4125420808792114,
  "0 Fraction": 0.0828125,
  "1 Fraction": 0.040625,
  "2 Fraction": 0.06171875,
  "3 Fraction": 0.11328125,
  "4 Fraction": 0.1109375,
  "5 Fraction": 0.028125,
  "6 Fraction": 0.1265625,
  "7 Fraction": 0.05703125,
  "8 Fraction": 0.246875,
  "9 Fraction": 0.13203125,
  "FID": 24.079706382751464,
  "Time/Step": 0.00799188613891597,
  "Original FID": 20.447038650512695
}