{
  "Step": 2.8,
  "Reconstruction Loss": 22205.6275390625,
  "KL Loss": 764.2342102050782,
  "Uniformity Loss": 0.2710167467594147,
  "Orthogonality Loss": 0.034476232959423155,
  "Total Loss": 23240.87849602699,
  "Time": 0.02108619689941391,
  "Entropy": 0.38297992050647733,
  "Margin": 0.3964219093322754,
  "0 Fraction": 0.08984375,
  "1 Fraction": 0.00234375,
  "2 Fraction": 0.06328125,
  "3 Fraction": 0.1171875,
  "4 Fraction": 0.121875,
  "5 Fraction": 0.02578125,
  "6 Fraction": 0.12578125,
  "7 Fraction": 0.059375,
  "8 Fraction": 0.27109375,
  "9 Fraction": 0.1234375,
  "FID": 24.079706382751464,
  "Time/Step": 0.0075307846069335395,
  "Original FID": 20.447038650512695
}