{
  "Step": 0.39999999999999997,
  "Reconstruction Loss": 697.380775291842,
  "KL Loss": 9.767832910313148,
  "Uniformity Loss": 0.04938813443719875,
  "Orthogonality Loss": 0.04851853632078995,
  "Total Loss": 705.3918314834538,
  "Time": 0.0034535383324332367,
  "Entropy": 0.029922764746816932,
  "Margin": 0.02783993178548931,
  "0 Fraction": 0.01953125,
  "1 Fraction": 0.0035801372616842495,
  "2 Fraction": 0.019279629186332917,
  "3 Fraction": 0.02543565718140579,
  "4 Fraction": 0.02642427269576213,
  "5 Fraction": 0.014843750000000001,
  "6 Fraction": 0.026711439058248063,
  "7 Fraction": 0.011692679333668566,
  "8 Fraction": 0.026157295379348758,
  "9 Fraction": 0.011481983169296146,
  "FID": 0.49947033568993016,
  "Time/Step": 0.0005703371683494884
}