{
  "Step": 0.4,
  "Reconstruction Loss": 850.607692048085,
  "KL Loss": 8.00406776484245,
  "Uniformity Loss": 0.152451702297672,
  "Orthogonality Loss": 0.02180093781010671,
  "Total Loss": 795.3649973915874,
  "Time": 0.003490068537196238,
  "Entropy": 0.02560192822724218,
  "Margin": 0.021216875043851884,
  "0 Fraction": 0.013621559198564604,
  "1 Fraction": 0.01593443597997745,
  "2 Fraction": 0.01896040796798687,
  "3 Fraction": 0.024519304416367523,
  "4 Fraction": 0.03061862178478973,
  "5 Fraction": 0.011158481919598203,
  "6 Fraction": 0.025626905416963632,
  "7 Fraction": 0.011614116208842583,
  "8 Fraction": 0.029273428117492492,
  "9 Fraction": 0.012327917060983984,
  "FID": 0.49947033568993016,
  "Time/Step": 0.0007595159730232867
}