{
  "Step": 1.9390719429665317,
  "Total Loss": 0.005902058845343835,
  "Time": 0.6772392249901561,
  "0 Fraction": 0.044000000000000004,
  "1 Fraction": 0.044000000000000004,
  "FID": 1.0404876357977397,
  "Time/Step": 0.005639326660714953
}