expr-id,FID
0,22.94369888305664
1,21.644577026367188
2,21.545316696166992
3,21.840065002441406
4,21.944738388061523
5,23.187049865722656
6,22.063919067382812
7,21.371545791625977
8,22.200393676757812
9,22.641666412353516
