expr-id,FID
0,21.950117111206055
1,23.022274017333984
2,22.00414276123047
3,21.302358627319336
4,22.26412582397461
5,21.850704193115234
6,22.51045799255371
7,22.391660690307617
8,21.886659622192383
9,21.75979995727539
