{
  "Step": 1.6,
  "Reconstruction Loss": 31383.712890625,
  "KL Loss": 1054.3634399414063,
  "Uniformity Loss": 0.7708887815475464,
  "Orthogonality Loss": 0.0226948469295166,
  "Total Loss": 33231.65995904347,
  "Time": 0.015308380126953023,
  "Entropy": 0.3970803827047348,
  "Margin": 0.40938212871551516,
  "0 Fraction": 0.08203125,
  "1 Fraction": 0.053125,
  "2 Fraction": 0.06015625,
  "3 Fraction": 0.09921875,
  "4 Fraction": 0.109375,
  "5 Fraction": 0.02734375,
  "6 Fraction": 0.13359375,
  "7 Fraction": 0.065625,
  "8 Fraction": 0.24765625,
  "9 Fraction": 0.121875,
  "FID": 23.59510726928711,
  "Time/Step": 0.009567737579345639,
  "Original FID": 20.659852981567383
}