{
  "Step": 2.9,
  "Reconstruction Loss": 49146.21015625,
  "KL Loss": 1411.6229248046875,
  "Uniformity Loss": 0.30240496098995207,
  "Orthogonality Loss": 0.10881304153008384,
  "Total Loss": 50969.05108357473,
  "Time": 0.06291575908660872,
  "Entropy": 0.3766700506210327,
  "Margin": 0.3840212196111679,
  "0 Fraction": 0.1078125,
  "1 Fraction": 0.0046875,
  "2 Fraction": 0.07890625,
  "3 Fraction": 0.1046875,
  "4 Fraction": 0.1203125,
  "5 Fraction": 0.0234375,
  "6 Fraction": 0.11171875,
  "7 Fraction": 0.059375,
  "8 Fraction": 0.26796875,
  "9 Fraction": 0.12109375,
  "FID": 22.138297080993652,
  "Time/Step": 0.021695089340209903,
  "Original FID": 20.921855926513672
}