{
  "Step": 2.5,
  "Reconstruction Loss": 30588.4197265625,
  "KL Loss": 977.1529357910156,
  "Uniformity Loss": 0.3542573437094688,
  "Orthogonality Loss": 0.05616636201739308,
  "Total Loss": 31975.996368080378,
  "Time": 0.041455438676869974,
  "Entropy": 0.38195785582065583,
  "Margin": 0.3943866789340973,
  "0 Fraction": 0.09609375,
  "1 Fraction": 0.009375,
  "2 Fraction": 0.06875,
  "3 Fraction": 0.11171875,
  "4 Fraction": 0.1046875,
  "5 Fraction": 0.0265625,
  "6 Fraction": 0.1359375,
  "7 Fraction": 0.07421875,
  "8 Fraction": 0.26875,
  "9 Fraction": 0.10390625,
  "FID": 22.094230079650877,
  "Time/Step": 0.01658217547074799,
  "Original FID": 20.689952850341797
}