{
  "Step": 0.3,
  "Reconstruction Loss": 9039.443577382764,
  "KL Loss": 211.50229756265477,
  "Uniformity Loss": 0.076353219645565,
  "Orthogonality Loss": 0.10408307659736787,
  "Total Loss": 9202.936626775167,
  "Time": 0.01574382090475024,
  "Entropy": 0.040181599577530806,
  "Margin": 0.030151802662076017,
  "0 Fraction": 0.020610790559801435,
  "1 Fraction": 0.0038273277230987156,
  "2 Fraction": 0.025303335532346323,
  "3 Fraction": 0.027554987638356874,
  "4 Fraction": 0.019200321449132043,
  "5 Fraction": 0.013531646934131853,
  "6 Fraction": 0.02421875,
  "7 Fraction": 0.011158481919598203,
  "8 Fraction": 0.030468750000000003,
  "9 Fraction": 0.029283851271861425,
  "FID": 0.5762832060085331,
  "Time/Step": 0.0049170409029113595
}