{
  "Step": 0.48989794855663565,
  "Reconstruction Loss": 11625.315254010993,
  "KL Loss": 352.7756343328027,
  "Uniformity Loss": 0.26232642926335276,
  "Orthogonality Loss": 0.02263969846129723,
  "Total Loss": 12206.440709810273,
  "Time": 0.005935217303046879,
  "Entropy": 0.040855693575699216,
  "Margin": 0.031223757260754003,
  "0 Fraction": 0.01118579770568465,
  "1 Fraction": 0.023122888417107412,
  "2 Fraction": 0.017486741629374525,
  "3 Fraction": 0.017486741629374525,
  "4 Fraction": 0.03528621809573817,
  "5 Fraction": 0.009407495764681481,
  "6 Fraction": 0.014170591521263324,
  "7 Fraction": 0.013621559198564604,
  "8 Fraction": 0.04392403999022062,
  "9 Fraction": 0.028853414550967793,
  "FID": 0.49522477567471146,
  "Time/Step": 0.002175908665810152
}