{
  "Step": 0.6708203932499369,
  "Reconstruction Loss": 12756.813372826999,
  "KL Loss": 323.5966550227713,
  "Uniformity Loss": 0.10134522257099544,
  "Orthogonality Loss": 0.05780444774718891,
  "Total Loss": 13025.364193810856,
  "Time": 0.02049872473830196,
  "Entropy": 0.049250230583332825,
  "Margin": 0.02766103750799693,
  "0 Fraction": 0.02183310720700331,
  "1 Fraction": 0.006810779599282303,
  "2 Fraction": 0.015934435979977454,
  "3 Fraction": 0.03698375118295195,
  "4 Fraction": 0.018553659510996745,
  "5 Fraction": 0.012203515118604149,
  "6 Fraction": 0.025958199571618983,
  "7 Fraction": 0.022439697838039174,
  "8 Fraction": 0.03782412011534439,
  "9 Fraction": 0.018171411483770324,
  "FID": 0.4496686876413765,
  "Time/Step": 0.006651920061631722
}