{
  "Step": 376.4,
  "Reconstruction Loss": 29119.5248046875,
  "KL Loss": 15933.2478515625,
  "Uniformity Loss": 0.37131311297416686,
  "Orthogonality Loss": 0.8027835667133332,
  "Total Loss": 45424.08576922417,
  "Time": 6.048535737991308,
  "Entropy": 0.06624014042317865,
  "Margin": 0.04019150957465165,
  "0 Fraction": 0.9765625,
  "1 Fraction": 0.0234375,
  "FID": 174.8083267211914,
  "Time/Step": 0.016069436073303158,
  "Original FID": 166.19171142578125
}