{
  "Step": 115.47138173590892,
  "Reconstruction Loss": 674.9307361730787,
  "KL Loss": 245.657045734739,
  "Uniformity Loss": 0.1129194588994609,
  "Orthogonality Loss": 0.16541139962159696,
  "Total Loss": 863.6352426088846,
  "Time": 1.8625741142337586,
  "Entropy": 0.027038115699461112,
  "Margin": 0.017506688721422903,
  "0 Fraction": 0.0,
  "1 Fraction": 0.0,
  "FID": 1.9028309923424405,
  "Time/Step": 7.689840352123728e-05
}