{
  "Step": 271.4,
  "Reconstruction Loss": 28960.44296875,
  "KL Loss": 16030.70126953125,
  "Uniformity Loss": 0.4507850676774979,
  "Orthogonality Loss": 0.7278087079524994,
  "Total Loss": 45441.92930595875,
  "Time": 4.345288252830492,
  "Entropy": 0.07727070823311802,
  "Margin": 0.04788352400064464,
  "0 Fraction": 0.984375,
  "1 Fraction": 0.015625,
  "FID": 174.8083267211914,
  "Time/Step": 0.01601064205169673,
  "Original FID": 166.19171142578125
}