{
  "Step": 134.05909144851012,
  "Reconstruction Loss": 318.14745002724663,
  "KL Loss": 240.5398922253389,
  "Uniformity Loss": 0.08345890170241639,
  "Orthogonality Loss": 0.19462329199059133,
  "Total Loss": 441.03138474262613,
  "Time": 2.155128113037734,
  "Entropy": 0.022455411462329242,
  "Margin": 0.013279487295377281,
  "0 Fraction": 0.0,
  "1 Fraction": 0.0,
  "FID": 1.9028309923424405,
  "Time/Step": 0.00015360609654691888
}