expr-id,FID
0,176.68756103515625
1,179.18209838867188
2,174.30548095703125
3,175.499267578125
4,171.37962341308594
5,175.32369995117188
6,180.78695678710938
7,181.60870361328125
8,177.74118041992188
9,174.84268188476562
