expr-id,FID
0,172.67236328125
1,175.87646484375
2,175.3881378173828
3,176.8776397705078
4,174.5315704345703
5,183.71185302734375
6,184.74761962890625
7,177.66998291015625
8,177.03765869140625
9,174.73806762695312
