{
  "Step": 1.6,
  "Reconstruction Loss": 22882.9416015625,
  "KL Loss": 11098.12685546875,
  "Uniformity Loss": 2.4977043598890303,
  "Orthogonality Loss": 53.28985974192619,
  "Total Loss": 87270.92819895744,
  "Time": 0.33462398529052734,
  "Entropy": 0.1100338257849216,
  "Margin": 0.06904588788747781,
  "0 Fraction": 0.853125,
  "1 Fraction": 0.146875,
  "FID": 177.32513580322265,
  "Time/Step": 0.20913999080657958,
  "Original FID": 166.27484130859375
}