{
  "Step": 2.8,
  "Reconstruction Loss": 56311.9439453125,
  "KL Loss": 15296.820166015625,
  "Uniformity Loss": 0.07142043802887196,
  "Orthogonality Loss": 12.504806125164032,
  "Total Loss": 84113.57023649216,
  "Time": 0.2827680292404474,
  "Entropy": 0.02067288113757963,
  "Margin": 0.01564492890611285,
  "0 Fraction": 0.996875,
  "1 Fraction": 0.003125,
  "FID": 177.10313568115234,
  "Time/Step": 0.10098858187158836,
  "Original FID": 166.23388671875
}