{
  "Step": 0.39999999999999997,
  "Reconstruction Loss": 20154.582086067327,
  "KL Loss": 3748.9525355224696,
  "Uniformity Loss": 0.03621937497143525,
  "Orthogonality Loss": 27.31144405993506,
  "Total Loss": 19091.04850559561,
  "Time": 0.18636533656408855,
  "Entropy": 0.011859195470589792,
  "Margin": 0.009192662753071786,
  "0 Fraction": 0.0038273277230987156,
  "1 Fraction": 0.003827327723098716,
  "FID": 4.745016919835695,
  "Time/Step": 0.06248546566817229
}