{
  "Step": 0.48989794855663565,
  "Reconstruction Loss": 2784.3484443844545,
  "KL Loss": 3807.0935970890046,
  "Uniformity Loss": 2.1047842697203727,
  "Orthogonality Loss": 52.50142866626322,
  "Total Loss": 47295.73569971696,
  "Time": 0.01630928032404433,
  "Entropy": 0.05928131064472298,
  "Margin": 0.03273606644806167,
  "0 Fraction": 0.12348940759863779,
  "1 Fraction": 0.12348940759863779,
  "FID": 2.9808818650297804,
  "Time/Step": 0.006725451785044948
}