{
  "Step": 1.6,
  "Reconstruction Loss": 24213.5193359375,
  "KL Loss": 11041.29580078125,
  "Uniformity Loss": 2.324740597605705,
  "Orthogonality Loss": 57.49926055669785,
  "Total Loss": 92754.0756934166,
  "Time": 0.03855300903320302,
  "Entropy": 0.10815106071531769,
  "Margin": 0.06487887501716609,
  "0 Fraction": 0.86328125,
  "1 Fraction": 0.13671875,
  "FID": 176.73572540283203,
  "Time/Step": 0.02409563064575189,
  "Original FID": 166.15264892578125
}