{
  "Step": 0.48989794855663565,
  "Reconstruction Loss": 4077.133653202279,
  "KL Loss": 3730.4771292526507,
  "Uniformity Loss": 2.366867068748016,
  "Orthogonality Loss": 63.496387927797464,
  "Total Loss": 59702.81258174753,
  "Time": 0.9377553102944672,
  "Entropy": 0.07189053384272806,
  "Margin": 0.044836200376207815,
  "0 Fraction": 0.13767744232444182,
  "1 Fraction": 0.1376774423244418,
  "FID": 3.718616254260241,
  "Time/Step": 0.5570610166003791
}