{
  "Step": 143.7,
  "Reconstruction Loss": 20841.723046875,
  "KL Loss": 749.5875061035156,
  "Uniformity Loss": 0.3997056931257248,
  "Orthogonality Loss": 0.06783585549565029,
  "Total Loss": 21591.310552978517,
  "Time": 1.0141969943046478,
  "Entropy": 0.4092263251543045,
  "Margin": 0.39195733666419985,
  "0 Fraction": 0.1078125,
  "1 Fraction": 0.015625,
  "2 Fraction": 0.065625,
  "3 Fraction": 0.146875,
  "4 Fraction": 0.12265625,
  "5 Fraction": 0.0125,
  "6 Fraction": 0.12734375,
  "7 Fraction": 0.059375,
  "8 Fraction": 0.20234375,
  "9 Fraction": 0.13984375,
  "FID": 23.036873054504394,
  "Time/Step": 0.00705773830413812,
  "Original FID": 20.673234939575195
}