{
  "Step": 123.69902990727131,
  "Reconstruction Loss": 415.06802958569415,
  "KL Loss": 7.025296781402047,
  "Uniformity Loss": 0.0761080920393283,
  "Orthogonality Loss": 0.03324078549065165,
  "Total Loss": 415.5346884251168,
  "Time": 0.9445430816429295,
  "Entropy": 0.02593591284165426,
  "Margin": 0.02450141397084568,
  "0 Fraction": 0.02348952559120767,
  "1 Fraction": 0.00703125,
  "2 Fraction": 0.022857404434887176,
  "3 Fraction": 0.025012204052472065,
  "4 Fraction": 0.03617449032121946,
  "5 Fraction": 0.008734640537108554,
  "6 Fraction": 0.028980057798424073,
  "7 Fraction": 0.018831204364365545,
  "8 Fraction": 0.031210913055372155,
  "9 Fraction": 0.035937500000000004,
  "FID": 0.23388943571590207,
  "Time/Step": 0.0007014080358703429
}