{
  "Step": 128.20300308495118,
  "Reconstruction Loss": 671.8691821285856,
  "KL Loss": 14.96391068808174,
  "Uniformity Loss": 0.05729683228522371,
  "Orthogonality Loss": 0.062464801990963055,
  "Total Loss": 672.1523404854308,
  "Time": 0.9055666045832442,
  "Entropy": 0.02191472027372721,
  "Margin": 0.030150337434024937,
  "0 Fraction": 0.019390115071860715,
  "1 Fraction": 0.0,
  "2 Fraction": 0.02102128757355267,
  "3 Fraction": 0.025146057717861065,
  "4 Fraction": 0.02496335204479759,
  "5 Fraction": 0.009375,
  "6 Fraction": 0.030866791039278765,
  "7 Fraction": 0.016086922095292187,
  "8 Fraction": 0.028694324487823372,
  "9 Fraction": 0.03431279883749648,
  "FID": 0.23388943571590207,
  "Time/Step": 0.000190494357409169
}