{
  "Step": 429.5,
  "Reconstruction Loss": 20431.7845703125,
  "KL Loss": 751.8876647949219,
  "Uniformity Loss": 0.3791278779506683,
  "Orthogonality Loss": 0.032351191615452954,
  "Total Loss": 21183.67223510742,
  "Time": 3.093670916557292,
  "Entropy": 0.40297030210494994,
  "Margin": 0.38769625425338744,
  "0 Fraction": 0.10625,
  "1 Fraction": 0.02578125,
  "2 Fraction": 0.06875,
  "3 Fraction": 0.14453125,
  "4 Fraction": 0.128125,
  "5 Fraction": 0.01171875,
  "6 Fraction": 0.134375,
  "7 Fraction": 0.06015625,
  "8 Fraction": 0.19375,
  "9 Fraction": 0.1265625,
  "FID": 23.036873054504394,
  "Time/Step": 0.0072029590606689,
  "Original FID": 20.673234939575195
}