expr-id,FID
0,167.3003387451172
1,167.15773010253906
2,169.94515991210938
3,168.01181030273438
4,167.60556030273438
5,170.6264190673828
6,174.25640869140625
7,166.07139587402344
8,171.69171142578125
9,171.66311645507812
