{
  "Step": 1.9,
  "Reconstruction Loss": 47516.9740234375,
  "KL Loss": 14174.79921875,
  "Uniformity Loss": 0.6090451955795289,
  "Orthogonality Loss": 48.53616191744804,
  "Total Loss": 110227.93515963554,
  "Time": 0.052855265140533354,
  "Entropy": 0.03910026596859092,
  "Margin": 0.028437137510627476,
  "0 Fraction": 0.95859375,
  "1 Fraction": 0.04140625,
  "FID": NaN,
  "Time/Step": 0.027818560600280713,
  "Original FID": 165.84237670898438
}