{
  "Step": 1.5,
  "Reconstruction Loss": 25233.293359375,
  "KL Loss": 12338.52919921875,
  "Uniformity Loss": 2.6564012497663496,
  "Orthogonality Loss": 60.10056060552597,
  "Total Loss": 97672.38316411972,
  "Time": 0.04057352542877189,
  "Entropy": 0.11861184462904925,
  "Margin": 0.0768877055495977,
  "0 Fraction": 0.8390625,
  "1 Fraction": 0.1609375,
  "FID": 169.43296508789064,
  "Time/Step": 0.027049016952514597,
  "Original FID": 165.47677612304688
}