{
  "Step": 0.5,
  "Reconstruction Loss": 4628.237298645335,
  "KL Loss": 4082.8841607610157,
  "Uniformity Loss": 2.1983629041098838,
  "Orthogonality Loss": 71.98990381736616,
  "Total Loss": 65272.151461173555,
  "Time": 0.018422391090685993,
  "Entropy": 0.06826145817368821,
  "Margin": 0.04371726675557194,
  "0 Fraction": 0.1336006028944106,
  "1 Fraction": 0.1336006028944106,
  "FID": 2.478140843115735,
  "Time/Step": 0.00791131250738665
}