{
  "Step": 0.8306623862918074,
  "Reconstruction Loss": 27917.85723733617,
  "KL Loss": 4086.5896946069024,
  "Uniformity Loss": 0.3253321238556966,
  "Orthogonality Loss": 78.30485609138785,
  "Total Loss": 68462.45563403472,
  "Time": 0.02640940968020271,
  "Entropy": 0.02915401644752564,
  "Margin": 0.02019933007002127,
  "0 Fraction": 0.017486741629374525,
  "1 Fraction": 0.017486741629374525,
  "FID": NaN,
  "Time/Step": 0.006166017581111103
}